Customer_ID,Gender,City,City_Tier,Annual_Income,Annual_Spending,Purchase_Frequency
1,Male,Chennai,1,2147699.91,1008555.97,33
2,Male,Jaipur,2,510841.96,113467.46,27
3,Male,Ahmedabad,2,1452724.49,269564.38,31
4,Male,Chennai,1,1393385.31,425012.27,29
5,Female,Nagpur,2,984686.8,292082.87,9
6,Male,Delhi,1,2371511.56,692121.28,19
7,Male,Bengaluru,1,1164383.15,450407.85,20
8,Male,Ahmedabad,2,679683.76,216712.61,29
9,Male,Surat,2,709466.05,244082.65,25
10,Female,Surat,2,689911.15,142377.98,32
11,Female,Ahmedabad,2,689402.69,146808.53,39
12,Female,Nagpur,2,713222.92,303488.13,24
13,Male,Mumbai,1,2375781.44,816112.58,22
14,Female,Patna,3,1050096.35,170658.01,25
15,Male,Jaipur,2,1158463.3,236202.53,26
16,Female,Kolkata,1,1093640.26,362437.53,19
17,Male,Chennai,1,1477552.86,493916.89,45
18,Male,Indore,2,504306.69,200004.6,26
19,Female,Bhopal,2,663077.3,120342.54,29
20,Female,Ranchi,3,654782.1,188362.25,23
21,Female,Delhi,1,1212547.73,617103.16,31
22,Male,Surat,2,372146.35,73372.66,33
23,Male,Indore,2,512782.76,193315.85,15
24,Female,Surat,2,1192178.4,366592.51,27
25,Female,Ranchi,3,615094.48,181440.91,14
26,Male,Nagpur,2,1423401.99,445987.16,27
27,Male,Bengaluru,1,150000.0,38643.86,43
28,Female,Ahmedabad,2,403437.34,128016.35,33
29,Male,Bengaluru,1,1646229.68,614232.78,38
30,Female,Chennai,1,1247519.17,340689.97,42
31,Female,Jaipur,2,617027.24,265950.07,20
32,Male,Bhopal,2,1075506.92,446651.96,34
33,Female,Bhopal,2,714583.93,300833.35,29
34,Female,Kolkata,1,2760303.49,1432121.06,36
35,Male,Bengaluru,1,1308562.83,416620.95,31
36,Male,Surat,2,1345806.77,555007.02,22
37,Female,Pune,1,1803579.42,676745.02,32
38,Female,Indore,2,761569.24,206504.14,22
39,Male,Surat,2,843550.0,269997.97,28
40,Male,Chandigarh,2,569930.12,252126.35,36
41,Male,Ahmedabad,2,228430.07,58685.27,24
42,Female,Chandigarh,2,935821.69,295460.75,21
43,Male,Jaipur,2,832673.66,182456.8,27
44,Female,Kolkata,1,2037874.67,657452.16,34
45,Female,Kolkata,1,2599975.97,835349.56,42
46,Female,Indore,2,619360.25,217223.62,36
47,Female,Hyderabad,1,2210799.97,612583.78,56
48,Male,Hyderabad,1,1454597.26,445042.11,44
49,Female,Surat,2,934877.98,339306.84,20
50,Female,Nagpur,2,903200.52,217810.29,22
51,Female,Nagpur,2,528193.7,193611.09,28
52,Male,Bhopal,2,1117191.88,242576.6,23
53,Female,Hyderabad,1,1251722.7,660168.67,31
54,Male,Bengaluru,1,1550278.48,694517.34,40
55,Male,Chennai,1,1959221.95,801116.4,48
56,Female,Pune,1,1572856.33,816571.53,32
57,Male,Ranchi,3,596778.9,118148.41,22
58,Female,Indore,2,1354788.88,572018.65,18
59,Female,Ranchi,3,595088.71,159285.78,20
60,Female,Kanpur,3,590731.89,72137.41,23
61,Male,Surat,2,1002575.37,181833.71,19
62,Female,Chennai,1,1922383.11,879622.07,22
63,Male,Chandigarh,2,483043.78,179831.59,30
64,Female,Lucknow,2,637087.2,243082.33,15
65,Female,Pune,1,2474363.29,1106742.78,39
66,Female,Mumbai,1,1192651.24,429729.82,36
67,Male,Kanpur,3,389887.4,134040.34,13
68,Male,Kanpur,3,708161.24,187777.37,16
69,Male,Lucknow,2,904550.66,303715.59,36
70,Female,Hyderabad,1,815516.31,380630.52,34
71,Male,Pune,1,1050375.25,558944.14,39
72,Female,Ranchi,3,527656.17,180632.86,22
73,Male,Dehradun,2,603622.2,247368.54,12
74,Female,Chennai,1,1151767.37,480333.5,29
75,Male,Lucknow,2,960613.32,320764.65,28
76,Male,Delhi,1,1961667.61,1073063.87,26
77,Male,Nagpur,2,920373.05,383694.99,15
78,Female,Bengaluru,1,2410713.01,1110724.51,45
79,Male,Bengaluru,1,835631.44,411806.15,25
80,Female,Hyderabad,1,2013114.38,1054815.9,37
81,Male,Surat,2,1080266.69,427288.36,55
82,Female,Jaipur,2,1365808.46,539308.62,32
83,Male,Kolkata,1,1579311.53,572776.63,42
84,Female,Lucknow,2,957757.98,181690.92,18
85,Female,Bhopal,2,1710130.5,440129.68,10
86,Female,Kanpur,3,475384.28,61129.7,18
87,Male,Chennai,1,1469647.69,423432.18,45
88,Male,Ahmedabad,2,1446133.05,344572.55,26
89,Male,Chandigarh,2,644371.68,124978.51,26
90,Male,Nagpur,2,1736162.59,611313.39,39
91,Male,Nagpur,2,191200.09,75466.73,26
92,Male,Mumbai,1,1488850.88,407255.68,18
93,Male,Delhi,1,2153491.1,802575.73,43
94,Male,Bengaluru,1,1566027.04,509072.9,31
95,Male,Chandigarh,2,1517908.98,543795.89,28
96,Male,Kanpur,3,617913.33,161087.39,27
97,Female,Jaipur,2,368220.51,101670.33,21
98,Male,Kolkata,1,1633825.63,456409.6,53
99,Female,Nagpur,2,150000.0,34014.68,16
100,Female,Ahmedabad,2,201763.45,69866.55,14
101,Male,Patna,3,470791.99,97058.9,18
102,Male,Chennai,1,1840956.23,933267.15,58
103,Female,Patna,3,373328.44,50858.84,20
104,Female,Patna,3,513557.65,130817.71,18
105,Male,Jabalpur,3,570433.12,119379.72,21
106,Male,Chennai,1,1369406.43,566502.95,56
107,Female,Indore,2,846875.22,372219.83,29
108,Male,Chennai,1,1459497.06,504537.46,37
109,Male,Kolkata,1,1387444.67,396045.32,43
110,Female,Surat,2,1233203.88,514144.21,36
111,Female,Hyderabad,1,2369003.48,792693.14,41
112,Female,Pune,1,2186215.91,1075728.46,27
113,Male,Jabalpur,3,546237.71,112286.9,18
114,Female,Bengaluru,1,1331558.09,704696.76,46
115,Male,Surat,2,823811.58,315301.68,33
116,Male,Delhi,1,1514459.25,788678.69,37
117,Male,Bengaluru,1,2713835.17,939027.35,35
118,Female,Pune,1,1632542.64,413443.54,43
119,Female,Dehradun,2,1013458.22,442540.65,23
120,Female,Kolkata,1,3138622.35,1206905.93,45
121,Male,Delhi,1,1095787.83,495028.22,22
122,Male,Indore,2,1169737.42,459937.13,30
123,Female,Indore,2,895713.63,175148.62,17
124,Female,Jabalpur,3,173796.81,56340.05,28
125,Female,Patna,3,401410.5,61370.88,16
126,Male,Hyderabad,1,2229688.94,625063.87,48
127,Male,Lucknow,2,985738.3,196798.72,20
128,Male,Delhi,1,2191376.44,601323.85,43
129,Male,Chandigarh,2,393170.48,157054.26,13
130,Female,Delhi,1,1335040.79,367203.26,48
131,Male,Kanpur,3,605963.36,131840.09,26
132,Male,Delhi,1,1588373.03,620415.63,34
133,Male,Pune,1,2025902.99,959900.11,26
134,Male,Ranchi,3,638683.57,131709.47,18
135,Female,Ahmedabad,2,1141550.4,274395.47,21
136,Male,Chennai,1,1848756.87,1012914.36,44
137,Male,Nagpur,2,934186.63,412641.15,18
138,Male,Ranchi,3,959637.03,268719.67,20
139,Female,Patna,3,937572.84,238511.3,13
140,Male,Jaipur,2,861173.82,299202.62,32
141,Male,Chandigarh,2,606097.36,184980.05,20
142,Female,Jaipur,2,1261410.14,253528.75,10
143,Female,Hyderabad,1,2039229.18,699166.62,53
144,Female,Jabalpur,3,652842.55,102758.66,23
145,Male,Bengaluru,1,875836.76,464034.56,53
146,Male,Jabalpur,3,536750.0,164474.84,16
147,Male,Bengaluru,1,600805.83,325020.52,48
148,Female,Kanpur,3,599614.33,136591.8,19
149,Female,Hyderabad,1,683900.64,182541.73,29
150,Male,Bengaluru,1,1981572.52,1089697.05,38
151,Female,Bhopal,2,901835.29,349575.35,25
152,Female,Pune,1,1580883.4,456476.64,19
153,Female,Surat,2,942103.47,227738.02,29
154,Male,Ranchi,3,740880.43,149937.47,27
155,Female,Surat,2,1016309.9,325710.13,19
156,Male,Chennai,1,1880403.03,950834.16,50
157,Male,Jaipur,2,1621261.77,675574.06,39
158,Male,Chennai,1,1085731.73,280808.01,32
159,Female,Jaipur,2,1125881.58,416690.5,35
160,Male,Ranchi,3,471942.94,58211.93,15
161,Male,Chandigarh,2,1270448.57,363228.73,10
162,Female,Jaipur,2,1210122.25,331608.56,23
163,Male,Jaipur,2,1425824.97,409306.66,25
164,Female,Bengaluru,1,2487083.16,1330231.82,38
165,Male,Jaipur,2,303816.15,92349.98,24
166,Female,Mumbai,1,1795660.6,626013.04,39
167,Female,Hyderabad,1,886871.35,241902.14,41
168,Female,Pune,1,1029123.67,364001.23,39
169,Female,Surat,2,878062.32,316313.69,32
170,Male,Surat,2,743660.79,142064.89,21
171,Male,Chennai,1,1428819.67,433079.74,27
172,Male,Hyderabad,1,796137.79,286037.15,33
173,Male,Bhopal,2,1587653.8,302629.48,25
174,Male,Patna,3,642626.02,89199.43,25
175,Female,Delhi,1,1721370.37,846673.89,32
176,Male,Bhopal,2,642255.74,151909.1,29
177,Male,Bhopal,2,803731.91,278837.74,6
178,Male,Ahmedabad,2,680716.54,259909.25,7
179,Female,Bhopal,2,1101794.94,350539.27,27
180,Male,Ranchi,3,374991.66,83587.46,18
181,Male,Ahmedabad,2,337743.79,85346.39,26
182,Female,Pune,1,1669166.41,578572.72,34
183,Male,Mumbai,1,1347398.98,385259.96,24
184,Female,Chandigarh,2,976377.96,354774.38,32
185,Female,Ahmedabad,2,897209.58,182553.87,36
186,Male,Pune,1,3462030.58,1639727.92,45
187,Male,Indore,2,536963.85,137795.39,23
188,Male,Dehradun,2,1388506.18,463914.0,14
189,Female,Kolkata,1,821002.7,230319.78,40
190,Female,Bhopal,2,739661.53,165228.53,19
191,Male,Ahmedabad,2,692662.13,157103.3,18
192,Male,Mumbai,1,150000.0,81707.04,41
193,Female,Indore,2,816368.18,360636.37,17
194,Male,Jaipur,2,983063.53,245405.85,27
195,Female,Jaipur,2,1075321.02,463389.72,17
196,Female,Kanpur,3,917797.69,169237.48,27
197,Female,Surat,2,668081.68,178640.63,29
198,Male,Mumbai,1,1995830.14,644100.13,7
199,Male,Jaipur,2,990902.88,255583.83,17
200,Female,Nagpur,2,501300.39,155356.91,27
201,Male,Delhi,1,1343714.72,471618.72,35
202,Female,Ranchi,3,441645.64,122223.5,22
203,Female,Bhopal,2,1085431.46,333580.84,36
204,Male,Patna,3,231356.23,77224.79,11
205,Male,Indore,2,1029901.06,446309.61,20
206,Male,Jaipur,2,1070815.43,436136.45,37
207,Male,Patna,3,610768.48,101616.17,15
208,Male,Kanpur,3,492673.87,151424.39,16
209,Female,Bhopal,2,1001421.2,277277.74,41
210,Female,Bengaluru,1,1610857.68,797342.06,44
211,Female,Ranchi,3,183137.58,41465.34,11
212,Female,Chennai,1,2536115.13,1016515.82,26
213,Female,Kanpur,3,608846.93,126819.76,16
214,Female,Patna,3,710633.95,187305.16,18
215,Female,Indore,2,382494.81,83232.19,34
216,Male,Surat,2,1078282.34,349400.67,34
217,Female,Kolkata,1,1927306.38,569523.78,37
218,Male,Indore,2,518013.35,197293.41,18
219,Female,Ranchi,3,562881.92,166255.9,15
220,Male,Indore,2,778365.64,312700.2,31
221,Female,Lucknow,2,805543.77,318407.08,17
222,Female,Kolkata,1,1500814.44,700393.74,29
223,Female,Nagpur,2,1204362.07,442441.77,35
224,Female,Jabalpur,3,256200.75,51114.63,19
225,Male,Jabalpur,3,229830.36,52001.72,26
226,Female,Kanpur,3,582495.55,151818.42,33
227,Male,Pune,1,1876576.36,861339.63,42
228,Female,Lucknow,2,975901.36,215855.27,28
229,Male,Bengaluru,1,3117417.15,1176011.96,48
230,Male,Lucknow,2,964359.17,414581.38,25
231,Male,Kolkata,1,1107276.63,603966.65,33
232,Male,Mumbai,1,3577083.77,1322450.77,40
233,Female,Ahmedabad,2,844697.24,335150.89,21
234,Male,Ranchi,3,703404.37,233225.53,4
235,Female,Jabalpur,3,317807.04,92044.96,10
236,Male,Nagpur,2,374032.24,113017.08,22
237,Female,Indore,2,813989.93,256048.1,22
238,Male,Indore,2,1181553.69,328290.38,23
239,Male,Hyderabad,1,3094269.27,785722.65,46
240,Female,Chennai,1,1087965.48,585674.77,40
241,Male,Ahmedabad,2,805888.96,163631.25,16
242,Female,Kanpur,3,550125.84,141348.54,18
243,Male,Delhi,1,1809750.5,566400.65,34
244,Female,Chennai,1,1719609.19,528274.8,36
245,Female,Hyderabad,1,1777072.71,745397.31,29
246,Female,Kanpur,3,799944.81,177088.13,2
247,Female,Jabalpur,3,774295.33,120561.85,5
248,Female,Surat,2,1001444.79,436080.31,22
249,Female,Pune,1,814741.81,361093.46,27
250,Female,Jabalpur,3,484859.63,75596.94,17
251,Female,Ahmedabad,2,1227487.44,229927.94,35
252,Female,Kanpur,3,423195.38,116182.08,13
253,Female,Ahmedabad,2,716417.91,255217.75,28
254,Male,Jabalpur,3,486877.32,85656.13,16
255,Male,Lucknow,2,1148835.99,464312.82,28
256,Female,Jaipur,2,1476239.03,347426.6,16
257,Male,Chandigarh,2,1107585.44,203253.58,22
258,Male,Hyderabad,1,631154.58,326812.8,52
259,Female,Ahmedabad,2,717046.94,179293.52,33
260,Male,Hyderabad,1,2721036.56,899082.43,17
261,Female,Bengaluru,1,903699.45,375590.28,52
262,Female,Patna,3,234375.51,79252.73,14
263,Female,Surat,2,709278.32,293986.18,28
264,Male,Patna,3,724928.08,220354.0,17
265,Female,Kolkata,1,1545471.45,510937.82,34
266,Male,Indore,2,1654333.84,412970.82,30
267,Female,Nagpur,2,959802.9,427869.18,23
268,Male,Dehradun,2,449043.42,113842.83,25
269,Female,Bhopal,2,968545.84,246005.71,17
270,Female,Indore,2,1601950.92,647236.69,30
271,Male,Surat,2,989610.41,338584.86,32
272,Male,Dehradun,2,548684.74,234228.7,29
273,Female,Jaipur,2,255694.02,81849.65,14
274,Male,Dehradun,2,778195.42,266805.13,26
275,Female,Indore,2,685968.77,176943.8,13
276,Male,Indore,2,1369459.17,356364.59,17
277,Male,Jabalpur,3,379108.2,103361.72,33
278,Male,Ranchi,3,567157.75,96097.1,19
279,Male,Indore,2,698526.76,219350.6,25
280,Female,Bengaluru,1,617309.94,297095.01,44
281,Female,Hyderabad,1,1775508.06,810556.22,52
282,Male,Pune,1,709433.38,351687.9,30
283,Female,Jaipur,2,1121342.71,284237.04,32
284,Male,Chandigarh,2,282996.57,57937.08,34
285,Female,Jabalpur,3,536601.98,87241.06,21
286,Female,Chandigarh,2,1272599.04,480661.57,25
287,Female,Jaipur,2,1095926.66,402111.57,33
288,Male,Jaipur,2,741189.49,231358.4,30
289,Male,Dehradun,2,1050366.38,240276.92,26
290,Male,Surat,2,1186469.66,224439.02,26
291,Male,Bhopal,2,521630.21,224085.54,33
292,Male,Bengaluru,1,2590348.61,1303890.36,34
293,Male,Mumbai,1,2456798.66,641475.76,29
294,Male,Kolkata,1,816388.05,233625.82,40
295,Male,Ranchi,3,589984.08,116917.88,15
296,Male,Ahmedabad,2,808640.46,214393.54,26
297,Male,Dehradun,2,1406442.26,374202.49,26
298,Male,Nagpur,2,1203717.76,416827.07,27
299,Female,Jabalpur,3,564811.12,189768.39,24
300,Male,Bhopal,2,1328109.83,383188.04,19
301,Male,Ranchi,3,963801.66,309328.03,15
302,Female,Pune,1,622725.77,293474.89,17
303,Male,Chennai,1,1505869.23,536671.69,32
304,Female,Lucknow,2,547859.44,133170.44,16
305,Male,Indore,2,887860.29,251946.51,26
306,Male,Bengaluru,1,1050595.34,562056.27,41
307,Female,Chennai,1,2489025.68,1327695.1,32
308,Male,Ranchi,3,965750.1,152992.01,14
309,Male,Nagpur,2,958258.27,329726.07,28
310,Female,Bhopal,2,350513.88,79798.89,25
311,Male,Bhopal,2,681900.82,266273.96,20
312,Female,Kanpur,3,460725.57,157979.85,16
313,Female,Mumbai,1,2794352.97,1282066.43,29
314,Male,Dehradun,2,1020266.51,245475.06,21
315,Female,Patna,3,586526.14,150371.33,8
316,Male,Jabalpur,3,398780.19,128333.84,18
317,Male,Patna,3,439698.04,142643.35,15
318,Female,Kanpur,3,647829.84,159817.8,24
319,Female,Ranchi,3,518149.5,106592.86,13
320,Female,Jabalpur,3,709138.15,165974.79,12
321,Female,Nagpur,2,718836.05,294597.61,26
322,Male,Chandigarh,2,150000.0,50992.52,18
323,Female,Bengaluru,1,1457392.39,660788.77,45
324,Male,Jabalpur,3,254908.67,82102.23,20
325,Female,Jabalpur,3,656317.87,207156.1,24
326,Male,Chandigarh,2,1041966.16,423031.59,30
327,Female,Dehradun,2,1273336.14,441879.57,34
328,Female,Pune,1,1345566.07,691972.46,39
329,Female,Kolkata,1,1683017.34,589957.59,36
330,Female,Jaipur,2,658660.89,264024.94,28
331,Female,Jaipur,2,910060.69,165380.04,35
332,Male,Surat,2,1186213.44,527770.4,13
333,Male,Kanpur,3,305225.89,81135.55,22
334,Male,Bengaluru,1,2846593.62,803007.53,37
335,Female,Patna,3,594889.06,203147.57,27
336,Male,Surat,2,1323143.68,571131.78,13
337,Female,Dehradun,2,743748.23,194311.78,26
338,Male,Jabalpur,3,484667.69,123056.74,19
339,Female,Bengaluru,1,2636532.64,695313.27,19
340,Female,Ahmedabad,2,1028485.79,191955.01,20
341,Female,Ahmedabad,2,1447933.41,527756.89,24
342,Female,Nagpur,2,304652.26,136856.99,21
343,Female,Dehradun,2,393195.13,88145.87,7
344,Female,Patna,3,666754.54,113866.35,23
345,Female,Bhopal,2,985330.25,351485.06,20
346,Female,Jaipur,2,822155.53,357453.74,15
347,Male,Jaipur,2,1546322.95,444336.65,16
348,Male,Chennai,1,2428521.98,774665.44,32
349,Male,Chandigarh,2,461961.2,190964.01,36
350,Male,Surat,2,1076925.63,247791.85,24
351,Male,Kolkata,1,2039907.74,981759.77,39
352,Female,Dehradun,2,1060975.16,370364.66,29
353,Female,Nagpur,2,968782.41,382732.09,30
354,Male,Chennai,1,1078497.75,310128.22,34
355,Male,Lucknow,2,663262.69,155297.44,39
356,Male,Bhopal,2,640708.66,216003.57,24
357,Male,Lucknow,2,1194225.24,315033.91,19
358,Male,Surat,2,803085.41,160264.25,24
359,Male,Jaipur,2,741692.79,253663.05,5
360,Female,Delhi,1,2516465.07,1278456.66,24
361,Female,Hyderabad,1,1123116.7,362332.61,34
362,Male,Chennai,1,3481418.4,1604026.94,34
363,Female,Nagpur,2,822662.54,220592.48,25
364,Female,Dehradun,2,593288.47,162958.11,25
365,Female,Jabalpur,3,369708.4,92624.67,16
366,Male,Pune,1,2492217.92,772699.89,41
367,Female,Jaipur,2,1389774.4,262011.75,32
368,Male,Chennai,1,3068386.09,1568837.39,38
369,Female,Indore,2,1213317.63,329599.62,30
370,Male,Bengaluru,1,1880173.36,931041.79,44
371,Male,Hyderabad,1,3252682.61,1326836.89,28
372,Female,Nagpur,2,770667.43,151278.21,26
373,Male,Bengaluru,1,1344007.4,687506.92,30
374,Female,Chennai,1,1077896.63,524838.17,29
375,Male,Ranchi,3,545616.17,135167.47,30
376,Female,Kanpur,3,382021.59,133385.44,22
377,Female,Jabalpur,3,556840.63,92376.94,18
378,Female,Lucknow,2,724210.5,136351.58,26
379,Male,Lucknow,2,809918.21,335657.3,11
380,Male,Ranchi,3,717918.24,156408.16,23
381,Male,Kolkata,1,941964.04,514590.12,20
382,Male,Jaipur,2,353367.6,132802.46,41
383,Male,Pune,1,2555076.58,1329177.82,34
384,Male,Pune,1,656933.4,280973.76,29
385,Male,Pune,1,2833578.24,1331594.49,48
386,Female,Patna,3,622292.59,204782.48,13
387,Female,Ranchi,3,450945.07,154863.95,13
388,Male,Lucknow,2,1013330.04,317086.19,22
389,Female,Ahmedabad,2,1090260.05,327331.41,22
390,Female,Lucknow,2,150000.0,51014.51,26
391,Male,Bengaluru,1,1546291.34,836271.0,23
392,Male,Jaipur,2,1182552.59,316689.14,15
393,Male,Patna,3,465813.78,159801.54,20
394,Male,Surat,2,355435.47,71031.69,22
395,Female,Hyderabad,1,1853775.32,650862.28,22
396,Male,Hyderabad,1,1618524.69,525396.23,47
397,Male,Delhi,1,2850531.85,855480.45,43
398,Female,Lucknow,2,1196477.65,368694.99,34
399,Male,Jabalpur,3,618748.38,157552.83,20
400,Female,Jabalpur,3,495404.48,72201.0,20
401,Female,Indore,2,874939.56,282969.25,24
402,Female,Kanpur,3,526435.12,176245.87,11
403,Male,Jabalpur,3,564154.33,73092.83,6
404,Male,Ranchi,3,575081.67,183808.3,20
405,Female,Patna,3,729641.82,169594.09,1
406,Female,Ranchi,3,393195.92,49894.17,20
407,Male,Mumbai,1,2575727.97,799907.87,24
408,Male,Ahmedabad,2,996799.2,298852.92,19
409,Male,Jaipur,2,833261.16,305814.35,26
410,Female,Pune,1,1778378.66,774224.57,55
411,Female,Kanpur,3,586197.83,74440.69,24
412,Male,Jaipur,2,969148.1,351469.91,28
413,Female,Nagpur,2,1123555.58,321722.71,15
414,Male,Dehradun,2,629930.09,225274.49,27
415,Female,Dehradun,2,877551.58,364274.67,27
416,Female,Patna,3,611308.0,177183.54,26
417,Male,Chandigarh,2,814545.18,218541.62,32
418,Female,Pune,1,2532844.09,1212435.84,40
419,Female,Patna,3,496438.57,152953.65,26
420,Female,Lucknow,2,942174.99,171056.43,16
421,Male,Surat,2,516303.72,148161.94,13
422,Male,Jabalpur,3,390670.57,87197.49,27
423,Female,Chandigarh,2,676363.39,163248.96,14
424,Male,Chandigarh,2,959392.83,345781.92,19
425,Male,Indore,2,659147.38,186236.92,43
426,Female,Surat,2,920699.74,284845.26,34
427,Male,Patna,3,299876.96,76000.71,8
428,Female,Kolkata,1,3430033.31,1644580.85,42
429,Female,Ranchi,3,657055.78,223248.14,23
430,Male,Jabalpur,3,504516.58,168113.98,20
431,Female,Kolkata,1,1272224.79,503497.63,32
432,Male,Surat,2,595299.58,156544.91,17
433,Female,Lucknow,2,962962.95,254273.33,36
434,Male,Dehradun,2,1430081.15,362680.71,31
435,Male,Mumbai,1,1112258.82,338510.19,32
436,Female,Pune,1,1121560.27,457090.78,40
437,Male,Surat,2,689521.32,229730.78,27
438,Female,Surat,2,1389095.15,456402.72,24
439,Male,Bengaluru,1,1887657.15,1010691.28,30
440,Female,Chennai,1,2644307.38,1362510.95,38
441,Male,Chennai,1,1308605.82,567011.44,28
442,Female,Dehradun,2,1302296.9,550879.72,22
443,Female,Kanpur,3,326104.62,97675.14,13
444,Female,Patna,3,694522.29,151030.68,14
445,Male,Dehradun,2,664278.28,231462.46,27
446,Male,Jabalpur,3,950085.21,150724.62,10
447,Male,Indore,2,1121821.91,267576.68,28
448,Male,Ranchi,3,770425.2,189324.6,27
449,Female,Bengaluru,1,1409755.75,603858.87,21
450,Female,Patna,3,606589.03,91826.14,17
451,Female,Kanpur,3,405338.58,88560.77,27
452,Female,Mumbai,1,2483468.77,1359393.18,46
453,Female,Lucknow,2,1099144.08,279208.29,38
454,Female,Hyderabad,1,1029454.5,366999.39,27
455,Female,Surat,2,911929.21,180794.88,18
456,Female,Bhopal,2,682363.59,222316.25,30
457,Female,Surat,2,1015808.08,329018.82,31
458,Female,Jabalpur,3,338931.41,92861.11,10
459,Male,Kolkata,1,2970800.67,1157310.11,39
460,Female,Nagpur,2,933751.8,409505.09,19
461,Female,Ahmedabad,2,1088564.6,254998.54,17
462,Female,Delhi,1,1159528.65,446547.56,35
463,Female,Dehradun,2,642564.52,231018.76,34
464,Male,Indore,2,713131.81,157710.76,13
465,Male,Dehradun,2,1324584.19,424739.38,26
466,Female,Hyderabad,1,1275574.53,607914.75,37
467,Female,Chennai,1,1893478.63,917595.7,33
468,Female,Chennai,1,1050583.96,376152.05,26
469,Male,Mumbai,1,514656.24,189956.76,40
470,Male,Patna,3,938033.77,223820.74,11
471,Female,Bengaluru,1,1795750.36,983438.02,43
472,Female,Jaipur,2,765305.34,330046.12,28
473,Female,Ranchi,3,564729.28,117205.81,17
474,Female,Bengaluru,1,2197908.7,750374.25,40
475,Female,Surat,2,838764.09,190274.99,18
476,Female,Chandigarh,2,537198.43,238201.71,35
477,Male,Surat,2,1280063.45,276214.22,28
478,Male,Ranchi,3,993677.97,294035.53,16
479,Female,Ahmedabad,2,903623.42,259917.35,14
480,Male,Ahmedabad,2,769900.48,152753.28,17
481,Male,Patna,3,560196.99,191665.29,21
482,Female,Chennai,1,538313.76,216317.38,28
483,Female,Pune,1,1142465.22,505252.84,33
484,Male,Mumbai,1,2178078.9,969376.51,22
485,Male,Chandigarh,2,825295.0,161513.72,36
486,Female,Lucknow,2,702722.84,149521.1,21
487,Female,Bhopal,2,685309.07,251428.63,22
488,Male,Hyderabad,1,1810980.7,994244.8,27
489,Female,Kanpur,3,628648.87,119718.84,25
490,Male,Nagpur,2,1074834.44,317121.85,43
491,Male,Pune,1,843184.91,303822.97,32
492,Female,Bengaluru,1,2645466.52,1243592.31,31
493,Male,Ranchi,3,446228.13,55517.13,2
494,Male,Dehradun,2,1202085.08,260876.05,18
495,Female,Ahmedabad,2,382380.95,70079.95,26
496,Female,Jaipur,2,552062.82,181048.48,24
497,Male,Jaipur,2,1318800.03,272308.86,23
498,Female,Jabalpur,3,335249.21,65264.8,17
499,Male,Surat,2,839468.88,236301.96,38
500,Female,Bengaluru,1,1187625.73,576598.19,12
501,Female,Bhopal,2,665824.54,243556.2,33
502,Female,Patna,3,262155.43,82159.63,15
503,Female,Jabalpur,3,938315.48,254894.72,14
504,Female,Kolkata,1,1993580.57,865572.96,42
505,Male,Dehradun,2,911201.45,200961.5,18
506,Female,Ahmedabad,2,931026.34,338578.44,38
507,Female,Nagpur,2,772137.46,153840.14,26
508,Female,Nagpur,2,619127.54,161013.16,35
509,Male,Lucknow,2,1320144.87,473364.43,19
510,Female,Indore,2,742006.62,153273.95,21
511,Male,Mumbai,1,2629992.91,866619.3,42
512,Female,Ranchi,3,659283.6,137029.54,25
513,Male,Lucknow,2,787062.06,272365.58,22
514,Female,Ranchi,3,665503.74,161031.6,25
515,Male,Ahmedabad,2,674768.62,299996.72,32
516,Female,Ranchi,3,812011.36,237153.46,28
517,Male,Hyderabad,1,2176807.26,627853.74,45
518,Female,Delhi,1,2189774.59,695000.92,32
519,Male,Jabalpur,3,361934.35,80010.35,6
520,Female,Nagpur,2,1102804.9,270172.9,26
521,Male,Hyderabad,1,1645122.46,849010.64,32
522,Female,Lucknow,2,430806.39,172454.24,32
523,Male,Patna,3,519918.09,152678.96,19
524,Male,Kolkata,1,2649612.01,1241468.3,33
525,Female,Surat,2,1132008.44,257991.25,34
526,Female,Kanpur,3,608729.44,204289.15,18
527,Female,Pune,1,2079781.57,1030189.85,28
528,Female,Dehradun,2,910667.6,370632.44,13
529,Male,Chandigarh,2,1008091.55,342140.1,38
530,Male,Jabalpur,3,208148.25,52027.71,18
531,Male,Hyderabad,1,2327339.13,1026094.51,38
532,Female,Indore,2,682167.63,207802.26,28
533,Female,Bengaluru,1,1653683.72,810340.23,26
534,Female,Mumbai,1,1982463.98,931602.23,20
535,Male,Surat,2,481440.93,132855.47,28
536,Female,Jabalpur,3,600036.95,72726.17,26
537,Female,Jaipur,2,625285.59,274300.18,30
538,Male,Bhopal,2,392550.2,86439.47,16
539,Female,Ahmedabad,2,1152833.48,517634.07,22
540,Female,Mumbai,1,1227970.17,572997.01,14
541,Male,Ranchi,3,590443.25,124023.14,23
542,Female,Bengaluru,1,2976764.62,747065.16,27
543,Female,Lucknow,2,366020.29,144370.58,35
544,Male,Chennai,1,1926781.56,759714.3,26
545,Male,Delhi,1,1405026.68,595724.48,36
546,Female,Lucknow,2,1551460.46,532060.44,40
547,Male,Chennai,1,2516843.77,832939.92,40
548,Male,Ahmedabad,2,897535.02,180230.18,35
549,Female,Indore,2,840435.38,329385.27,21
550,Female,Bhopal,2,1231739.03,393740.96,30
551,Male,Nagpur,2,500408.81,134415.83,23
552,Male,Patna,3,398213.09,67991.2,17
553,Female,Dehradun,2,1429707.41,642730.44,30
554,Male,Jaipur,2,966446.74,283881.14,29
555,Male,Bhopal,2,1327361.79,281335.36,29
556,Female,Jabalpur,3,756533.68,157572.03,16
557,Female,Ahmedabad,2,1559605.21,358410.67,37
558,Female,Chennai,1,812422.85,209490.55,23
559,Female,Surat,2,949310.19,247443.31,10
560,Female,Delhi,1,2523074.76,1268047.09,33
561,Male,Jaipur,2,1079760.04,327934.42,20
562,Female,Chennai,1,1022010.89,280215.41,34
563,Male,Bengaluru,1,1780739.57,678560.09,52
564,Male,Ranchi,3,712031.86,111467.79,22
565,Female,Delhi,1,1101130.19,523491.08,38
566,Male,Ahmedabad,2,1023719.02,203329.7,25
567,Male,Nagpur,2,864946.07,216807.84,23
568,Male,Bengaluru,1,2048515.72,665488.72,32
569,Male,Nagpur,2,1219754.62,367670.34,18
570,Female,Ahmedabad,2,715872.69,140967.05,24
571,Male,Hyderabad,1,150000.0,53130.45,43
572,Male,Jaipur,2,986477.08,326766.0,25
573,Female,Hyderabad,1,706217.9,331390.13,29
574,Male,Pune,1,1022720.34,429132.51,40
575,Male,Mumbai,1,2126500.99,919835.4,34
576,Female,Mumbai,1,1234106.12,364522.92,31
577,Female,Ahmedabad,2,642892.95,263371.6,18
578,Male,Mumbai,1,2512250.86,714561.17,61
579,Male,Jaipur,2,1050085.78,208200.99,30
580,Female,Hyderabad,1,2065637.44,567053.84,53
581,Male,Kanpur,3,357014.98,56454.12,1
582,Female,Bengaluru,1,1486133.85,555115.08,55
583,Female,Jabalpur,3,661447.77,88847.53,30
584,Male,Kanpur,3,801500.76,180838.75,18
585,Male,Jabalpur,3,433726.45,68477.8,13
586,Male,Ranchi,3,759148.09,181784.65,13
587,Female,Kanpur,3,608154.27,196010.45,16
588,Male,Jabalpur,3,485114.79,108561.44,21
589,Female,Delhi,1,2418176.84,995347.07,34
590,Female,Indore,2,559293.64,199852.75,24
591,Female,Chennai,1,1501549.68,724773.34,46
592,Male,Jabalpur,3,220461.68,66658.03,19
593,Female,Bengaluru,1,3111308.44,1522594.23,45
594,Male,Ranchi,3,687770.24,166850.75,16
595,Male,Bengaluru,1,2139312.97,1043938.53,26
596,Female,Jaipur,2,1191832.57,506122.04,21
597,Female,Indore,2,782828.63,179847.6,21
598,Female,Jabalpur,3,603636.8,93554.04,22
599,Male,Chennai,1,3243767.44,892163.28,24
600,Male,Surat,2,967032.34,305974.67,26
601,Female,Patna,3,535664.55,185524.94,20
602,Female,Ahmedabad,2,1302056.72,292712.53,36
603,Female,Chandigarh,2,834499.51,186763.51,32
604,Female,Indore,2,911453.57,293850.72,22
605,Female,Chennai,1,2205743.22,603980.97,38
606,Female,Patna,3,405033.07,128549.69,21
607,Female,Jaipur,2,958961.34,356508.8,35
608,Female,Hyderabad,1,1587436.93,788148.26,15
609,Male,Bengaluru,1,314701.57,125334.22,28
610,Male,Bengaluru,1,1451146.33,438432.63,44
611,Male,Patna,3,701311.6,100390.39,21
612,Male,Bhopal,2,702150.33,192350.0,21
613,Male,Surat,2,1465381.49,521397.17,22
614,Female,Nagpur,2,368542.87,150067.28,34
615,Female,Chennai,1,2082611.06,916854.19,34
616,Female,Bhopal,2,1030352.13,275905.72,18
617,Female,Delhi,1,1474767.89,446064.83,37
618,Female,Ranchi,3,477627.99,149268.04,21
619,Male,Bhopal,2,1204954.05,442725.01,14
620,Male,Nagpur,2,222359.64,52791.29,26
621,Female,Hyderabad,1,2159735.49,1104405.24,36
622,Male,Ahmedabad,2,1153263.71,414651.27,30
623,Female,Bhopal,2,1043436.53,376782.56,23
624,Female,Chennai,1,1123581.33,431586.31,36
625,Male,Nagpur,2,1287478.23,421771.46,24
626,Male,Patna,3,595528.63,86629.01,17
627,Female,Ranchi,3,453640.93,131636.59,17
628,Male,Mumbai,1,1644697.37,834688.03,39
629,Female,Jaipur,2,1079587.03,414096.89,22
630,Female,Chandigarh,2,1211031.96,310037.17,20
631,Male,Mumbai,1,2057101.12,573849.63,53
632,Female,Hyderabad,1,480359.96,206318.08,32
633,Male,Bengaluru,1,1062422.31,502481.09,24
634,Male,Mumbai,1,2099819.07,898652.16,43
635,Male,Kanpur,3,531199.14,160822.14,16
636,Female,Indore,2,929092.86,416947.26,21
637,Female,Jabalpur,3,562609.39,75748.27,24
638,Female,Pune,1,2043271.26,581269.6,46
639,Female,Lucknow,2,1241319.17,518032.66,29
640,Male,Nagpur,2,1128649.11,334323.25,46
641,Male,Delhi,1,1342147.02,647134.84,16
642,Male,Pune,1,2420062.2,926917.71,37
643,Female,Bengaluru,1,2928594.78,1252001.06,48
644,Female,Jabalpur,3,367404.6,87384.86,22
645,Female,Dehradun,2,813878.13,253661.49,18
646,Female,Patna,3,626362.17,161695.23,18
647,Male,Kolkata,1,1830521.71,805852.79,51
648,Female,Bhopal,2,863064.48,239673.3,23
649,Female,Chennai,1,1371761.64,400564.32,34
650,Female,Nagpur,2,822931.88,191699.0,8
651,Female,Kanpur,3,279150.33,46787.91,22
652,Male,Delhi,1,1656545.47,417945.11,35
653,Male,Indore,2,791776.82,314096.39,18
654,Male,Mumbai,1,2136102.3,722102.22,62
655,Male,Lucknow,2,843953.52,171757.24,30
656,Female,Hyderabad,1,1179645.76,417083.74,37
657,Female,Lucknow,2,1276602.5,399905.41,25
658,Male,Chennai,1,1520621.7,560155.71,28
659,Female,Dehradun,2,268901.11,114297.75,12
660,Male,Pune,1,2340415.09,802321.95,50
661,Male,Indore,2,730928.63,182406.13,26
662,Female,Kanpur,3,576076.18,160100.6,14
663,Female,Bengaluru,1,1612028.55,623647.02,26
664,Female,Delhi,1,1178296.47,442667.53,31
665,Female,Mumbai,1,1708120.12,468117.16,35
666,Female,Bengaluru,1,2158346.86,972490.22,33
667,Female,Nagpur,2,518360.32,176392.01,36
668,Female,Nagpur,2,972353.42,404400.45,31
669,Female,Patna,3,439761.27,144050.08,20
670,Female,Chennai,1,1840845.7,538707.18,27
671,Female,Mumbai,1,1776739.01,601447.85,32
672,Female,Pune,1,3674676.91,966887.32,30
673,Male,Bhopal,2,955949.74,260644.65,16
674,Male,Patna,3,703982.8,221394.85,25
675,Female,Ahmedabad,2,673820.44,243721.52,39
676,Female,Nagpur,2,569652.25,223888.14,16
677,Male,Kanpur,3,800643.75,247524.74,16
678,Female,Indore,2,263242.22,88763.61,19
679,Male,Chandigarh,2,1356519.09,502601.42,11
680,Male,Chandigarh,2,554624.88,124819.58,36
681,Male,Bengaluru,1,1026006.73,530475.35,32
682,Male,Kanpur,3,376407.23,47371.97,15
683,Female,Bhopal,2,1358608.06,369491.29,36
684,Male,Hyderabad,1,1694575.86,581858.46,27
685,Male,Chennai,1,2475396.14,889603.21,51
686,Male,Jaipur,2,1561985.75,340433.7,21
687,Male,Pune,1,1468312.46,589727.93,34
688,Male,Bengaluru,1,1728510.09,452349.02,39
689,Female,Dehradun,2,869072.96,193982.94,22
690,Female,Nagpur,2,268676.5,113656.19,22
691,Female,Nagpur,2,1143934.04,392134.38,22
692,Male,Chandigarh,2,361116.72,98189.27,13
693,Male,Jabalpur,3,335093.5,82886.6,18
694,Female,Dehradun,2,1450485.12,587570.48,27
695,Female,Lucknow,2,269629.79,67412.95,20
696,Male,Nagpur,2,458490.81,202163.59,18
697,Male,Bhopal,2,207245.07,69784.86,30
698,Female,Lucknow,2,839847.95,293176.87,16
699,Male,Jabalpur,3,150000.0,52287.77,16
700,Female,Delhi,1,2004303.23,843437.27,43
701,Male,Lucknow,2,469657.64,134644.83,28
702,Female,Bengaluru,1,1778899.01,734520.52,29
703,Male,Jabalpur,3,595673.14,144557.32,20
704,Male,Jabalpur,3,484882.65,146758.68,19
705,Female,Chandigarh,2,1117550.16,486012.91,22
706,Male,Kanpur,3,527568.8,182342.07,10
707,Female,Delhi,1,2588235.18,1104191.49,34
708,Female,Chennai,1,786360.54,244532.12,26
709,Male,Bengaluru,1,1383037.09,557893.15,48
710,Male,Delhi,1,3701162.6,1886383.18,32
711,Female,Jabalpur,3,540119.08,167614.8,19
712,Male,Kanpur,3,624645.74,212311.37,26
713,Female,Bhopal,2,830931.55,341155.34,23
714,Female,Lucknow,2,1308032.11,550857.26,23
715,Female,Patna,3,656840.21,173482.19,1
716,Male,Ranchi,3,902271.46,258250.48,16
717,Male,Chandigarh,2,629492.82,164194.9,28
718,Male,Chandigarh,2,1300886.22,332070.94,20
719,Female,Surat,2,1233593.77,320175.85,29
720,Female,Lucknow,2,1080264.94,236113.05,30
721,Male,Ranchi,3,694073.71,188416.25,22
722,Male,Chandigarh,2,1104576.13,381822.27,28
723,Male,Nagpur,2,890717.56,179003.34,17
724,Female,Bhopal,2,325906.68,64471.73,11
725,Male,Indore,2,622653.03,247955.07,22
726,Male,Ranchi,3,555434.34,104921.61,21
727,Female,Lucknow,2,900421.92,355233.73,18
728,Male,Chandigarh,2,837276.33,167190.26,25
729,Male,Kanpur,3,260639.22,45207.45,13
730,Female,Patna,3,707125.45,235983.64,14
731,Female,Mumbai,1,2380632.39,824767.02,33
732,Male,Lucknow,2,360722.44,127309.24,23
733,Female,Kolkata,1,1841952.84,658211.21,37
734,Male,Dehradun,2,600864.47,252325.79,27
735,Male,Ahmedabad,2,150000.0,50727.52,26
736,Male,Hyderabad,1,1345760.28,612031.81,36
737,Male,Lucknow,2,1182492.91,475461.95,17
738,Male,Kanpur,3,592584.72,142006.45,26
739,Male,Chandigarh,2,1037345.59,262739.44,20
740,Female,Ranchi,3,219998.59,33171.5,17
741,Male,Hyderabad,1,1433138.12,680158.14,36
742,Male,Pune,1,1361666.98,453232.04,35
743,Male,Jabalpur,3,490978.95,153699.91,18
744,Female,Patna,3,395479.01,56725.63,24
745,Female,Ahmedabad,2,428945.18,174808.98,18
746,Female,Ranchi,3,734935.88,238950.14,14
747,Male,Jabalpur,3,703161.63,145401.98,17
748,Male,Surat,2,877058.34,249667.97,40
749,Female,Lucknow,2,1397961.85,253280.05,32
750,Female,Kolkata,1,2165570.58,974324.04,26
751,Female,Nagpur,2,931030.16,242509.24,26
752,Female,Jabalpur,3,586594.53,157297.86,16
753,Female,Indore,2,851193.8,373108.84,21
754,Male,Pune,1,150000.0,58096.48,35
755,Male,Ranchi,3,450903.37,92460.91,10
756,Male,Jaipur,2,1332292.64,545699.02,22
757,Female,Dehradun,2,1117772.5,343733.03,15
758,Male,Surat,2,804443.08,292020.53,27
759,Male,Kanpur,3,270323.42,40931.89,22
760,Male,Lucknow,2,1346107.16,357013.71,31
761,Female,Pune,1,967411.67,448842.32,51
762,Male,Jabalpur,3,584612.74,108798.89,17
763,Male,Patna,3,452059.48,65841.47,17
764,Female,Ahmedabad,2,289653.16,117477.43,25
765,Male,Bhopal,2,819990.03,256717.1,17
766,Male,Patna,3,690216.35,177302.97,3
767,Female,Indore,2,893258.87,393163.24,22
768,Female,Ahmedabad,2,1606267.79,424381.16,26
769,Female,Bengaluru,1,2300766.92,935005.94,42
770,Male,Ahmedabad,2,816806.71,205596.26,26
771,Male,Chandigarh,2,935649.7,256354.74,37
772,Male,Chandigarh,2,1246034.21,552033.65,14
773,Male,Hyderabad,1,1921339.17,930144.96,37
774,Female,Lucknow,2,150000.0,39268.09,17
775,Female,Hyderabad,1,1727721.67,819343.19,18
776,Male,Jabalpur,3,424892.14,144587.25,17
777,Male,Bengaluru,1,1814620.54,977772.9,37
778,Male,Jaipur,2,827995.34,199425.11,19
779,Female,Hyderabad,1,1537362.53,671403.26,31
780,Female,Chennai,1,2075288.46,610319.12,49
781,Female,Ahmedabad,2,1074377.61,305987.84,34
782,Male,Chennai,1,980987.64,346835.7,43
783,Female,Ahmedabad,2,818093.05,251070.17,28
784,Female,Ranchi,3,609411.7,81848.1,21
785,Male,Bengaluru,1,1215399.97,352809.29,55
786,Male,Dehradun,2,913251.67,224030.85,29
787,Male,Kanpur,3,914249.12,125741.27,18
788,Female,Hyderabad,1,2389069.84,926718.9,28
789,Male,Patna,3,151864.86,19757.16,27
790,Female,Ranchi,3,513865.15,86387.24,10
791,Female,Ahmedabad,2,749764.45,329423.47,29
792,Male,Pune,1,1833573.01,601159.9,38
793,Female,Kanpur,3,914375.73,125094.61,9
794,Male,Bengaluru,1,1913921.09,587635.58,35
795,Female,Indore,2,1049060.52,403336.24,25
796,Female,Delhi,1,1740577.13,810237.53,22
797,Female,Bhopal,2,1151915.28,414668.92,14
798,Female,Mumbai,1,1962509.16,944924.75,22
799,Female,Bengaluru,1,1580859.38,399501.41,34
800,Male,Ahmedabad,2,1116470.93,269898.73,23
801,Female,Nagpur,2,462357.29,123380.46,29
802,Male,Hyderabad,1,2128700.27,593098.01,42
803,Female,Bhopal,2,747148.09,231496.62,24
804,Female,Pune,1,1242680.51,418367.63,38
805,Male,Dehradun,2,1160467.19,520096.86,23
806,Male,Hyderabad,1,859119.87,409181.18,18
807,Male,Jabalpur,3,214022.81,64450.03,24
808,Male,Lucknow,2,1042267.12,288516.41,12
809,Male,Delhi,1,952179.65,292774.18,42
810,Female,Delhi,1,731610.3,191447.04,35
811,Female,Lucknow,2,757537.29,330758.94,30
812,Female,Surat,2,360913.33,121492.08,40
813,Male,Jaipur,2,1466024.4,375703.85,25
814,Female,Kolkata,1,2345491.72,1252344.7,32
815,Male,Bhopal,2,833807.86,325767.64,32
816,Female,Chandigarh,2,773688.0,182020.65,1
817,Female,Chennai,1,923324.59,322673.7,38
818,Female,Patna,3,484078.32,66012.02,20
819,Female,Jabalpur,3,150000.0,45975.31,19
820,Male,Chandigarh,2,732501.47,269030.85,32
821,Female,Dehradun,2,1138075.64,251435.81,34
822,Female,Bhopal,2,938314.71,240459.62,33
823,Female,Bengaluru,1,1447074.12,417278.35,34
824,Female,Bengaluru,1,2283165.76,608213.27,9
825,Male,Ranchi,3,354295.73,61291.68,11
826,Female,Surat,2,1326080.75,542466.29,31
827,Male,Chandigarh,2,295967.64,79268.92,19
828,Female,Bengaluru,1,2404517.66,732137.61,40
829,Female,Lucknow,2,1174186.68,467099.97,22
830,Female,Jabalpur,3,812751.74,221095.52,7
831,Female,Pune,1,1859722.7,860672.69,26
832,Female,Bhopal,2,1068106.63,360612.72,20
833,Female,Delhi,1,2255315.06,764479.58,19
834,Female,Ranchi,3,724670.81,104047.27,22
835,Male,Jaipur,2,1598483.62,447105.15,49
836,Female,Bengaluru,1,2557359.44,993572.1,44
837,Male,Bhopal,2,980524.77,369486.14,28
838,Male,Mumbai,1,1504156.51,740227.41,41
839,Female,Ranchi,3,449505.68,88638.21,11
840,Male,Delhi,1,2540744.93,1063611.31,44
841,Male,Bengaluru,1,1796082.79,654053.09,41
842,Female,Bhopal,2,1058964.11,400605.98,20
843,Male,Indore,2,797111.57,324049.19,24
844,Male,Ranchi,3,539147.98,93835.41,20
845,Female,Jabalpur,3,710268.97,174498.15,21
846,Female,Bhopal,2,1536728.11,634534.9,25
847,Male,Bengaluru,1,2144413.19,891673.0,29
848,Female,Kanpur,3,370649.5,118243.87,16
849,Female,Indore,2,732406.89,189189.7,18
850,Male,Jaipur,2,1031800.91,407668.64,31
851,Male,Chennai,1,2278498.53,960441.35,21
852,Female,Pune,1,1848822.79,621740.28,28
853,Female,Kanpur,3,364713.13,95882.08,9
854,Male,Surat,2,1326211.97,383570.2,18
855,Female,Jaipur,2,712469.49,260101.13,11
856,Male,Jabalpur,3,472197.19,97273.49,17
857,Female,Ranchi,3,578803.28,158846.89,21
858,Male,Dehradun,2,485088.18,142106.65,29
859,Male,Chennai,1,1510574.39,503558.78,37
860,Female,Bengaluru,1,1445047.07,786265.46,18
861,Female,Pune,1,1822957.9,553831.75,27
862,Female,Bengaluru,1,2859518.58,1319285.59,28
863,Male,Bhopal,2,253834.25,72940.63,17
864,Female,Surat,2,610019.6,189362.72,19
865,Male,Lucknow,2,577349.07,206300.76,16
866,Female,Pune,1,1861304.75,508310.86,38
867,Male,Kanpur,3,451597.58,116412.94,16
868,Male,Chennai,1,2849007.8,940801.09,47
869,Male,Hyderabad,1,2367977.59,1093979.51,23
870,Male,Dehradun,2,348757.19,88303.92,32
871,Female,Bhopal,2,1256181.51,547215.41,27
872,Male,Jabalpur,3,511316.14,130459.63,19
873,Male,Ranchi,3,738517.19,157950.28,25
874,Female,Bengaluru,1,1830645.83,596663.24,32
875,Female,Indore,2,1100220.1,316576.82,24
876,Female,Kanpur,3,480631.0,132012.95,20
877,Male,Patna,3,545760.61,77118.08,16
878,Female,Hyderabad,1,2021578.23,768616.76,36
879,Female,Bengaluru,1,1494265.03,697873.09,18
880,Female,Jabalpur,3,552845.36,144324.2,17
881,Male,Hyderabad,1,895416.11,415666.32,41
882,Female,Hyderabad,1,2051428.13,521316.44,40
883,Male,Kanpur,3,408922.18,74540.57,13
884,Male,Chennai,1,2993509.9,1293254.7,31
885,Male,Lucknow,2,696981.37,304512.9,26
886,Female,Pune,1,2085513.75,1036281.65,39
887,Female,Ahmedabad,2,926584.34,216891.29,30
888,Female,Kanpur,3,805063.67,233243.85,22
889,Female,Bengaluru,1,1265699.73,457340.2,35
890,Female,Kolkata,1,1907682.34,785010.49,42
891,Female,Hyderabad,1,1249809.78,648156.13,21
892,Male,Ranchi,3,749253.66,168207.03,21
893,Male,Kanpur,3,309050.96,87231.48,22
894,Male,Nagpur,2,334621.74,118896.8,8
895,Female,Pune,1,1415310.0,542312.59,43
896,Male,Nagpur,2,658364.68,205802.06,25
897,Male,Mumbai,1,1454814.02,649650.28,49
898,Female,Delhi,1,1310533.25,390720.79,30
899,Female,Kolkata,1,2353260.33,1163069.99,38
900,Male,Ranchi,3,425015.57,79270.98,19
901,Female,Dehradun,2,520197.32,165969.75,18
902,Female,Lucknow,2,150000.0,41328.46,29
903,Female,Ahmedabad,2,1068653.12,281167.85,29
904,Female,Lucknow,2,499061.62,157963.59,14
905,Male,Bengaluru,1,1639140.26,681900.96,26
906,Female,Pune,1,819528.21,416029.42,35
907,Female,Patna,3,715924.27,227317.26,20
908,Male,Jabalpur,3,479907.72,124980.33,27
909,Male,Chandigarh,2,1065771.23,243420.42,17
910,Female,Chandigarh,2,537043.85,113713.05,30
911,Female,Bhopal,2,1241535.85,396089.67,32
912,Female,Hyderabad,1,1603286.25,571221.07,39
913,Male,Kanpur,3,510936.93,122329.36,16
914,Male,Chandigarh,2,403831.62,78984.49,29
915,Male,Jabalpur,3,302028.85,51495.13,14
916,Female,Jaipur,2,939392.75,310335.14,28
917,Male,Ahmedabad,2,344905.84,112454.6,9
918,Male,Chennai,1,2560148.69,771905.75,45
919,Female,Lucknow,2,150000.0,62256.34,25
920,Female,Ranchi,3,648798.19,95075.38,31
921,Male,Ahmedabad,2,576101.38,156149.85,27
922,Female,Chandigarh,2,1051721.4,247878.19,18
923,Male,Kolkata,1,2400915.78,747392.87,32
924,Female,Dehradun,2,150000.0,27734.02,27
925,Female,Dehradun,2,1817277.58,635456.8,16
926,Male,Dehradun,2,516259.13,94317.58,31
927,Female,Bengaluru,1,1996445.48,999890.39,52
928,Female,Kanpur,3,615059.57,142430.43,20
929,Male,Ahmedabad,2,1283764.23,387503.48,19
930,Female,Nagpur,2,1016804.75,425320.45,22
931,Male,Delhi,1,1239973.0,454261.41,34
932,Female,Lucknow,2,803504.23,262163.71,32
933,Female,Ranchi,3,440793.95,90961.29,19
934,Male,Lucknow,2,796827.25,357966.06,35
935,Female,Chennai,1,486413.11,153722.79,41
936,Female,Hyderabad,1,921990.8,249503.71,20
937,Female,Bhopal,2,688339.37,258223.08,7
938,Male,Bhopal,2,1351288.9,246283.47,32
939,Male,Indore,2,1128032.7,350453.96,15
940,Male,Nagpur,2,993986.9,196754.83,37
941,Female,Bhopal,2,1060048.14,414615.77,36
942,Female,Bengaluru,1,2325791.59,942881.54,41
943,Female,Kanpur,3,623757.3,163866.64,12
944,Female,Surat,2,647776.11,150700.77,29
945,Male,Ranchi,3,603383.6,198448.37,20
946,Male,Hyderabad,1,2178985.3,972350.01,49
947,Female,Indore,2,966722.46,339073.7,32
948,Female,Chandigarh,2,867660.55,324008.07,15
949,Male,Hyderabad,1,1206656.25,415268.39,28
950,Female,Ranchi,3,413544.64,90035.16,13
951,Male,Kanpur,3,552811.3,90230.79,23
952,Male,Delhi,1,1955586.29,713475.38,30
953,Female,Hyderabad,1,2157554.46,1054768.9,45
954,Female,Dehradun,2,1224311.93,307665.59,16
955,Male,Hyderabad,1,1920287.54,667018.67,40
956,Female,Chandigarh,2,613909.69,225644.38,20
957,Female,Pune,1,2124244.4,699705.94,21
958,Female,Ranchi,3,738012.52,220625.75,21
959,Female,Nagpur,2,656129.86,133761.22,29
960,Female,Kanpur,3,379103.62,83190.36,26
961,Female,Nagpur,2,1022377.52,194787.88,12
962,Male,Dehradun,2,467629.66,197544.62,34
963,Female,Bhopal,2,784693.27,332128.84,30
964,Female,Chennai,1,1471595.68,622500.75,41
965,Female,Nagpur,2,1164876.04,479540.19,29
966,Female,Mumbai,1,1731864.23,500550.68,29
967,Male,Jaipur,2,886242.45,347060.81,23
968,Female,Delhi,1,531572.77,237242.31,41
969,Female,Pune,1,2235448.99,1070088.84,48
970,Male,Hyderabad,1,2549987.91,1115324.46,55
971,Male,Delhi,1,1974516.02,837757.75,45
972,Male,Kolkata,1,3038140.25,1114296.09,30
973,Female,Jabalpur,3,639975.54,213420.25,9
974,Male,Patna,3,512833.42,123780.46,21
975,Male,Patna,3,662591.44,169905.93,23
976,Female,Patna,3,538094.21,148083.98,14
977,Male,Delhi,1,1058764.69,563800.24,49
978,Male,Kanpur,3,550248.34,153466.09,10
979,Female,Surat,2,1254012.06,318930.15,35
980,Female,Dehradun,2,1041435.58,355974.73,16
981,Male,Chandigarh,2,1097008.3,332279.91,17
982,Female,Jabalpur,3,721467.71,114740.45,20
983,Female,Surat,2,1443956.15,586682.05,31
984,Female,Jaipur,2,556908.59,160673.44,49
985,Male,Kolkata,1,1968925.35,655856.43,23
986,Female,Jaipur,2,952888.65,324045.84,31
987,Female,Ahmedabad,2,736968.05,138970.67,23
988,Male,Lucknow,2,617397.61,212291.35,23
989,Female,Dehradun,2,504284.63,208274.16,29
990,Female,Dehradun,2,841735.81,319106.29,26
991,Female,Surat,2,1213374.4,545113.59,19
992,Male,Lucknow,2,1001028.88,305866.95,25
993,Female,Nagpur,2,719249.62,318874.03,23
994,Female,Indore,2,1020073.45,441947.45,27
995,Female,Hyderabad,1,1655898.4,449262.57,27
996,Female,Delhi,1,1338278.41,522908.42,27
997,Female,Bengaluru,1,1456192.38,437217.87,32
998,Female,Jabalpur,3,243601.61,73959.26,15
999,Male,Dehradun,2,478879.7,116260.79,16
1000,Female,Kolkata,1,1532933.1,546637.7,29
1001,Female,Surat,2,740357.71,175344.01,26
1002,Male,Hyderabad,1,1534416.85,541332.36,38
1003,Male,Ranchi,3,544340.95,103183.36,12
1004,Male,Ahmedabad,2,1373209.97,298027.89,27
1005,Male,Kanpur,3,583090.21,89293.34,34
1006,Male,Ahmedabad,2,400767.38,124925.31,31
1007,Female,Chennai,1,1743580.18,596198.13,26
1008,Female,Chandigarh,2,484948.81,182220.31,6
1009,Male,Chennai,1,3082789.93,1489341.4,43
1010,Male,Mumbai,1,1510115.18,621271.67,43
1011,Female,Patna,3,499800.99,82411.34,23
1012,Male,Dehradun,2,1495943.77,468220.9,24
1013,Female,Lucknow,2,1336412.1,370959.96,24
1014,Male,Lucknow,2,804407.18,216082.22,33
1015,Male,Bengaluru,1,2894022.14,832901.33,32
1016,Male,Surat,2,991682.62,333616.82,14
1017,Female,Pune,1,3353146.16,1069479.32,33
1018,Male,Pune,1,332327.01,149048.72,43
1019,Female,Indore,2,975871.45,224472.87,16
1020,Female,Pune,1,1163944.79,354830.12,27
1021,Male,Delhi,1,1416211.84,747954.06,43
1022,Male,Lucknow,2,923622.79,201913.46,28
1023,Female,Chandigarh,2,1326285.7,370292.99,20
1024,Female,Jabalpur,3,570911.16,179481.79,12
1025,Female,Hyderabad,1,1428149.99,645280.13,39
1026,Male,Jaipur,2,661163.15,275043.46,19
1027,Female,Chennai,1,1212989.94,303485.25,26
1028,Female,Pune,1,2007329.36,879609.08,38
1029,Male,Jaipur,2,676942.29,205619.44,28
1030,Female,Mumbai,1,1299817.09,514518.49,32
1031,Male,Lucknow,2,572222.77,139793.79,19
1032,Female,Pune,1,1751295.25,682812.2,43
1033,Female,Patna,3,440764.27,102288.62,20
1034,Female,Bengaluru,1,3157434.8,1736170.18,20
1035,Male,Chennai,1,1431626.5,713330.69,48
1036,Female,Hyderabad,1,1380443.45,556559.22,23
1037,Male,Chandigarh,2,1168872.53,371304.73,26
1038,Female,Mumbai,1,1344417.09,350184.98,35
1039,Male,Indore,2,170560.47,69346.26,38
1040,Female,Jabalpur,3,270436.23,35538.38,16
1041,Female,Chandigarh,2,700558.48,241164.64,27
1042,Male,Nagpur,2,614891.82,173727.18,20
1043,Female,Jaipur,2,742495.5,284158.82,35
1044,Male,Ahmedabad,2,1013754.95,247327.82,21
1045,Female,Chennai,1,2279855.42,1205458.54,53
1046,Male,Lucknow,2,676002.86,125176.79,23
1047,Female,Indore,2,934323.64,363747.04,35
1048,Female,Chennai,1,1308090.39,338836.17,22
1049,Male,Bhopal,2,932113.37,402640.7,27
1050,Male,Ahmedabad,2,1143257.24,415225.3,13
1051,Male,Dehradun,2,1204204.11,524712.19,21
1052,Female,Jabalpur,3,609641.5,112062.4,21
1053,Female,Patna,3,707688.42,246080.98,26
1054,Male,Surat,2,519088.18,104499.53,14
1055,Male,Ahmedabad,2,326180.54,88954.13,21
1056,Female,Kanpur,3,465681.91,155344.51,11
1057,Female,Kanpur,3,608330.27,94053.1,11
1058,Male,Bengaluru,1,1761361.24,705346.6,39
1059,Male,Delhi,1,1669172.69,748747.62,18
1060,Male,Nagpur,2,1188662.15,399426.86,31
1061,Female,Pune,1,1135758.44,421050.5,52
1062,Female,Kanpur,3,501371.2,139853.9,21
1063,Male,Chennai,1,1222840.09,373442.81,28
1064,Female,Nagpur,2,607362.55,245590.86,9
1065,Female,Bengaluru,1,2046753.48,838015.53,29
1066,Female,Delhi,1,1756134.83,597055.32,16
1067,Female,Hyderabad,1,842179.47,252082.56,54
1068,Male,Jabalpur,3,572111.82,187398.09,11
1069,Female,Surat,2,1342297.34,480325.76,18
1070,Male,Lucknow,2,1568296.53,662706.2,31
1071,Female,Indore,2,320789.4,58678.47,17
1072,Male,Mumbai,1,2126701.36,598318.41,40
1073,Male,Nagpur,2,504428.7,106964.84,44
1074,Female,Delhi,1,1904237.05,898152.45,28
1075,Male,Bhopal,2,925212.9,299508.82,23
1076,Male,Surat,2,289484.25,125446.62,29
1077,Female,Bengaluru,1,464534.71,123150.41,26
1078,Female,Delhi,1,1890650.32,732397.66,31
1079,Male,Patna,3,650179.56,115834.28,9
1080,Female,Hyderabad,1,494118.43,245609.31,45
1081,Female,Bhopal,2,867227.33,238245.7,35
1082,Female,Jabalpur,3,757641.42,148104.72,14
1083,Male,Indore,2,368228.87,149885.85,2
1084,Male,Surat,2,705550.73,280999.37,14
1085,Male,Bhopal,2,756000.69,229796.61,34
1086,Female,Pune,1,2087533.53,596185.23,33
1087,Male,Kanpur,3,584276.3,141547.71,20
1088,Male,Ahmedabad,2,890608.85,258358.49,20
1089,Female,Mumbai,1,2117456.1,1146274.85,25
1090,Female,Jabalpur,3,860223.76,116769.87,20
1091,Female,Surat,2,563043.6,194506.16,23
1092,Male,Ahmedabad,2,962940.88,193297.69,28
1093,Female,Jabalpur,3,678629.76,144370.19,5
1094,Female,Hyderabad,1,2082310.27,902784.17,39
1095,Male,Kolkata,1,839828.41,236631.98,27
1096,Female,Delhi,1,1051499.2,476062.98,17
1097,Male,Ranchi,3,450001.58,94909.67,19
1098,Male,Ahmedabad,2,768034.54,309803.31,22
1099,Male,Bengaluru,1,1734629.2,521188.59,29
1100,Male,Ranchi,3,577558.36,100043.24,24
1101,Male,Jabalpur,3,865887.95,294719.81,18
1102,Male,Ahmedabad,2,1023741.75,442524.77,22
1103,Female,Indore,2,978842.44,342645.34,30
1104,Male,Ahmedabad,2,1412559.01,456891.34,20
1105,Male,Delhi,1,1286876.9,604123.0,53
1106,Female,Kanpur,3,496252.59,154619.32,19
1107,Female,Ahmedabad,2,1320186.08,391371.09,26
1108,Female,Nagpur,2,1156282.08,286544.86,23
1109,Female,Ahmedabad,2,880194.03,280610.94,34
1110,Male,Hyderabad,1,2271060.24,789337.33,17
1111,Female,Patna,3,532997.43,153250.24,20
1112,Male,Jaipur,2,1357804.17,539681.14,15
1113,Male,Surat,2,854668.96,334594.74,29
1114,Female,Patna,3,563218.21,153018.71,15
1115,Female,Delhi,1,1289278.27,685327.38,38
1116,Female,Indore,2,1055225.6,253383.45,15
1117,Female,Patna,3,631108.61,136290.74,6
1118,Female,Hyderabad,1,1570523.53,589642.75,31
1119,Male,Indore,2,1036142.56,210041.09,27
1120,Female,Surat,2,605835.17,111764.45,23
1121,Male,Ahmedabad,2,1267047.49,283837.85,38
1122,Male,Lucknow,2,769218.27,318818.34,20
1123,Male,Jabalpur,3,524908.5,69100.62,22
1124,Female,Surat,2,929218.39,265832.36,20
1125,Male,Patna,3,563082.49,69033.68,15
1126,Male,Indore,2,663165.22,126578.12,33
1127,Male,Jaipur,2,294079.54,130255.51,36
1128,Male,Chandigarh,2,293160.78,108923.45,27
1129,Female,Jabalpur,3,635224.94,130974.52,16
1130,Male,Bengaluru,1,1358847.01,513421.82,35
1131,Female,Delhi,1,2102584.07,667140.61,39
1132,Male,Indore,2,1122481.56,484022.55,20
1133,Male,Bengaluru,1,1722534.24,605016.52,26
1134,Male,Nagpur,2,1137075.83,220421.4,18
1135,Male,Dehradun,2,150000.0,40543.25,22
1136,Female,Chandigarh,2,1135596.21,253884.32,6
1137,Male,Mumbai,1,2730048.58,1305095.03,38
1138,Male,Kolkata,1,1679636.45,555039.75,33
1139,Male,Dehradun,2,495973.07,180295.26,10
1140,Male,Ranchi,3,832203.3,136889.23,12
1141,Male,Indore,2,439003.83,184049.39,31
1142,Female,Surat,2,790619.34,191407.61,29
1143,Female,Lucknow,2,386625.18,139781.87,20
1144,Female,Jabalpur,3,642973.11,199064.86,23
1145,Female,Lucknow,2,513715.56,194824.96,22
1146,Female,Bhopal,2,1390500.15,351899.25,15
1147,Male,Jabalpur,3,710731.7,226867.94,28
1148,Female,Dehradun,2,801905.81,278450.0,10
1149,Female,Kolkata,1,725471.83,253251.62,16
1150,Female,Chandigarh,2,1300612.2,304879.97,26
1151,Male,Delhi,1,1929622.88,958987.77,39
1152,Male,Hyderabad,1,2828707.78,720924.8,37
1153,Female,Jaipur,2,566689.27,219109.33,19
1154,Male,Lucknow,2,1105216.54,229628.08,21
1155,Female,Kolkata,1,2430279.01,844033.02,39
1156,Female,Ahmedabad,2,1215568.18,416758.2,38
1157,Male,Nagpur,2,1157467.7,342433.16,39
1158,Female,Dehradun,2,1221288.68,294444.83,18
1159,Female,Jaipur,2,532450.74,185739.66,31
1160,Female,Dehradun,2,617123.56,121070.2,30
1161,Female,Pune,1,1998625.72,1008974.06,25
1162,Male,Pune,1,1599681.95,845684.44,13
1163,Female,Surat,2,753731.66,138456.17,8
1164,Male,Pune,1,1670067.77,431471.48,31
1165,Male,Kanpur,3,357246.56,87908.87,29
1166,Male,Bengaluru,1,1417910.19,636850.59,26
1167,Female,Mumbai,1,1929297.33,808714.89,44
1168,Male,Hyderabad,1,1258841.58,348652.61,35
1169,Male,Bengaluru,1,631980.52,331903.79,45
1170,Male,Mumbai,1,1052655.6,488869.73,32
1171,Female,Kanpur,3,591219.35,165837.94,6
1172,Male,Bhopal,2,938946.87,340478.56,26
1173,Female,Ranchi,3,616171.57,115864.62,18
1174,Male,Dehradun,2,1128426.24,396192.86,15
1175,Female,Mumbai,1,1633322.69,765429.59,35
1176,Male,Mumbai,1,2615522.47,1090603.63,22
1177,Female,Kanpur,3,391901.85,55538.9,15
1178,Female,Surat,2,633933.69,182919.89,27
1179,Female,Mumbai,1,2416985.27,689966.12,42
1180,Male,Pune,1,891743.25,226386.18,27
1181,Male,Chennai,1,2619139.1,1407235.92,36
1182,Male,Ahmedabad,2,1112942.71,225888.67,47
1183,Female,Ranchi,3,162570.96,42210.11,23
1184,Female,Bhopal,2,413882.14,85110.98,20
1185,Male,Indore,2,680293.13,154945.04,22
1186,Female,Bhopal,2,888970.69,287675.7,27
1187,Male,Jabalpur,3,779853.77,152224.68,20
1188,Female,Ahmedabad,2,613799.58,221935.79,11
1189,Male,Bengaluru,1,992654.64,287833.09,46
1190,Female,Bengaluru,1,1158150.72,490532.13,38
1191,Female,Indore,2,1285287.49,492827.38,33
1192,Female,Surat,2,899958.3,339434.83,33
1193,Male,Delhi,1,972688.11,250668.43,39
1194,Male,Pune,1,1478315.74,643262.16,17
1195,Female,Dehradun,2,773488.03,165447.89,28
1196,Male,Chandigarh,2,1794140.21,585196.67,19
1197,Male,Kanpur,3,585303.66,143516.06,12
1198,Male,Ahmedabad,2,1130077.74,453633.8,14
1199,Female,Nagpur,2,899158.66,329194.4,20
1200,Male,Jaipur,2,606801.7,209760.57,16
1201,Female,Bengaluru,1,2912887.28,1047027.84,40
1202,Male,Surat,2,718294.94,166129.23,42
1203,Female,Pune,1,2151949.1,769507.89,52
1204,Male,Mumbai,1,1538073.81,738211.13,33
1205,Male,Nagpur,2,540770.78,195991.0,34
1206,Male,Indore,2,1399063.16,423397.91,20
1207,Male,Lucknow,2,1137625.95,281832.45,23
1208,Male,Nagpur,2,976308.78,431252.08,17
1209,Female,Nagpur,2,692166.01,188000.89,23
1210,Female,Surat,2,462256.38,165343.37,25
1211,Male,Indore,2,496333.66,104770.81,11
1212,Female,Bengaluru,1,1650669.14,604445.86,44
1213,Male,Delhi,1,1303685.33,579449.07,54
1214,Male,Patna,3,581054.82,197297.26,21
1215,Female,Bengaluru,1,1745789.58,751635.77,23
1216,Female,Ranchi,3,226587.16,44809.74,26
1217,Male,Chandigarh,2,802066.38,179597.44,17
1218,Female,Jaipur,2,605862.96,118635.62,30
1219,Male,Dehradun,2,1657769.62,688664.9,34
1220,Female,Bhopal,2,253883.11,100744.17,32
1221,Male,Patna,3,403080.9,100828.93,18
1222,Female,Nagpur,2,828496.63,215415.72,31
1223,Female,Bengaluru,1,1748219.0,664028.55,34
1224,Male,Ahmedabad,2,635286.8,275513.42,26
1225,Female,Bengaluru,1,2153912.47,1073793.43,49
1226,Female,Hyderabad,1,1767897.12,776156.23,26
1227,Female,Hyderabad,1,2144000.62,714211.15,40
1228,Female,Chandigarh,2,1095851.97,209173.04,18
1229,Male,Chennai,1,2105182.77,893004.99,9
1230,Female,Mumbai,1,1930733.44,761449.19,39
1231,Female,Jabalpur,3,428511.88,94772.6,15
1232,Male,Jaipur,2,457359.75,89062.88,37
1233,Male,Hyderabad,1,2388514.14,871723.13,37
1234,Female,Pune,1,1594616.14,421790.02,20
1235,Female,Jabalpur,3,626651.86,159946.69,20
1236,Male,Chennai,1,2599025.02,1082249.89,29
1237,Female,Bengaluru,1,2110938.83,1024484.3,46
1238,Male,Surat,2,367441.11,161176.35,38
1239,Female,Ranchi,3,959038.25,163719.49,23
1240,Male,Indore,2,1286024.71,295665.27,40
1241,Female,Lucknow,2,950932.42,367247.16,20
1242,Male,Indore,2,359467.93,129394.41,26
1243,Male,Surat,2,860971.91,192951.58,18
1244,Male,Nagpur,2,718985.92,204487.44,20
1245,Male,Indore,2,855320.86,272129.75,20
1246,Female,Hyderabad,1,150000.0,75261.6,31
1247,Female,Lucknow,2,906586.67,178372.0,15
1248,Male,Dehradun,2,944283.12,314281.01,19
1249,Male,Bengaluru,1,1909685.61,1027291.13,45
1250,Female,Patna,3,928661.16,121175.97,21
1251,Female,Patna,3,468181.41,74475.5,16
1252,Male,Dehradun,2,326838.28,90435.41,25
1253,Female,Bhopal,2,1242235.44,249347.31,8
1254,Female,Ahmedabad,2,510268.27,159307.74,39
1255,Male,Ranchi,3,484964.1,95603.63,17
1256,Male,Jabalpur,3,569870.14,163889.49,21
1257,Female,Hyderabad,1,1152805.12,370139.44,19
1258,Female,Mumbai,1,2234523.29,925268.42,45
1259,Female,Chandigarh,2,1185425.36,236656.46,24
1260,Female,Chandigarh,2,585877.95,229227.66,14
1261,Female,Chandigarh,2,915827.95,220400.86,25
1262,Male,Ranchi,3,275086.78,94902.4,7
1263,Female,Lucknow,2,1075084.16,290522.18,20
1264,Male,Ranchi,3,450270.05,113928.56,27
1265,Female,Dehradun,2,1052169.52,435529.01,28
1266,Female,Pune,1,1911802.41,558239.06,31
1267,Female,Chandigarh,2,1347831.53,389172.42,7
1268,Male,Dehradun,2,955040.45,206774.54,25
1269,Female,Chandigarh,2,562017.32,121346.65,38
1270,Female,Jaipur,2,1378834.47,428302.78,15
1271,Male,Bhopal,2,258911.21,88112.86,16
1272,Male,Nagpur,2,486900.74,149658.56,27
1273,Male,Nagpur,2,1633545.23,386707.43,37
1274,Male,Surat,2,1321636.05,439115.02,20
1275,Male,Jabalpur,3,708295.07,177427.86,11
1276,Female,Jabalpur,3,668250.48,173962.19,22
1277,Female,Bengaluru,1,1021893.83,335589.84,34
1278,Male,Dehradun,2,1533330.22,488674.06,13
1279,Male,Lucknow,2,255972.79,96845.83,24
1280,Male,Jaipur,2,922458.49,400529.67,22
1281,Female,Patna,3,529636.95,74693.14,10
1282,Female,Bengaluru,1,2396817.06,892118.46,56
1283,Female,Ranchi,3,722509.45,119320.77,18
1284,Female,Nagpur,2,1227673.15,418851.65,26
1285,Female,Surat,2,795881.23,304394.47,35
1286,Male,Surat,2,950520.21,217490.42,31
1287,Male,Bhopal,2,608815.78,150165.26,19
1288,Male,Chennai,1,2165793.34,923488.84,16
1289,Male,Bhopal,2,1572128.63,317609.65,15
1290,Male,Ranchi,3,281953.64,52205.24,18
1291,Female,Nagpur,2,1333854.4,245086.11,21
1292,Female,Chandigarh,2,1367922.15,541200.7,34
1293,Male,Chennai,1,3412547.13,1531920.26,20
1294,Female,Chennai,1,2135775.82,1172722.09,36
1295,Male,Ahmedabad,2,559317.41,233533.56,33
1296,Female,Jabalpur,3,500205.54,85409.97,20
1297,Female,Indore,2,1617434.23,395540.18,25
1298,Male,Nagpur,2,1177128.74,311234.57,31
1299,Male,Bhopal,2,427648.33,189735.37,21
1300,Male,Dehradun,2,1095895.17,287030.39,26
1301,Female,Lucknow,2,1142499.51,419008.3,30
1302,Male,Bengaluru,1,1733283.2,501291.84,39
1303,Female,Hyderabad,1,2636334.0,1113899.02,43
1304,Female,Lucknow,2,907771.38,239916.01,13
1305,Male,Jabalpur,3,891598.06,259811.13,12
1306,Female,Kanpur,3,459753.53,83632.46,9
1307,Female,Bhopal,2,1108754.4,471773.03,19
1308,Female,Chennai,1,2739002.38,1421812.26,28
1309,Female,Jabalpur,3,488957.99,166219.87,20
1310,Female,Bengaluru,1,744268.5,200006.83,23
1311,Male,Delhi,1,1107029.55,359299.67,34
1312,Female,Mumbai,1,2493166.92,1278113.53,29
1313,Male,Chennai,1,2348011.61,1190839.36,30
1314,Male,Ahmedabad,2,702256.33,257297.71,28
1315,Male,Surat,2,952277.22,256673.52,27
1316,Female,Chandigarh,2,1677239.33,533117.25,25
1317,Male,Jabalpur,3,485192.93,147766.03,13
1318,Male,Indore,2,854885.29,306753.97,27
1319,Female,Pune,1,2311966.18,1233953.94,40
1320,Male,Indore,2,1185903.79,255628.04,21
1321,Male,Ranchi,3,735302.35,202852.53,23
1322,Female,Jabalpur,3,649605.44,103181.67,15
1323,Male,Indore,2,925618.95,285440.93,23
1324,Male,Kolkata,1,1554502.69,467102.53,45
1325,Male,Jaipur,2,962543.15,222427.23,34
1326,Male,Nagpur,2,931885.3,319789.96,39
1327,Male,Surat,2,1346386.76,543915.93,23
1328,Female,Bhopal,2,692424.75,281464.11,27
1329,Female,Kolkata,1,2652736.3,952053.4,45
1330,Female,Chennai,1,2052990.87,582591.88,41
1331,Female,Dehradun,2,1226594.83,236417.7,23
1332,Female,Ranchi,3,563090.43,149340.86,19
1333,Female,Ranchi,3,385062.23,129640.21,12
1334,Male,Nagpur,2,1248783.62,357330.55,19
1335,Female,Bhopal,2,1048423.4,293209.19,25
1336,Male,Jabalpur,3,303711.59,72807.29,10
1337,Male,Lucknow,2,1254423.09,397013.13,23
1338,Female,Hyderabad,1,1003583.4,546774.18,35
1339,Male,Chennai,1,1672985.65,751076.66,33
1340,Male,Lucknow,2,356300.27,104749.39,38
1341,Female,Pune,1,1364575.64,676933.22,40
1342,Female,Hyderabad,1,1103217.48,427395.92,53
1343,Male,Patna,3,704442.56,167629.99,13
1344,Female,Nagpur,2,1213806.03,544814.78,11
1345,Male,Patna,3,692771.62,138106.71,17
1346,Male,Dehradun,2,406812.58,73251.2,21
1347,Male,Surat,2,649861.76,138094.43,29
1348,Female,Dehradun,2,952296.82,410228.66,22
1349,Male,Hyderabad,1,1103396.06,445460.68,33
1350,Female,Chandigarh,2,468275.85,162847.27,13
1351,Male,Ranchi,3,444533.02,56982.8,19
1352,Male,Bhopal,2,862729.24,342200.24,21
1353,Male,Dehradun,2,657712.38,238360.51,9
1354,Female,Kolkata,1,2596890.86,1323922.75,35
1355,Female,Surat,2,997075.46,309564.67,24
1356,Female,Patna,3,594689.31,207065.58,8
1357,Female,Patna,3,374434.12,45533.41,25
1358,Male,Dehradun,2,402596.4,161479.28,20
1359,Male,Bengaluru,1,2501277.4,625768.03,30
1360,Female,Ahmedabad,2,527673.63,128258.03,18
1361,Female,Delhi,1,560252.01,210216.88,39
1362,Female,Ahmedabad,2,1222004.01,518656.05,22
1363,Female,Pune,1,347088.39,97892.88,34
1364,Female,Nagpur,2,530285.2,141325.43,16
1365,Male,Surat,2,1062529.45,226397.85,20
1366,Male,Nagpur,2,588074.07,117052.98,27
1367,Female,Jaipur,2,963371.96,193658.25,35
1368,Male,Surat,2,828978.89,340349.37,26
1369,Male,Jabalpur,3,551418.43,163755.72,16
1370,Male,Patna,3,434938.5,81099.83,12
1371,Female,Ahmedabad,2,414010.11,135393.7,12
1372,Female,Delhi,1,2141673.37,643080.18,26
1373,Female,Jaipur,2,912149.81,360334.7,9
1374,Female,Bengaluru,1,2353264.97,698288.97,48
1375,Male,Chennai,1,1200451.23,436014.63,35
1376,Female,Kolkata,1,1447547.09,480869.98,34
1377,Female,Ranchi,3,481092.91,77548.25,17
1378,Male,Pune,1,2190113.01,640300.82,33
1379,Male,Kolkata,1,1520070.66,827491.92,37
1380,Female,Delhi,1,2720345.88,959676.34,29
1381,Female,Surat,2,488339.33,107154.19,28
1382,Male,Ranchi,3,600218.52,183607.86,23
1383,Female,Chandigarh,2,829116.52,219467.01,20
1384,Female,Lucknow,2,409332.18,90092.72,35
1385,Male,Kanpur,3,772777.68,160651.52,20
1386,Female,Hyderabad,1,1605316.54,515699.9,31
1387,Female,Delhi,1,2485222.69,1069350.68,21
1388,Male,Hyderabad,1,1110363.92,552072.16,49
1389,Male,Ahmedabad,2,847520.75,335833.03,13
1390,Male,Chandigarh,2,785220.33,286326.62,31
1391,Female,Indore,2,772072.92,266094.5,23
1392,Female,Hyderabad,1,1377082.68,377560.6,21
1393,Female,Patna,3,468649.11,65913.01,13
1394,Male,Jabalpur,3,358967.16,68478.8,17
1395,Female,Bengaluru,1,2023667.27,1042884.01,51
1396,Female,Kanpur,3,828146.29,136607.15,32
1397,Female,Bhopal,2,515921.09,198708.24,13
1398,Female,Dehradun,2,1033435.49,391920.59,23
1399,Male,Nagpur,2,1232505.54,238358.68,26
1400,Female,Bengaluru,1,1631770.23,519055.6,18
1401,Male,Bhopal,2,1005595.0,296065.2,26
1402,Female,Surat,2,1004088.2,301337.07,24
1403,Female,Kolkata,1,262710.53,137362.02,33
1404,Female,Kolkata,1,2859335.39,1411202.15,38
1405,Female,Jaipur,2,620020.82,253642.69,9
1406,Female,Lucknow,2,1317775.7,572004.17,20
1407,Male,Surat,2,1387709.08,551442.66,30
1408,Female,Nagpur,2,783569.99,151888.1,33
1409,Male,Chandigarh,2,1484174.33,447618.97,17
1410,Male,Delhi,1,1280611.6,564011.11,47
1411,Male,Jabalpur,3,655462.76,160922.71,13
1412,Male,Chennai,1,1341918.67,636851.27,25
1413,Female,Jabalpur,3,280177.13,95952.93,17
1414,Female,Mumbai,1,1181089.06,613441.79,9
1415,Male,Kolkata,1,3098852.32,1009147.03,37
1416,Male,Lucknow,2,537431.16,126626.63,23
1417,Male,Jaipur,2,1236106.68,406281.47,28
1418,Female,Bhopal,2,1065876.93,364602.26,19
1419,Female,Bengaluru,1,2421252.78,1313827.71,42
1420,Male,Pune,1,497686.4,221241.2,43
1421,Female,Indore,2,777696.24,311273.89,18
1422,Female,Ahmedabad,2,324042.59,99749.26,37
1423,Male,Bengaluru,1,1511445.48,772189.8,44
1424,Male,Mumbai,1,1867879.12,941904.74,33
1425,Male,Dehradun,2,802002.34,180197.85,14
1426,Male,Hyderabad,1,2020135.63,890065.71,53
1427,Female,Kanpur,3,445483.31,57709.86,14
1428,Male,Mumbai,1,2241104.14,1137092.48,16
1429,Male,Chandigarh,2,643928.89,281617.43,40
1430,Male,Patna,3,609983.21,147216.54,19
1431,Male,Dehradun,2,687120.72,179853.36,27
1432,Female,Ahmedabad,2,1769739.48,605529.57,35
1433,Male,Bengaluru,1,1521963.28,662294.91,23
1434,Female,Chennai,1,1853888.2,792565.18,36
1435,Female,Bhopal,2,1098836.12,382738.34,16
1436,Female,Hyderabad,1,1625445.13,664151.97,60
1437,Male,Hyderabad,1,1970017.41,609260.92,14
1438,Male,Bengaluru,1,1434665.27,395235.77,40
1439,Male,Ranchi,3,896220.24,197773.28,13
1440,Female,Jabalpur,3,629834.27,125847.52,7
1441,Male,Kolkata,1,354441.87,166991.64,35
1442,Female,Patna,3,544646.5,107488.37,14
1443,Male,Kolkata,1,2950364.71,1166885.16,38
1444,Male,Chennai,1,3473536.32,1114945.88,38
1445,Female,Chennai,1,150000.0,40870.31,28
1446,Female,Bhopal,2,649727.87,205525.88,20
1447,Male,Chandigarh,2,555252.41,105411.61,26
1448,Female,Ahmedabad,2,1312140.65,329150.83,23
1449,Male,Bengaluru,1,1437615.2,553084.43,34
1450,Female,Surat,2,1489602.91,401828.14,39
1451,Female,Mumbai,1,1324949.86,477034.28,31
1452,Male,Kolkata,1,1952191.6,1053953.67,31
1453,Female,Indore,2,1459488.34,375096.63,31
1454,Male,Delhi,1,1289943.31,509018.34,56
1455,Female,Dehradun,2,616716.71,163966.9,32
1456,Male,Chennai,1,2411539.95,1044459.42,34
1457,Male,Dehradun,2,334439.62,91196.46,27
1458,Male,Kanpur,3,584660.84,139377.71,24
1459,Female,Bhopal,2,863480.02,296059.26,28
1460,Female,Hyderabad,1,1964722.57,1040851.1,29
1461,Female,Nagpur,2,543106.64,183062.14,26
1462,Male,Bhopal,2,724563.85,302546.12,36
1463,Male,Dehradun,2,1162465.08,404940.57,27
1464,Male,Mumbai,1,1522697.74,472856.25,27
1465,Female,Mumbai,1,1932529.82,875280.46,37
1466,Male,Kolkata,1,1160003.08,553246.45,29
1467,Female,Delhi,1,723690.64,314795.73,33
1468,Female,Kanpur,3,533263.1,121460.33,16
1469,Female,Kanpur,3,480097.55,80086.52,16
1470,Female,Patna,3,476671.35,119189.61,26
1471,Male,Bengaluru,1,2717817.25,1401229.56,32
1472,Male,Jaipur,2,927914.78,395822.48,18
1473,Male,Lucknow,2,1298844.44,280677.46,21
1474,Male,Kanpur,3,580066.66,118091.66,20
1475,Female,Hyderabad,1,1720563.55,601598.07,37
1476,Male,Indore,2,1256190.24,541341.29,31
1477,Female,Lucknow,2,1108421.81,420543.48,20
1478,Male,Ahmedabad,2,843455.41,216216.99,20
1479,Male,Ahmedabad,2,1372875.51,609126.69,32
1480,Male,Patna,3,768188.56,168957.02,15
1481,Male,Jabalpur,3,513936.54,173694.01,19
1482,Male,Lucknow,2,663315.58,254827.21,16
1483,Male,Chennai,1,2891152.43,1108387.03,19
1484,Male,Hyderabad,1,1211574.8,324141.57,42
1485,Female,Pune,1,1630110.88,489695.11,16
1486,Female,Bhopal,2,494599.9,96692.2,11
1487,Female,Pune,1,2470454.13,730075.7,37
1488,Female,Hyderabad,1,2979043.96,1119525.92,45
1489,Male,Chennai,1,1285359.28,515931.89,51
1490,Female,Chandigarh,2,801369.17,223924.61,25
1491,Male,Jaipur,2,880427.84,277797.22,27
1492,Male,Jaipur,2,989677.64,333678.66,28
1493,Female,Dehradun,2,1033458.36,313509.7,27
1494,Female,Kanpur,3,150000.0,51351.36,14
1495,Female,Delhi,1,1439652.13,732621.53,37
1496,Male,Nagpur,2,631966.51,207552.75,24
1497,Male,Bhopal,2,1246558.18,293039.08,23
1498,Male,Jaipur,2,978081.93,190476.35,35
1499,Male,Nagpur,2,904490.03,233843.91,28
1500,Male,Ahmedabad,2,1301162.39,341325.92,24
1501,Male,Delhi,1,1591836.74,540202.25,32
1502,Male,Ahmedabad,2,846516.11,204365.95,37
1503,Female,Dehradun,2,730539.12,316892.95,17
1504,Male,Indore,2,434785.2,182874.06,24
1505,Male,Pune,1,3069385.39,1673163.34,31
1506,Female,Surat,2,559746.66,128608.16,32
1507,Female,Ahmedabad,2,732434.5,224333.38,27
1508,Female,Ahmedabad,2,441927.59,82781.34,40
1509,Female,Chandigarh,2,1038529.6,308304.94,27
1510,Female,Bengaluru,1,604316.42,221640.65,61
1511,Male,Chennai,1,2568110.13,1356147.74,19
1512,Male,Pune,1,1807615.13,697463.67,40
1513,Male,Kanpur,3,593858.3,109855.8,11
1514,Male,Indore,2,663465.11,298343.07,12
1515,Female,Jabalpur,3,569896.36,79210.8,14
1516,Female,Lucknow,2,828170.07,263212.52,15
1517,Female,Bengaluru,1,1200203.69,331364.36,23
1518,Female,Mumbai,1,1688220.37,711173.27,39
1519,Female,Kolkata,1,1831844.03,465762.81,40
1520,Female,Nagpur,2,781267.06,286791.74,11
1521,Male,Ranchi,3,608402.55,147637.65,7
1522,Female,Jabalpur,3,338316.38,116656.57,15
1523,Female,Nagpur,2,898053.9,307921.37,34
1524,Male,Kolkata,1,1970947.63,903661.83,19
1525,Male,Hyderabad,1,1993607.05,864034.27,35
1526,Male,Patna,3,781592.65,124434.53,14
1527,Female,Ahmedabad,2,352937.99,104677.14,15
1528,Female,Mumbai,1,1740626.23,849781.27,50
1529,Female,Mumbai,1,510671.56,251757.82,43
1530,Male,Lucknow,2,634172.67,200535.41,19
1531,Male,Kolkata,1,1915006.34,734702.42,56
1532,Female,Patna,3,562938.57,179346.18,20
1533,Male,Delhi,1,1946673.96,993570.49,24
1534,Male,Jaipur,2,1471050.11,412558.6,29
1535,Male,Delhi,1,1735805.78,639373.33,26
1536,Female,Kanpur,3,481420.65,164813.82,21
1537,Female,Bhopal,2,1165830.21,514117.13,22
1538,Male,Bengaluru,1,478727.67,195238.65,29
1539,Male,Kanpur,3,348176.13,100758.28,23
1540,Male,Indore,2,349292.58,92639.72,15
1541,Male,Nagpur,2,192370.48,44612.57,24
1542,Male,Patna,3,312233.44,78871.84,5
1543,Female,Ahmedabad,2,1305783.37,449160.22,32
1544,Female,Jaipur,2,991775.16,195682.77,20
1545,Female,Indore,2,1428195.85,338427.96,29
1546,Female,Chandigarh,2,851332.39,203254.54,34
1547,Male,Jaipur,2,1322312.85,432523.63,12
1548,Male,Bengaluru,1,1532440.93,492872.13,28
1549,Male,Hyderabad,1,1503480.99,693419.62,21
1550,Male,Hyderabad,1,1390313.24,510627.61,22
1551,Female,Pune,1,1358982.51,367484.08,42
1552,Female,Jabalpur,3,345307.82,81617.97,12
1553,Male,Patna,3,639047.02,200864.45,20
1554,Female,Surat,2,1388118.89,367109.19,16
1555,Female,Kolkata,1,1908145.57,482662.11,31
1556,Female,Lucknow,2,297588.46,109278.03,17
1557,Male,Jaipur,2,633118.27,252702.38,33
1558,Male,Bengaluru,1,1474013.33,689993.83,17
1559,Male,Lucknow,2,1138476.81,392335.18,15
1560,Female,Kolkata,1,2095476.02,696535.73,50
1561,Male,Hyderabad,1,355617.79,150708.69,31
1562,Female,Ahmedabad,2,959570.72,336391.96,32
1563,Male,Indore,2,671135.56,162999.91,25
1564,Female,Lucknow,2,211924.85,48546.93,24
1565,Male,Pune,1,374645.65,122671.08,35
1566,Female,Indore,2,515123.45,221756.19,24
1567,Male,Surat,2,1041474.5,217332.54,30
1568,Female,Chennai,1,2254601.33,1082951.27,40
1569,Male,Chennai,1,2015182.5,1008190.64,26
1570,Male,Chennai,1,3101284.39,1201775.75,44
1571,Male,Delhi,1,1432058.35,632524.29,35
1572,Male,Hyderabad,1,1712514.19,578481.35,26
1573,Female,Indore,2,517757.58,189884.34,26
1574,Female,Bengaluru,1,1449729.74,407800.17,39
1575,Male,Bengaluru,1,150000.0,42302.03,55
1576,Male,Bengaluru,1,2422141.18,1207330.22,38
1577,Male,Jabalpur,3,429967.23,62711.29,19
1578,Female,Bengaluru,1,1515630.29,553989.27,28
1579,Male,Chennai,1,1902085.53,951978.85,40
1580,Male,Jabalpur,3,437796.88,126637.87,20
1581,Female,Pune,1,2387764.71,841182.27,21
1582,Female,Indore,2,1012306.78,188951.1,23
1583,Female,Mumbai,1,2556039.24,1280354.75,44
1584,Male,Patna,3,789468.7,118041.74,25
1585,Male,Bhopal,2,856188.95,163348.82,31
1586,Female,Pune,1,2557205.19,1177464.44,30
1587,Female,Jaipur,2,666079.18,196667.59,24
1588,Male,Hyderabad,1,2343652.22,1036657.92,34
1589,Male,Ranchi,3,597172.03,80733.31,6
1590,Female,Lucknow,2,876151.31,270751.95,26
1591,Female,Patna,3,796546.2,216910.2,11
1592,Male,Delhi,1,1106096.73,381272.14,44
1593,Female,Jaipur,2,1022629.58,195061.71,18
1594,Female,Hyderabad,1,2500956.52,1293618.87,37
1595,Male,Kolkata,1,553189.11,151070.83,12
1596,Male,Surat,2,1248523.43,307207.76,29
1597,Female,Indore,2,1310704.8,546331.29,22
1598,Female,Dehradun,2,1008800.37,234014.6,12
1599,Female,Bhopal,2,1093160.09,211162.35,30
1600,Female,Indore,2,825624.52,224938.66,34
1601,Male,Pune,1,1185215.72,565340.75,35
1602,Male,Chandigarh,2,454198.91,104839.42,27
1603,Female,Mumbai,1,2604770.41,664866.25,37
1604,Female,Delhi,1,1867015.08,925757.01,29
1605,Female,Kanpur,3,341719.01,87876.36,10
1606,Male,Nagpur,2,1161475.5,391189.73,36
1607,Male,Pune,1,2390173.73,745171.55,46
1608,Male,Ahmedabad,2,595761.68,128125.34,22
1609,Male,Jaipur,2,1197527.77,526837.73,28
1610,Female,Ahmedabad,2,498759.89,104004.2,28
1611,Male,Bhopal,2,1013114.92,351487.01,35
1612,Male,Pune,1,2295030.33,1148289.68,44
1613,Female,Nagpur,2,738590.59,260663.96,31
1614,Male,Bhopal,2,969819.85,183319.58,24
1615,Male,Bhopal,2,481916.97,179417.43,27
1616,Male,Nagpur,2,713150.77,223558.59,19
1617,Female,Dehradun,2,1047244.87,330057.31,20
1618,Female,Pune,1,934435.76,277553.71,41
1619,Male,Delhi,1,2399691.74,1143328.9,51
1620,Male,Delhi,1,1444586.69,536868.37,16
1621,Male,Ranchi,3,377419.88,94300.86,9
1622,Female,Mumbai,1,2019997.93,666004.77,33
1623,Female,Mumbai,1,2283330.88,686425.96,37
1624,Male,Ranchi,3,541143.12,182643.64,20
1625,Female,Hyderabad,1,969104.63,297021.61,45
1626,Female,Pune,1,1398662.11,410032.33,32
1627,Male,Delhi,1,1675457.49,818751.7,25
1628,Male,Hyderabad,1,999508.38,279145.71,40
1629,Female,Chennai,1,1458606.24,651626.84,45
1630,Female,Bengaluru,1,3180967.53,1446708.31,39
1631,Male,Indore,2,414246.01,78927.01,31
1632,Female,Chandigarh,2,1240416.17,414006.58,24
1633,Male,Chandigarh,2,1075291.06,389319.09,17
1634,Female,Pune,1,1036372.39,507373.46,42
1635,Female,Dehradun,2,975839.09,415466.37,22
1636,Female,Pune,1,2866467.72,1086514.01,21
1637,Male,Ahmedabad,2,262619.88,101312.18,20
1638,Female,Indore,2,946265.26,358735.3,24
1639,Male,Lucknow,2,864833.5,218248.74,24
1640,Male,Pune,1,1963009.92,915383.72,42
1641,Female,Nagpur,2,1205488.52,226140.97,17
1642,Male,Nagpur,2,1407448.73,308859.1,13
1643,Female,Pune,1,1423647.97,634497.6,41
1644,Male,Ranchi,3,843208.88,122023.82,8
1645,Male,Nagpur,2,1177150.76,529511.35,20
1646,Male,Dehradun,2,659782.1,236843.39,18
1647,Male,Chandigarh,2,1408241.19,305097.4,25
1648,Female,Ahmedabad,2,722689.02,149626.87,18
1649,Male,Chandigarh,2,1183121.74,333812.14,20
1650,Female,Bengaluru,1,1622127.58,883110.59,28
1651,Male,Jabalpur,3,338146.82,53529.95,28
1652,Male,Jaipur,2,781460.49,152610.56,23
1653,Male,Ahmedabad,2,973314.53,419270.93,17
1654,Female,Bhopal,2,1329778.07,399451.22,24
1655,Male,Chennai,1,2515060.77,760023.98,44
1656,Female,Delhi,1,2754857.36,747142.06,21
1657,Female,Jabalpur,3,648241.61,226321.65,4
1658,Female,Pune,1,2741766.87,1040830.05,33
1659,Female,Dehradun,2,1047623.03,439352.95,35
1660,Female,Bhopal,2,1505459.89,527069.1,13
1661,Female,Chennai,1,1035500.88,287939.47,32
1662,Male,Nagpur,2,643357.22,243658.4,19
1663,Female,Pune,1,1847486.96,551942.86,14
1664,Male,Bengaluru,1,1614064.72,772666.28,45
1665,Male,Lucknow,2,919552.38,278584.49,22
1666,Female,Chandigarh,2,816142.69,240048.28,25
1667,Male,Chennai,1,1482454.53,696258.14,52
1668,Male,Chandigarh,2,1135094.36,384656.73,20
1669,Male,Indore,2,666483.82,232981.57,19
1670,Male,Bengaluru,1,1585059.18,519091.23,47
1671,Female,Chandigarh,2,1035233.93,311587.9,31
1672,Female,Mumbai,1,787147.55,344802.73,34
1673,Female,Pune,1,387862.84,162807.57,6
1674,Male,Pune,1,3024003.14,1287834.18,31
1675,Female,Chennai,1,825085.17,321107.37,34
1676,Male,Kolkata,1,1997343.15,700312.54,33
1677,Female,Patna,3,558201.5,148065.85,21
1678,Female,Lucknow,2,523762.38,147424.3,25
1679,Male,Ahmedabad,2,986129.27,296485.71,18
1680,Female,Delhi,1,1316030.77,393979.89,41
1681,Female,Nagpur,2,1151446.1,428123.65,23
1682,Male,Hyderabad,1,2191038.57,603113.83,8
1683,Male,Bhopal,2,1128307.15,236448.32,11
1684,Male,Patna,3,323555.55,92225.99,22
1685,Female,Lucknow,2,1142469.16,395197.05,33
1686,Male,Kolkata,1,978148.11,534464.22,27
1687,Male,Mumbai,1,2829724.28,1288706.1,28
1688,Female,Pune,1,1327959.93,444050.37,27
1689,Female,Bengaluru,1,789477.02,202023.57,30
1690,Female,Chennai,1,910012.17,229439.13,22
1691,Female,Indore,2,1232957.19,270737.97,29
1692,Female,Dehradun,2,1051715.49,364312.67,20
1693,Female,Bengaluru,1,1888419.94,647114.9,30
1694,Female,Pune,1,2699769.7,1331743.9,28
1695,Female,Indore,2,1102077.23,319321.29,23
1696,Female,Pune,1,1735386.22,901116.12,50
1697,Female,Delhi,1,1374154.46,675446.06,40
1698,Female,Jabalpur,3,466616.96,158192.4,22
1699,Male,Jaipur,2,1735930.2,614850.02,34
1700,Male,Jaipur,2,913169.21,394226.16,22
1701,Male,Hyderabad,1,2505010.04,636233.37,40
1702,Female,Bengaluru,1,376899.49,150643.1,56
1703,Female,Surat,2,973710.29,307565.39,21
1704,Male,Nagpur,2,869156.66,191503.93,37
1705,Male,Surat,2,533857.62,221842.68,28
1706,Female,Indore,2,520575.33,228965.31,27
1707,Female,Surat,2,623191.37,217646.4,25
1708,Male,Nagpur,2,1168916.9,468515.87,20
1709,Female,Dehradun,2,900566.66,272726.13,28
1710,Female,Bengaluru,1,1412148.39,584734.86,38
1711,Male,Delhi,1,1192217.33,447552.69,35
1712,Female,Chennai,1,2209278.3,637754.08,31
1713,Male,Pune,1,1425670.33,622934.33,37
1714,Male,Kolkata,1,2628977.39,841554.42,29
1715,Male,Hyderabad,1,911000.98,422793.81,41
1716,Male,Patna,3,597011.83,89095.31,24
1717,Male,Patna,3,337049.89,94737.99,16
1718,Female,Hyderabad,1,1517028.08,609605.53,37
1719,Male,Chandigarh,2,1125955.7,365525.78,25
1720,Female,Bengaluru,1,2554973.48,1016610.7,31
1721,Female,Surat,2,516655.32,211121.87,1
1722,Female,Surat,2,781304.41,210945.13,34
1723,Female,Jaipur,2,1864326.21,455550.06,22
1724,Female,Mumbai,1,1753176.34,613986.31,49
1725,Female,Chennai,1,1614076.81,863183.02,31
1726,Male,Hyderabad,1,1180847.85,458407.31,29
1727,Male,Nagpur,2,1070164.68,352043.88,9
1728,Male,Chennai,1,1274370.37,687720.82,14
1729,Female,Lucknow,2,411593.02,101143.26,19
1730,Female,Patna,3,834859.89,139736.58,16
1731,Female,Indore,2,1399556.88,379920.77,21
1732,Female,Nagpur,2,413893.05,157419.57,27
1733,Male,Delhi,1,2015141.93,716904.42,32
1734,Female,Jaipur,2,571104.09,242488.6,34
1735,Female,Hyderabad,1,1689186.17,672142.44,33
1736,Female,Delhi,1,2276150.82,941068.64,33
1737,Male,Chandigarh,2,1223228.02,437797.57,16
1738,Female,Delhi,1,1535153.68,436127.66,36
1739,Female,Jaipur,2,1105749.56,351214.85,29
1740,Female,Mumbai,1,1232657.99,413436.47,30
1741,Female,Lucknow,2,1372798.32,447132.33,19
1742,Female,Jaipur,2,830530.44,358757.66,17
1743,Male,Chennai,1,2616459.38,1020189.9,40
1744,Female,Hyderabad,1,1231346.67,631409.83,32
1745,Female,Jabalpur,3,448868.42,106749.86,20
1746,Female,Jaipur,2,1718303.99,748270.63,23
1747,Male,Ranchi,3,762682.19,100349.36,32
1748,Female,Kolkata,1,1325966.83,664075.57,39
1749,Female,Kolkata,1,1466943.19,476306.29,26
1750,Female,Dehradun,2,422200.76,131733.71,19
1751,Male,Delhi,1,1933641.57,515852.85,34
1752,Female,Bengaluru,1,1426031.81,714344.85,36
1753,Female,Kanpur,3,1103834.87,275038.93,26
1754,Male,Hyderabad,1,1482824.69,512531.23,30
1755,Male,Pune,1,861949.55,245569.01,39
1756,Male,Kolkata,1,2208892.04,749177.18,41
1757,Male,Ahmedabad,2,1247823.78,488325.02,35
1758,Male,Jabalpur,3,580871.72,90526.45,20
1759,Male,Bhopal,2,1121358.98,265215.57,21
1760,Female,Jaipur,2,970355.24,280124.2,21
1761,Female,Jabalpur,3,590949.26,83203.51,21
1762,Male,Chennai,1,1090879.34,289483.69,18
1763,Female,Ahmedabad,2,527523.0,152064.83,24
1764,Female,Dehradun,2,1323126.25,525090.64,19
1765,Female,Pune,1,1525686.26,552307.5,24
1766,Female,Nagpur,2,1033333.49,383316.76,21
1767,Male,Bhopal,2,726213.89,151464.51,15
1768,Male,Jaipur,2,586354.34,261632.61,27
1769,Male,Lucknow,2,718611.58,241606.02,35
1770,Male,Indore,2,939430.19,213358.3,31
1771,Male,Pune,1,2543860.1,1127601.36,31
1772,Male,Ahmedabad,2,1211682.76,510570.07,27
1773,Female,Kolkata,1,2964612.98,1414351.79,38
1774,Male,Patna,3,345149.5,104720.68,20
1775,Female,Mumbai,1,1486020.01,578274.21,37
1776,Male,Hyderabad,1,1448518.67,369986.91,24
1777,Male,Ranchi,3,747378.48,196189.84,4
1778,Female,Ahmedabad,2,1239341.82,295180.22,28
1779,Female,Ranchi,3,550566.59,190345.7,25
1780,Female,Jaipur,2,798290.53,281254.19,20
1781,Female,Indore,2,1105541.84,218586.68,23
1782,Female,Jabalpur,3,946995.32,255809.45,25
1783,Female,Kolkata,1,1282160.19,645060.12,21
1784,Female,Lucknow,2,1071124.53,355524.4,21
1785,Male,Nagpur,2,1176471.9,277680.43,32
1786,Female,Mumbai,1,2541146.47,964707.81,36
1787,Female,Surat,2,881966.98,192755.75,29
1788,Male,Lucknow,2,1083063.87,288446.58,23
1789,Male,Dehradun,2,670509.3,251863.83,23
1790,Female,Chandigarh,2,1261831.88,377939.86,19
1791,Female,Chandigarh,2,1435061.75,406464.16,24
1792,Female,Jaipur,2,174697.56,48772.4,17
1793,Male,Kolkata,1,2764928.74,991311.27,36
1794,Male,Kanpur,3,917744.64,167002.98,19
1795,Female,Delhi,1,2000741.88,934467.25,33
1796,Male,Chandigarh,2,1550275.07,291313.51,32
1797,Female,Mumbai,1,1934817.84,800482.32,58
1798,Female,Lucknow,2,665936.9,154631.61,23
1799,Female,Patna,3,529335.6,120337.63,21
1800,Male,Indore,2,1009427.85,320342.55,39
1801,Male,Nagpur,2,1182812.67,266634.22,18
1802,Male,Chandigarh,2,839684.45,216047.08,14
1803,Female,Surat,2,1156490.18,411435.69,14
1804,Female,Bhopal,2,791028.24,157994.42,34
1805,Male,Pune,1,2918825.27,736149.18,42
1806,Male,Lucknow,2,705594.32,235451.29,25
1807,Male,Dehradun,2,163337.67,71077.14,41
1808,Male,Jaipur,2,734036.63,224428.69,26
1809,Male,Chandigarh,2,834926.43,252962.42,12
1810,Female,Ahmedabad,2,260834.95,58519.11,33
1811,Female,Ahmedabad,2,1350826.5,485329.4,25
1812,Female,Patna,3,641527.4,211580.7,16
1813,Female,Bhopal,2,1155850.22,510103.79,29
1814,Female,Nagpur,2,981370.32,317094.62,32
1815,Male,Jabalpur,3,943317.08,234101.04,13
1816,Male,Dehradun,2,594171.88,197584.26,32
1817,Male,Nagpur,2,840364.98,321476.1,18
1818,Male,Dehradun,2,894859.75,240693.3,10
1819,Male,Kanpur,3,751935.07,208562.79,16
1820,Female,Indore,2,822427.79,341971.64,27
1821,Male,Patna,3,331015.46,78708.98,11
1822,Male,Hyderabad,1,2457986.57,906545.62,31
1823,Female,Kolkata,1,1565329.14,572387.25,21
1824,Female,Patna,3,575730.93,135974.16,19
1825,Female,Hyderabad,1,1785607.61,477598.88,37
1826,Male,Pune,1,1493954.79,443810.33,18
1827,Female,Dehradun,2,1113334.12,417267.91,12
1828,Female,Pune,1,2880588.43,1205939.41,35
1829,Male,Delhi,1,1104487.34,317917.07,36
1830,Female,Jabalpur,3,237975.49,29708.5,19
1831,Male,Kolkata,1,2469406.5,1335070.81,58
1832,Male,Nagpur,2,642592.88,211384.62,24
1833,Male,Dehradun,2,262733.9,111608.41,19
1834,Female,Hyderabad,1,2116444.81,786712.86,22
1835,Female,Patna,3,529280.26,95801.08,15
1836,Female,Patna,3,606360.12,110145.83,18
1837,Male,Indore,2,631597.59,272969.47,25
1838,Male,Delhi,1,2294289.98,1140649.66,46
1839,Male,Bhopal,2,986913.8,367890.52,25
1840,Male,Chandigarh,2,911374.95,192853.68,31
1841,Male,Mumbai,1,1048417.94,448458.72,35
1842,Male,Ahmedabad,2,1718695.13,314027.4,22
1843,Female,Bhopal,2,886036.97,386875.6,13
1844,Male,Hyderabad,1,936470.6,434905.21,16
1845,Female,Indore,2,346150.21,100702.17,31
1846,Male,Pune,1,1572386.09,405285.17,25
1847,Female,Delhi,1,2282415.12,708353.4,28
1848,Female,Lucknow,2,882337.93,161195.81,18
1849,Female,Kanpur,3,576927.63,182619.84,18
1850,Male,Patna,3,489329.65,146825.9,18
1851,Female,Chandigarh,2,1037421.94,329162.92,28
1852,Male,Bhopal,2,1103938.28,415449.46,21
1853,Female,Pune,1,1315354.46,641579.83,28
1854,Male,Mumbai,1,1502570.64,755018.66,45
1855,Male,Ahmedabad,2,1217786.81,523736.14,25
1856,Male,Kolkata,1,2358641.91,1218195.29,23
1857,Male,Nagpur,2,1696538.9,391722.28,18
1858,Female,Chennai,1,1772534.47,488926.75,17
1859,Female,Delhi,1,1896146.74,556198.52,64
1860,Male,Jaipur,2,224201.47,71944.98,19
1861,Male,Ranchi,3,533447.78,157383.83,18
1862,Male,Chennai,1,1183002.57,314537.65,49
1863,Male,Delhi,1,1263715.42,385615.01,23
1864,Female,Patna,3,343206.75,69301.89,19
1865,Male,Indore,2,1092389.12,310615.27,39
1866,Female,Surat,2,1443830.18,262175.7,9
1867,Male,Dehradun,2,976530.76,418355.84,21
1868,Male,Kolkata,1,1248767.29,525326.96,21
1869,Female,Lucknow,2,770871.2,278031.37,26
1870,Female,Chennai,1,1238663.56,327929.39,10
1871,Male,Ranchi,3,650083.98,145885.69,14
1872,Male,Patna,3,389754.2,123361.84,8
1873,Male,Kanpur,3,397641.83,58463.46,23
1874,Male,Lucknow,2,992366.09,334456.14,23
1875,Female,Chennai,1,3467199.47,1247527.77,43
1876,Male,Kolkata,1,1873681.79,534044.97,48
1877,Male,Jaipur,2,937509.47,405823.44,16
1878,Female,Bhopal,2,1166008.03,450435.67,21
1879,Male,Lucknow,2,1001837.66,234340.68,20
1880,Female,Delhi,1,1821523.31,851817.98,11
1881,Female,Kolkata,1,1642602.86,649685.36,25
1882,Male,Chandigarh,2,1362262.54,308352.37,26
1883,Male,Mumbai,1,2220149.08,925272.09,44
1884,Male,Bengaluru,1,1285448.91,374733.14,51
1885,Female,Nagpur,2,1007741.33,355361.03,41
1886,Male,Hyderabad,1,2273535.07,969005.57,32
1887,Male,Kanpur,3,531640.95,156282.18,12
1888,Female,Chennai,1,1781274.13,923455.74,49
1889,Female,Ahmedabad,2,690062.29,291634.93,12
1890,Female,Lucknow,2,1008443.16,415402.69,30
1891,Male,Jabalpur,3,376159.13,65848.56,14
1892,Male,Chennai,1,731071.26,253075.14,29
1893,Female,Delhi,1,1511264.69,637277.87,27
1894,Female,Bhopal,2,208865.19,79690.86,19
1895,Male,Patna,3,599035.85,117626.78,20
1896,Male,Chennai,1,1339113.05,387131.42,39
1897,Male,Mumbai,1,2564474.75,830644.85,29
1898,Female,Pune,1,2052717.6,669104.55,44
1899,Female,Bhopal,2,1351765.45,482536.62,45
1900,Female,Ranchi,3,642640.88,122843.87,15
1901,Female,Bengaluru,1,770657.31,318316.4,22
1902,Male,Chandigarh,2,1137022.98,451247.21,16
1903,Female,Chennai,1,2933151.35,1315688.78,39
1904,Female,Indore,2,1292296.96,335440.71,20
1905,Female,Jaipur,2,1450806.98,409589.06,28
1906,Female,Dehradun,2,765237.12,306745.41,10
1907,Male,Pune,1,1855701.47,832170.51,42
1908,Male,Hyderabad,1,2335134.75,1160849.98,25
1909,Male,Pune,1,1619890.0,448388.74,45
1910,Female,Patna,3,279915.81,52337.31,15
1911,Female,Nagpur,2,804656.49,274337.38,34
1912,Female,Pune,1,1617877.26,448006.84,28
1913,Male,Bhopal,2,371485.58,160493.98,23
1914,Female,Hyderabad,1,1110881.15,465402.9,30
1915,Male,Dehradun,2,1279469.39,395125.29,26
1916,Female,Patna,3,260286.22,64632.25,13
1917,Male,Delhi,1,1422867.41,356326.56,32
1918,Female,Jaipur,2,1328914.69,444555.32,23
1919,Male,Mumbai,1,1259781.43,376950.64,30
1920,Male,Chandigarh,2,1219141.12,517591.65,19
1921,Male,Patna,3,487506.43,71153.18,22
1922,Female,Dehradun,2,1017788.43,228470.44,32
1923,Male,Indore,2,304334.22,115322.75,20
1924,Male,Surat,2,991288.11,193084.23,24
1925,Male,Mumbai,1,1607638.39,644566.64,12
1926,Female,Kanpur,3,754564.69,242360.01,12
1927,Male,Dehradun,2,958649.54,386326.01,34
1928,Female,Bengaluru,1,1219623.57,420860.27,18
1929,Male,Chandigarh,2,267535.51,117618.0,22
1930,Female,Chandigarh,2,680030.0,219133.3,22
1931,Male,Delhi,1,1666831.41,633354.73,20
1932,Female,Surat,2,1124929.86,331973.48,31
1933,Male,Indore,2,465213.71,180958.21,15
1934,Female,Bengaluru,1,1721956.45,498100.6,49
1935,Female,Jabalpur,3,627693.69,144941.88,22
1936,Female,Bengaluru,1,2112341.29,1140096.36,35
1937,Female,Jabalpur,3,659572.41,109070.73,14
1938,Female,Chennai,1,2261789.84,840255.67,24
1939,Male,Mumbai,1,2389608.13,1245545.24,35
1940,Female,Indore,2,760006.29,263845.89,16
1941,Male,Delhi,1,868506.41,373200.08,13
1942,Female,Bengaluru,1,2564472.07,852833.3,20
1943,Male,Kanpur,3,593132.95,80985.51,22
1944,Female,Jabalpur,3,561206.77,106502.33,13
1945,Male,Bhopal,2,484282.17,162757.29,21
1946,Female,Ahmedabad,2,901391.23,182429.81,29
1947,Female,Chandigarh,2,363962.64,149624.97,34
1948,Female,Bhopal,2,433043.73,100292.29,22
1949,Male,Chennai,1,1265069.25,607448.32,43
1950,Male,Ahmedabad,2,678025.38,207259.8,16
1951,Female,Chandigarh,2,700390.08,154322.43,15
1952,Female,Lucknow,2,150000.0,63480.79,31
1953,Male,Chennai,1,1675682.8,666119.74,41
1954,Female,Pune,1,780322.99,241799.84,30
1955,Female,Hyderabad,1,1874940.22,616392.39,31
1956,Female,Chennai,1,2093001.02,826567.7,38
1957,Male,Ranchi,3,611528.54,101593.16,17
1958,Male,Kolkata,1,1311668.48,395897.22,25
1959,Male,Indore,2,1164483.04,403078.72,23
1960,Male,Jabalpur,3,672469.07,88192.15,17
1961,Male,Chandigarh,2,1011987.82,350349.38,13
1962,Male,Patna,3,531719.52,143194.94,15
1963,Male,Nagpur,2,1241614.25,330954.85,36
1964,Female,Jabalpur,3,522212.76,78130.09,12
1965,Male,Nagpur,2,887193.51,235691.81,30
1966,Male,Dehradun,2,895720.35,236209.68,37
1967,Male,Kanpur,3,602836.76,165654.65,19
1968,Female,Surat,2,930085.09,359096.2,20
1969,Female,Nagpur,2,769321.05,321786.75,20
1970,Male,Kanpur,3,150000.0,18244.83,10
1971,Male,Nagpur,2,731190.25,238372.94,33
1972,Male,Hyderabad,1,2628926.71,1411192.13,45
1973,Female,Indore,2,150000.0,65625.0,30
1974,Female,Kanpur,3,302699.96,45128.56,23
1975,Male,Patna,3,476015.51,129432.44,24
1976,Female,Jaipur,2,406060.75,139057.69,23
1977,Female,Chandigarh,2,855008.8,280088.94,19
1978,Male,Jabalpur,3,834628.95,259087.81,15
1979,Female,Hyderabad,1,1915782.56,1016220.37,21
1980,Female,Ranchi,3,603200.91,114450.06,19
1981,Female,Surat,2,532072.99,118381.09,4
1982,Male,Surat,2,624617.67,126492.79,18
1983,Male,Kolkata,1,1894894.39,852912.92,42
1984,Female,Ranchi,3,504626.33,132689.82,22
1985,Male,Bhopal,2,1076603.64,295714.52,30
1986,Female,Pune,1,2229879.08,557630.99,12
1987,Female,Chennai,1,1277840.51,415483.3,28
1988,Female,Surat,2,682601.67,158166.15,31
1989,Female,Nagpur,2,1291521.32,316635.08,25
1990,Female,Surat,2,823124.24,314323.15,19
1991,Male,Patna,3,786791.49,268064.73,19
1992,Male,Kanpur,3,633056.47,147798.79,25
1993,Female,Mumbai,1,1061052.36,477486.99,31
1994,Male,Hyderabad,1,2253132.88,959903.04,18
1995,Male,Delhi,1,2656764.13,875377.53,33
1996,Male,Jaipur,2,1494401.64,536757.2,6
1997,Female,Lucknow,2,727815.08,257961.45,35
1998,Male,Hyderabad,1,2815878.26,721152.97,27
1999,Male,Lucknow,2,877749.26,366133.94,13
2000,Male,Surat,2,1169769.08,363359.71,25
2001,Female,Bhopal,2,534064.68,211872.64,24
2002,Male,Chennai,1,2078754.67,1087702.7,32
2003,Female,Surat,2,911022.05,330532.76,30
2004,Female,Ahmedabad,2,743568.3,254492.53,27
2005,Female,Delhi,1,1798049.72,533036.88,29
2006,Female,Indore,2,732751.66,217449.94,16
2007,Male,Chandigarh,2,666149.93,210501.23,26
2008,Female,Mumbai,1,2007927.63,885940.61,22
2009,Female,Kolkata,1,2950479.06,1034682.18,38
2010,Female,Ahmedabad,2,766342.23,238125.38,37
2011,Male,Nagpur,2,1315150.92,346751.01,37
2012,Female,Kolkata,1,1957092.05,563898.47,40
2013,Male,Jabalpur,3,752487.86,234912.78,7
2014,Male,Bengaluru,1,789510.08,213244.56,41
2015,Male,Pune,1,1650287.38,769198.97,44
2016,Male,Indore,2,840854.73,194779.7,31
2017,Female,Patna,3,711760.45,217091.29,18
2018,Female,Surat,2,964329.78,322483.77,21
2019,Male,Hyderabad,1,2527024.25,942598.08,35
2020,Female,Nagpur,2,628212.28,160256.19,24
2021,Female,Mumbai,1,2073256.34,694126.65,33
2022,Male,Jabalpur,3,908895.33,142971.21,15
2023,Male,Delhi,1,3001135.34,1530748.78,34
2024,Male,Chandigarh,2,1420938.14,304217.94,33
2025,Female,Ranchi,3,416711.78,139484.44,23
2026,Female,Dehradun,2,1233689.14,295031.79,31
2027,Female,Bengaluru,1,3259299.04,1567697.04,24
2028,Male,Kanpur,3,492491.79,152295.63,21
2029,Male,Pune,1,150000.0,51649.53,48
2030,Male,Kanpur,3,837829.81,179726.7,21
2031,Female,Patna,3,810603.36,229853.08,23
2032,Female,Bengaluru,1,622790.03,200868.06,32
2033,Male,Ahmedabad,2,1253596.11,353706.97,24
2034,Female,Chandigarh,2,763176.93,235467.03,26
2035,Female,Bhopal,2,902576.94,219397.22,13
2036,Female,Kolkata,1,2769840.44,1333311.01,30
2037,Male,Surat,2,294408.04,92892.39,35
2038,Female,Chennai,1,2625939.39,1039665.89,55
2039,Male,Jabalpur,3,312585.67,95941.47,18
2040,Male,Ranchi,3,354836.12,105108.18,18
2041,Female,Delhi,1,1134170.94,459928.87,31
2042,Male,Indore,2,698189.38,202329.6,19
2043,Female,Indore,2,1339301.03,406083.49,21
2044,Female,Surat,2,712555.02,226208.15,18
2045,Female,Mumbai,1,2032153.37,852943.93,24
2046,Female,Kanpur,3,601371.89,198343.6,18
2047,Male,Dehradun,2,760035.0,320486.24,19
2048,Male,Lucknow,2,843201.14,252493.47,24
2049,Male,Chandigarh,2,920429.6,249813.42,20
2050,Male,Chennai,1,3446240.29,1759789.27,29
2051,Male,Surat,2,629290.45,252499.97,40
2052,Male,Bengaluru,1,537677.92,142010.61,37
2053,Female,Kolkata,1,2399716.2,717205.09,38
2054,Male,Chennai,1,2053233.39,1076514.65,38
2055,Female,Surat,2,1057673.5,281953.48,22
2056,Male,Bengaluru,1,1360790.02,358111.39,35
2057,Female,Mumbai,1,1496288.58,489118.35,52
2058,Male,Chandigarh,2,1098621.05,197870.9,16
2059,Male,Bengaluru,1,1486427.06,587818.91,22
2060,Male,Delhi,1,842348.12,454172.88,23
2061,Male,Jaipur,2,849292.5,251515.85,25
2062,Male,Nagpur,2,767314.39,157706.29,30
2063,Female,Jaipur,2,1102771.37,368308.41,36
2064,Female,Indore,2,463990.14,146666.78,29
2065,Female,Indore,2,280832.39,122463.93,27
2066,Male,Chandigarh,2,1071563.53,215446.79,31
2067,Male,Indore,2,893736.76,199654.18,17
2068,Male,Surat,2,150000.0,52895.15,23
2069,Male,Ranchi,3,514758.65,94294.6,11
2070,Male,Nagpur,2,1238290.49,233328.18,19
2071,Female,Bengaluru,1,1820601.41,620796.51,40
2072,Male,Kanpur,3,444424.78,154460.0,16
2073,Female,Lucknow,2,937522.79,280824.36,22
2074,Male,Ranchi,3,269546.91,75920.39,35
2075,Female,Lucknow,2,1144155.44,264377.08,18
2076,Female,Indore,2,406220.11,167622.15,27
2077,Female,Mumbai,1,1820433.35,647514.79,41
2078,Male,Pune,1,2394399.82,981907.64,22
2079,Female,Hyderabad,1,1703342.37,780401.64,40
2080,Female,Surat,2,1885595.07,475733.87,5
2081,Female,Hyderabad,1,662119.18,305894.27,9
2082,Male,Bhopal,2,839910.22,160753.88,28
2083,Male,Surat,2,1984404.8,447441.51,22
2084,Male,Chennai,1,2065183.54,797478.82,41
2085,Female,Mumbai,1,2624029.47,1033973.84,36
2086,Male,Surat,2,856417.15,288068.79,6
2087,Male,Lucknow,2,1286126.15,266053.18,36
2088,Male,Bhopal,2,568947.84,114499.83,27
2089,Male,Patna,3,150000.0,38313.95,22
2090,Male,Pune,1,1700865.31,514402.93,26
2091,Female,Ahmedabad,2,911801.67,333361.94,27
2092,Male,Kolkata,1,1345482.74,730275.91,32
2093,Male,Pune,1,1382173.65,615010.85,18
2094,Female,Surat,2,282443.14,55537.97,27
2095,Male,Surat,2,513885.47,101601.43,31
2096,Male,Lucknow,2,1135419.02,328386.2,39
2097,Male,Jaipur,2,470312.01,169686.24,20
2098,Female,Kolkata,1,780388.42,299674.32,53
2099,Female,Chandigarh,2,1152348.93,358402.43,20
2100,Male,Hyderabad,1,491837.86,149785.55,39
2101,Female,Chennai,1,1970194.26,608534.46,30
2102,Male,Ranchi,3,386774.61,83399.51,27
2103,Female,Kolkata,1,243498.08,68224.75,29
2104,Female,Dehradun,2,1278823.86,460071.96,14
2105,Female,Chandigarh,2,782818.95,181794.63,10
2106,Male,Nagpur,2,844472.09,203884.4,26
2107,Female,Nagpur,2,671287.99,236696.8,21
2108,Female,Chandigarh,2,424010.78,157369.87,34
2109,Male,Pune,1,667539.57,297220.92,38
2110,Male,Chandigarh,2,933729.23,278279.31,16
2111,Female,Ahmedabad,2,1135302.69,471445.87,12
2112,Female,Jaipur,2,413187.05,103055.44,21
2113,Female,Hyderabad,1,213763.53,112042.95,31
2114,Female,Dehradun,2,413291.8,117190.67,13
2115,Female,Jabalpur,3,631173.27,164899.59,24
2116,Female,Lucknow,2,1257856.9,239443.43,20
2117,Male,Surat,2,913139.64,262552.82,33
2118,Male,Pune,1,3264103.46,828526.17,34
2119,Male,Jaipur,2,846811.42,230841.61,33
2120,Male,Surat,2,835693.35,262413.69,16
2121,Male,Jaipur,2,1484971.65,436050.14,17
2122,Male,Bengaluru,1,1870723.44,920851.23,39
2123,Male,Kanpur,3,507713.63,100260.73,12
2124,Female,Nagpur,2,1281015.15,257677.89,26
2125,Male,Nagpur,2,1126061.65,367745.94,16
2126,Female,Delhi,1,1914146.44,1021988.81,24
2127,Female,Surat,2,286668.02,98558.22,18
2128,Female,Hyderabad,1,1977594.7,981228.96,26
2129,Male,Indore,2,561654.34,220440.04,18
2130,Female,Nagpur,2,844755.29,267422.91,20
2131,Female,Hyderabad,1,2971409.32,1059169.9,39
2132,Male,Kanpur,3,794343.05,195370.03,28
2133,Female,Indore,2,437692.58,88788.2,31
2134,Male,Kanpur,3,497426.45,116917.86,15
2135,Male,Ahmedabad,2,1072509.39,421540.12,31
2136,Male,Kanpur,3,352242.11,74163.46,7
2137,Male,Jabalpur,3,574587.53,90997.91,18
2138,Male,Pune,1,2292145.6,1057094.0,29
2139,Female,Dehradun,2,856902.25,307398.14,29
2140,Male,Delhi,1,3345893.36,1287766.34,29
2141,Male,Dehradun,2,912210.78,294386.6,13
2142,Female,Bengaluru,1,2222074.87,998017.12,42
2143,Male,Bhopal,2,1018284.44,320843.5,20
2144,Male,Delhi,1,1723918.6,711443.95,31
2145,Female,Kanpur,3,630456.71,76866.28,14
2146,Female,Indore,2,1002533.14,373829.21,15
2147,Male,Jabalpur,3,593174.39,162831.85,20
2148,Female,Delhi,1,1865995.51,844435.68,24
2149,Female,Chennai,1,2913282.5,1184420.31,29
2150,Male,Jaipur,2,1074511.69,452998.8,31
2151,Female,Indore,2,550592.63,185363.45,29
2152,Male,Bhopal,2,800280.68,288876.18,30
2153,Female,Kanpur,3,634231.08,125186.8,10
2154,Male,Indore,2,667446.99,152369.53,16
2155,Female,Kanpur,3,511452.94,90227.58,23
2156,Female,Bhopal,2,232335.87,88518.39,20
2157,Female,Dehradun,2,879447.85,362753.79,28
2158,Male,Ranchi,3,338046.65,94262.02,19
2159,Male,Kanpur,3,942141.19,305845.51,19
2160,Male,Jabalpur,3,712911.98,208636.45,17
2161,Male,Ahmedabad,2,1772264.4,474801.87,22
2162,Female,Kanpur,3,530057.53,139597.18,16
2163,Male,Kolkata,1,424110.88,161793.88,29
2164,Male,Pune,1,1293337.38,590722.8,29
2165,Male,Bhopal,2,400610.7,106678.28,25
2166,Female,Ahmedabad,2,649926.37,142861.82,26
2167,Male,Chandigarh,2,1187081.34,443265.48,31
2168,Female,Dehradun,2,802390.73,283577.0,41
2169,Male,Dehradun,2,938350.05,365981.84,21
2170,Male,Nagpur,2,150000.0,38235.78,25
2171,Male,Patna,3,797892.57,255582.98,24
2172,Male,Ahmedabad,2,1314372.17,435801.22,19
2173,Male,Hyderabad,1,1852156.72,750658.65,45
2174,Male,Hyderabad,1,2876831.31,1551783.36,39
2175,Male,Nagpur,2,917264.86,317395.49,30
2176,Male,Delhi,1,1164438.0,559427.24,34
2177,Male,Jaipur,2,607508.85,159583.22,33
2178,Female,Kanpur,3,488564.23,125261.27,21
2179,Male,Ranchi,3,583294.7,125594.35,20
2180,Male,Lucknow,2,524779.68,133745.23,35
2181,Female,Kolkata,1,864402.05,228848.93,48
2182,Female,Ranchi,3,559907.66,165322.55,15
2183,Male,Dehradun,2,1327453.23,250922.06,26
2184,Female,Ahmedabad,2,446108.15,134173.14,19
2185,Male,Ranchi,3,597565.86,147857.77,17
2186,Male,Nagpur,2,1039456.82,226315.27,26
2187,Female,Ranchi,3,520713.33,174306.78,12
2188,Female,Pune,1,2952457.88,863115.15,60
2189,Male,Jabalpur,3,591947.73,195556.91,13
2190,Female,Ahmedabad,2,1118603.81,225117.47,16
2191,Male,Indore,2,503302.64,190604.47,27
2192,Male,Chennai,1,1558655.79,669955.71,16
2193,Female,Kolkata,1,2173945.5,740863.46,27
2194,Male,Hyderabad,1,1132277.64,516811.48,39
2195,Female,Pune,1,1655110.79,536523.73,24
2196,Male,Ranchi,3,397681.61,128369.63,23
2197,Male,Surat,2,859934.67,297312.44,26
2198,Female,Bengaluru,1,1657773.48,769201.12,27
2199,Male,Hyderabad,1,2620267.1,877166.53,49
2200,Female,Patna,3,401806.71,114665.69,16
2201,Male,Bhopal,2,1554011.13,384174.48,25
2202,Female,Kanpur,3,339129.21,42703.41,10
2203,Female,Ahmedabad,2,1281466.74,541125.72,20
2204,Female,Indore,2,150000.0,28248.4,34
2205,Male,Nagpur,2,894201.06,243510.9,30
2206,Male,Patna,3,788970.78,134475.09,31
2207,Female,Jaipur,2,1562267.12,587920.84,17
2208,Male,Ahmedabad,2,728852.7,183042.49,20
2209,Female,Lucknow,2,1153607.12,287683.22,28
2210,Male,Jaipur,2,381155.05,121704.86,21
2211,Male,Mumbai,1,1900398.6,677163.71,43
2212,Male,Nagpur,2,439876.91,165590.09,10
2213,Male,Kanpur,3,754470.61,254363.58,17
2214,Male,Indore,2,1148917.36,236292.39,9
2215,Female,Chandigarh,2,766478.7,180639.66,14
2216,Male,Bhopal,2,1683423.61,617485.26,17
2217,Female,Hyderabad,1,2474909.12,1040688.76,31
2218,Female,Nagpur,2,645515.16,197183.03,24
2219,Female,Jaipur,2,1045880.55,423250.98,34
2220,Female,Nagpur,2,536129.82,98477.8,24
2221,Female,Ranchi,3,744939.99,224792.93,11
2222,Male,Indore,2,885911.49,260194.07,9
2223,Female,Patna,3,292450.38,44266.86,15
2224,Female,Pune,1,767212.02,415785.5,45
2225,Female,Surat,2,706708.56,195487.68,16
2226,Female,Jaipur,2,930882.51,304185.23,32
2227,Female,Nagpur,2,493276.96,174990.01,37
2228,Male,Indore,2,1655908.74,695002.72,10
2229,Male,Chennai,1,1466414.0,505884.57,21
2230,Male,Jabalpur,3,354533.94,83606.59,16
2231,Male,Chennai,1,1614107.64,641097.85,48
2232,Female,Kanpur,3,634015.94,147601.77,22
2233,Male,Chandigarh,2,1082264.64,363419.61,22
2234,Female,Pune,1,1292662.08,634619.43,26
2235,Male,Mumbai,1,2003841.93,738280.68,31
2236,Female,Hyderabad,1,2530691.81,946158.24,34
2237,Female,Ranchi,3,436347.54,52597.3,18
2238,Male,Bengaluru,1,2354157.94,674182.5,23
2239,Male,Jaipur,2,824216.88,292527.76,17
2240,Male,Bhopal,2,601533.24,121202.21,29
2241,Male,Ranchi,3,441116.78,136311.41,20
2242,Female,Indore,2,1076823.86,291867.24,36
2243,Female,Ranchi,3,447454.19,106155.88,15
2244,Male,Ranchi,3,225387.33,51688.66,24
2245,Female,Pune,1,2772834.89,1442921.62,21
2246,Male,Jabalpur,3,480295.11,73196.87,11
2247,Female,Kolkata,1,2791488.25,1478299.1,42
2248,Male,Kolkata,1,1905723.04,509094.5,28
2249,Male,Ranchi,3,563200.61,154288.88,23
2250,Male,Ranchi,3,499832.39,64416.43,19
2251,Female,Delhi,1,1546356.71,446423.4,42
2252,Male,Ahmedabad,2,1737171.98,327217.3,18
2253,Male,Pune,1,2437151.05,1327749.47,33
2254,Female,Jaipur,2,536128.12,227628.92,28
2255,Female,Bhopal,2,476780.45,204475.02,25
2256,Male,Indore,2,1183702.27,439720.29,32
2257,Male,Kanpur,3,443042.04,123301.87,14
2258,Male,Bengaluru,1,1576968.63,764199.86,20
2259,Female,Surat,2,815499.3,321218.07,36
2260,Female,Surat,2,1058014.36,255695.6,32
2261,Female,Bhopal,2,574802.28,121592.01,15
2262,Male,Ahmedabad,2,595305.98,180341.26,19
2263,Female,Jabalpur,3,722586.94,102624.3,24
2264,Male,Nagpur,2,944121.81,262660.25,31
2265,Male,Jaipur,2,616314.98,226340.23,31
2266,Male,Patna,3,923280.16,157774.45,13
2267,Male,Surat,2,1285465.56,395624.6,30
2268,Female,Kanpur,3,402813.25,131172.52,31
2269,Male,Chandigarh,2,1331692.13,527836.23,24
2270,Female,Kanpur,3,293299.53,62589.79,15
2271,Female,Surat,2,719103.59,231262.14,29
2272,Female,Jabalpur,3,453236.15,121335.04,24
2273,Female,Nagpur,2,744857.79,293834.29,22
2274,Female,Ahmedabad,2,802026.41,329536.25,21
2275,Female,Jabalpur,3,575025.16,198578.55,17
2276,Male,Nagpur,2,748784.67,155150.63,39
2277,Male,Dehradun,2,849719.16,373257.76,23
2278,Male,Jaipur,2,1240678.08,356523.05,29
2279,Male,Indore,2,490681.78,152000.93,19
2280,Female,Ahmedabad,2,1631685.47,406978.25,31
2281,Female,Patna,3,176118.43,39326.96,16
2282,Male,Kanpur,3,238082.74,51286.54,29
2283,Male,Jaipur,2,1214425.85,491822.12,33
2284,Male,Lucknow,2,1118500.78,378056.16,13
2285,Female,Indore,2,813782.65,215425.5,6
2286,Male,Bengaluru,1,1542608.37,434481.96,30
2287,Female,Dehradun,2,1291613.11,564000.59,35
2288,Male,Bhopal,2,1634556.32,724992.99,13
2289,Female,Nagpur,2,1217290.45,246404.5,25
2290,Male,Pune,1,1620518.21,689412.27,21
2291,Male,Dehradun,2,719690.19,285224.96,23
2292,Male,Ahmedabad,2,456586.15,143187.1,28
2293,Male,Jaipur,2,1194879.86,376264.05,31
2294,Male,Ahmedabad,2,560365.61,143299.54,38
2295,Female,Ahmedabad,2,584016.88,132199.05,31
2296,Male,Hyderabad,1,516505.05,226576.07,37
2297,Male,Chennai,1,2031079.65,680389.26,26
2298,Male,Dehradun,2,1158169.08,398774.21,19
2299,Male,Surat,2,871211.21,317115.97,27
2300,Female,Dehradun,2,846695.71,372741.5,19
2301,Female,Ranchi,3,225324.91,33272.0,19
2302,Female,Dehradun,2,1238114.28,347864.86,35
2303,Male,Dehradun,2,1072005.93,285853.13,23
2304,Female,Kanpur,3,590998.06,182898.77,8
2305,Male,Indore,2,707294.53,263284.84,29
2306,Male,Nagpur,2,404072.26,158189.57,11
2307,Female,Delhi,1,1359930.83,493510.12,8
2308,Male,Dehradun,2,728300.21,265899.08,23
2309,Female,Kanpur,3,307839.61,94718.46,16
2310,Male,Indore,2,877730.61,228720.52,36
2311,Male,Jabalpur,3,300998.66,52458.6,23
2312,Female,Kanpur,3,470854.01,157881.53,14
2313,Male,Chandigarh,2,150000.0,62372.35,27
2314,Male,Mumbai,1,655714.54,204704.08,24
2315,Male,Indore,2,372716.16,135248.28,16
2316,Female,Chandigarh,2,1115972.07,220729.1,11
2317,Female,Ranchi,3,481462.59,161529.89,10
2318,Female,Pune,1,2858771.49,933463.7,23
2319,Female,Ahmedabad,2,602597.68,136779.32,21
2320,Female,Dehradun,2,175087.04,55462.06,32
2321,Male,Bhopal,2,259611.36,67415.72,29
2322,Female,Dehradun,2,1114610.9,258586.43,28
2323,Female,Kolkata,1,2285252.32,817807.12,14
2324,Female,Bhopal,2,983216.41,316387.27,17
2325,Female,Indore,2,820198.0,324122.42,13
2326,Male,Jabalpur,3,396516.7,97560.93,19
2327,Male,Nagpur,2,1235297.88,432183.47,30
2328,Male,Nagpur,2,1065395.09,386613.02,18
2329,Female,Chennai,1,1753485.72,613518.48,31
2330,Female,Ahmedabad,2,513345.79,174299.08,30
2331,Male,Indore,2,1272881.7,315661.89,22
2332,Male,Hyderabad,1,1834527.39,895361.68,37
2333,Male,Dehradun,2,471872.92,162845.05,36
2334,Female,Pune,1,1073010.59,303006.1,47
2335,Male,Dehradun,2,950899.53,304836.47,19
2336,Female,Kanpur,3,562303.08,122111.16,28
2337,Female,Dehradun,2,778144.91,210566.36,24
2338,Male,Jaipur,2,1213433.94,496015.54,11
2339,Male,Indore,2,781241.08,156340.27,24
2340,Male,Pune,1,2150819.89,984995.63,35
2341,Female,Kolkata,1,2205250.05,959963.82,39
2342,Male,Dehradun,2,822132.65,331897.56,25
2343,Female,Jabalpur,3,426578.51,120719.86,22
2344,Female,Jaipur,2,714877.12,193868.93,21
2345,Female,Bhopal,2,998015.87,308111.0,3
2346,Male,Bhopal,2,356137.45,92824.19,37
2347,Male,Patna,3,620417.68,196849.89,21
2348,Male,Bhopal,2,514378.97,189281.06,24
2349,Male,Nagpur,2,801824.28,158400.56,13
2350,Female,Lucknow,2,851070.38,360714.54,25
2351,Female,Chandigarh,2,862151.35,328461.92,33
2352,Male,Jabalpur,3,769226.89,168703.13,20
2353,Female,Indore,2,832343.52,361287.66,36
2354,Male,Jabalpur,3,150000.0,45084.98,11
2355,Female,Pune,1,1952872.29,593554.72,47
2356,Female,Patna,3,640586.84,187811.62,17
2357,Male,Bengaluru,1,3300104.94,1646784.72,30
2358,Female,Pune,1,832997.14,287531.09,37
2359,Female,Ahmedabad,2,988808.05,191784.4,10
2360,Female,Chandigarh,2,1031069.95,222508.07,21
2361,Female,Jaipur,2,805516.84,257461.42,12
2362,Female,Jaipur,2,791962.91,311450.06,37
2363,Female,Bhopal,2,591995.81,131547.09,27
2364,Male,Patna,3,183835.21,53498.84,10
2365,Male,Pune,1,511813.53,154172.61,48
2366,Male,Hyderabad,1,2081024.9,784612.23,20
2367,Male,Jaipur,2,448681.79,161069.89,25
2368,Male,Kolkata,1,1486681.97,590888.09,41
2369,Male,Indore,2,616596.31,211877.32,26
2370,Male,Chennai,1,2442622.03,1126613.75,41
2371,Male,Dehradun,2,470837.22,193872.32,42
2372,Female,Mumbai,1,1799112.5,952559.03,41
2373,Male,Kanpur,3,746116.58,167526.32,32
2374,Female,Chennai,1,1842720.01,670727.94,18
2375,Male,Ranchi,3,615770.96,123500.65,17
2376,Female,Bengaluru,1,1036835.44,274126.14,33
2377,Male,Lucknow,2,1030736.79,397235.96,36
2378,Female,Ahmedabad,2,981501.21,243886.82,15
2379,Male,Jabalpur,3,479191.19,70384.62,13
2380,Male,Hyderabad,1,1606792.26,684993.16,31
2381,Male,Mumbai,1,1522019.27,673056.81,34
2382,Female,Bhopal,2,347130.39,81869.32,20
2383,Female,Dehradun,2,557592.22,127414.29,39
2384,Female,Surat,2,1118026.29,460449.57,39
2385,Female,Surat,2,990038.7,358245.04,22
2386,Male,Hyderabad,1,2042688.34,781255.13,28
2387,Female,Nagpur,2,455748.11,199772.61,37
2388,Female,Nagpur,2,980940.21,415331.24,24
2389,Female,Kanpur,3,699968.4,244281.25,14
2390,Female,Bhopal,2,757868.1,242857.92,12
2391,Male,Surat,2,648003.66,194253.3,17
2392,Female,Bengaluru,1,1874574.48,865066.15,34
2393,Female,Lucknow,2,984306.87,350892.85,19
2394,Female,Patna,3,575877.64,192568.19,17
2395,Female,Hyderabad,1,2455239.32,681193.6,42
2396,Male,Mumbai,1,698459.3,212586.85,35
2397,Male,Kanpur,3,493252.06,112357.83,19
2398,Female,Bhopal,2,462390.25,122694.48,26
2399,Male,Dehradun,2,285596.74,73047.54,19
2400,Female,Dehradun,2,1171103.17,301842.71,26
2401,Male,Lucknow,2,1082241.32,403029.24,16
2402,Female,Patna,3,348749.12,62079.63,24
2403,Male,Ranchi,3,764396.32,171251.07,17
2404,Female,Mumbai,1,988265.57,373487.12,32
2405,Female,Kolkata,1,1510603.36,578914.42,35
2406,Female,Surat,2,1139631.43,400571.77,33
2407,Male,Indore,2,1402008.38,457279.83,27
2408,Female,Pune,1,1218641.39,629146.68,30
2409,Male,Indore,2,1266939.96,428453.85,24
2410,Male,Jaipur,2,1261938.5,451738.64,29
2411,Male,Patna,3,610006.57,185869.29,3
2412,Female,Kanpur,3,301281.36,42784.58,8
2413,Female,Lucknow,2,534307.29,154691.17,39
2414,Male,Patna,3,465403.14,119400.26,19
2415,Male,Bengaluru,1,2230461.25,671723.74,40
2416,Female,Hyderabad,1,2003397.31,1030860.99,42
2417,Female,Chennai,1,3854784.34,2026504.39,24
2418,Female,Ranchi,3,528539.62,96783.48,23
2419,Female,Jaipur,2,351204.11,90418.92,13
2420,Female,Kolkata,1,2261756.61,612842.35,30
2421,Male,Mumbai,1,1131767.33,399911.99,40
2422,Male,Delhi,1,1735673.06,834036.59,33
2423,Male,Pune,1,1614817.87,628268.07,38
2424,Female,Lucknow,2,1274702.81,491978.87,24
2425,Female,Hyderabad,1,3244954.09,1636127.0,36
2426,Male,Mumbai,1,1798385.95,939068.5,34
2427,Male,Bengaluru,1,2008059.06,821082.01,51
2428,Female,Mumbai,1,2003182.56,894651.3,13
2429,Female,Kolkata,1,2955401.07,1502436.26,28
2430,Female,Patna,3,519969.18,111192.61,10
2431,Female,Dehradun,2,516093.72,182112.83,31
2432,Male,Jabalpur,3,511237.24,168469.85,23
2433,Male,Chandigarh,2,1320676.08,244996.55,25
2434,Male,Hyderabad,1,733097.17,372926.88,42
2435,Female,Jaipur,2,1241750.98,449562.66,15
2436,Female,Bengaluru,1,665294.2,327786.01,28
2437,Male,Pune,1,1659859.12,716982.23,48
2438,Female,Jaipur,2,1308858.94,385787.03,27
2439,Male,Mumbai,1,1135733.02,466624.64,25
2440,Female,Ahmedabad,2,174132.9,35628.82,10
2441,Male,Jabalpur,3,386141.62,63828.95,22
2442,Male,Delhi,1,803114.31,341450.06,30
2443,Male,Jabalpur,3,399266.97,97241.05,5
2444,Male,Kanpur,3,465556.66,150140.64,15
2445,Female,Dehradun,2,212412.39,40276.63,13
2446,Female,Lucknow,2,1942669.24,642804.07,24
2447,Male,Pune,1,1192454.28,388342.94,40
2448,Male,Surat,2,897454.59,213439.46,15
2449,Female,Jaipur,2,839504.01,183679.83,21
2450,Male,Lucknow,2,1002670.24,219419.65,39
2451,Male,Bhopal,2,1035089.53,280477.09,15
2452,Male,Kolkata,1,594822.2,164219.62,42
2453,Female,Ahmedabad,2,677321.7,200192.74,20
2454,Male,Chandigarh,2,463105.32,84868.16,31
2455,Female,Pune,1,3508855.21,1890785.75,39
2456,Male,Nagpur,2,622473.96,208415.76,44
2457,Male,Indore,2,507853.73,127426.13,18
2458,Male,Mumbai,1,2985327.95,1197014.3,35
2459,Female,Nagpur,2,952992.59,378921.23,22
2460,Male,Ranchi,3,725367.21,158214.29,10
2461,Male,Bhopal,2,1576675.91,659845.84,27
2462,Male,Ahmedabad,2,205601.16,78845.96,24
2463,Male,Dehradun,2,715705.7,296120.62,14
2464,Female,Ranchi,3,429932.53,72826.8,27
2465,Male,Delhi,1,856922.26,259499.01,26
2466,Male,Bhopal,2,598522.93,181128.13,31
2467,Male,Surat,2,965446.57,275726.62,24
2468,Female,Hyderabad,1,2984284.39,1120979.87,50
2469,Female,Ahmedabad,2,678354.55,216712.27,24
2470,Female,Surat,2,482790.78,100438.17,25
2471,Male,Jabalpur,3,325992.44,57970.89,20
2472,Female,Mumbai,1,1511956.13,526568.79,40
2473,Male,Bhopal,2,885548.02,164087.48,13
2474,Male,Jaipur,2,996594.57,421193.27,41
2475,Female,Dehradun,2,1047852.24,412675.1,21
2476,Female,Surat,2,806685.45,182263.49,17
2477,Female,Surat,2,599135.27,197824.78,17
2478,Male,Kolkata,1,2214773.6,637657.78,33
2479,Female,Surat,2,659711.44,144234.02,34
2480,Female,Chandigarh,2,749272.76,268157.95,31
2481,Male,Jaipur,2,519056.07,162916.78,45
2482,Male,Bengaluru,1,1513404.2,681719.28,37
2483,Female,Jabalpur,3,627823.49,138482.03,13
2484,Female,Jaipur,2,538192.47,170514.4,22
2485,Male,Jabalpur,3,537890.06,159017.26,11
2486,Female,Kanpur,3,525736.03,183042.19,7
2487,Male,Pune,1,2415274.78,904409.98,39
2488,Female,Ranchi,3,504957.49,107277.68,16
2489,Male,Ranchi,3,472783.47,127917.65,23
2490,Male,Chandigarh,2,1137248.89,314398.52,38
2491,Female,Surat,2,256518.48,51982.42,32
2492,Female,Kolkata,1,2506968.85,874184.35,21
2493,Male,Surat,2,387258.84,105575.23,19
2494,Female,Ranchi,3,837623.05,199063.9,14
2495,Female,Chandigarh,2,1833416.83,785533.28,25
2496,Male,Chandigarh,2,933860.37,383331.08,20
2497,Male,Chennai,1,2149218.24,549583.09,31
2498,Male,Delhi,1,1961038.93,876896.79,36
2499,Male,Pune,1,1395078.19,733858.76,34
2500,Male,Kolkata,1,1464205.28,669063.22,34
2501,Male,Dehradun,2,526888.74,125322.27,24
2502,Male,Chennai,1,1882817.8,822054.9,28
2503,Female,Nagpur,2,1372212.67,565999.83,25
2504,Female,Dehradun,2,648733.29,215833.9,38
2505,Female,Delhi,1,879191.09,461689.22,48
2506,Male,Ahmedabad,2,1036968.15,187874.87,18
2507,Male,Mumbai,1,1606177.45,581548.49,28
2508,Male,Dehradun,2,1043735.89,312689.5,13
2509,Male,Jabalpur,3,545961.51,167282.37,17
2510,Female,Bhopal,2,1289645.31,475223.42,32
2511,Male,Bhopal,2,679204.06,172223.15,22
2512,Female,Ranchi,3,499716.41,76061.99,17
2513,Male,Kanpur,3,691333.31,94900.39,7
2514,Female,Bengaluru,1,1687675.51,883962.69,40
2515,Male,Bengaluru,1,2295220.4,991571.65,42
2516,Male,Kanpur,3,812624.02,215025.13,26
2517,Male,Chennai,1,2003965.29,941236.79,35
2518,Female,Surat,2,1053238.32,250905.31,27
2519,Male,Kolkata,1,1775432.47,717672.79,26
2520,Male,Kanpur,3,511498.63,128537.66,25
2521,Male,Nagpur,2,705127.43,244050.26,25
2522,Female,Surat,2,783770.34,266849.95,27
2523,Female,Chennai,1,990141.02,284209.16,38
2524,Female,Jabalpur,3,539917.36,93031.54,19
2525,Male,Chennai,1,2150642.13,930870.15,25
2526,Female,Pune,1,1311901.42,679644.14,37
2527,Female,Kanpur,3,267144.4,60466.3,12
2528,Female,Pune,1,2502583.5,1323311.83,31
2529,Female,Bhopal,2,1168235.97,456793.4,21
2530,Female,Surat,2,329593.39,132663.16,29
2531,Female,Bhopal,2,904259.39,245583.22,24
2532,Female,Patna,3,751308.63,237294.39,9
2533,Male,Ranchi,3,739008.83,133655.17,19
2534,Male,Nagpur,2,150000.0,27471.62,33
2535,Female,Indore,2,1583587.52,538129.78,30
2536,Female,Bhopal,2,1070000.54,211884.26,37
2537,Female,Jabalpur,3,592520.26,108576.5,12
2538,Male,Mumbai,1,1707597.3,710867.26,27
2539,Male,Lucknow,2,1322036.45,467760.38,17
2540,Male,Kanpur,3,761768.28,205067.91,13
2541,Male,Lucknow,2,1180245.68,216073.73,41
2542,Male,Lucknow,2,573046.03,248991.15,36
2543,Female,Kolkata,1,2040048.46,664351.15,47
2544,Female,Mumbai,1,1382219.57,543171.35,23
2545,Male,Surat,2,948327.44,213041.77,9
2546,Male,Chennai,1,3038536.13,1157118.58,36
2547,Female,Jabalpur,3,287109.84,54340.3,25
2548,Male,Hyderabad,1,1754429.62,743634.14,62
2549,Female,Jaipur,2,592880.59,120148.7,13
2550,Male,Nagpur,2,459693.03,190918.48,32
2551,Female,Ahmedabad,2,222762.56,71231.12,23
2552,Male,Lucknow,2,1283789.98,270781.96,8
2553,Female,Nagpur,2,1359926.24,378403.34,17
2554,Male,Nagpur,2,840095.26,314431.5,34
2555,Female,Bengaluru,1,1211654.91,355724.68,41
2556,Male,Dehradun,2,795654.3,149666.92,11
2557,Male,Dehradun,2,1369763.05,599057.17,9
2558,Female,Ranchi,3,790548.72,194347.99,18
2559,Female,Delhi,1,1747958.27,738800.52,33
2560,Male,Bengaluru,1,1299326.04,403248.29,28
2561,Female,Chandigarh,2,715202.09,226134.59,35
2562,Female,Patna,3,252654.73,59666.04,16
2563,Male,Chennai,1,2016808.75,760055.6,39
2564,Male,Ranchi,3,150000.0,43556.91,19
2565,Male,Indore,2,1140298.71,427731.94,30
2566,Male,Lucknow,2,688607.04,211304.76,16
2567,Male,Chandigarh,2,1308709.67,351945.34,18
2568,Male,Chandigarh,2,799354.66,355374.61,16
2569,Male,Hyderabad,1,2183646.85,829549.78,21
2570,Female,Indore,2,892269.79,329768.97,18
2571,Male,Ranchi,3,745340.01,138972.75,18
2572,Female,Ahmedabad,2,1315261.36,518003.64,9
2573,Female,Lucknow,2,1315477.19,284883.8,17
2574,Male,Hyderabad,1,1269062.88,626116.5,30
2575,Male,Chandigarh,2,1155420.53,502250.41,17
2576,Male,Dehradun,2,1777623.33,541249.09,38
2577,Female,Surat,2,800896.84,274513.83,8
2578,Male,Jaipur,2,1630711.1,687618.71,21
2579,Female,Indore,2,1057554.47,309083.23,24
2580,Male,Hyderabad,1,2902464.09,1553333.78,42
2581,Male,Dehradun,2,1184648.14,379822.13,18
2582,Female,Dehradun,2,1206840.62,397171.27,19
2583,Male,Nagpur,2,455373.28,141140.2,34
2584,Male,Surat,2,417848.27,97592.89,38
2585,Male,Ahmedabad,2,904901.74,342196.28,29
2586,Female,Jaipur,2,280414.54,81301.81,16
2587,Male,Chandigarh,2,1287348.65,420624.26,6
2588,Female,Chennai,1,1015406.99,404967.3,34
2589,Female,Patna,3,539668.46,180523.7,17
2590,Male,Bhopal,2,1473756.36,425155.56,33
2591,Female,Chandigarh,2,985790.0,382166.99,30
2592,Male,Ranchi,3,622704.8,192232.77,17
2593,Male,Lucknow,2,810031.66,205067.67,27
2594,Female,Bhopal,2,551082.56,226473.0,17
2595,Male,Ranchi,3,396311.84,68691.82,14
2596,Male,Jabalpur,3,602538.4,73104.33,26
2597,Male,Ahmedabad,2,228927.89,48250.04,13
2598,Male,Bhopal,2,1316617.72,493259.2,33
2599,Male,Bengaluru,1,2303418.07,1229308.66,53
2600,Male,Delhi,1,3273612.97,1286207.41,22
2601,Male,Ranchi,3,907054.06,274055.96,18
2602,Male,Lucknow,2,1191773.09,517631.97,26
2603,Male,Chandigarh,2,848501.17,158104.56,19
2604,Female,Lucknow,2,1051712.98,447939.95,8
2605,Male,Dehradun,2,964048.06,312035.22,18
2606,Male,Chandigarh,2,1068117.27,459705.85,22
2607,Male,Surat,2,1216736.71,345147.08,23
2608,Female,Kolkata,1,1678101.5,481237.47,52
2609,Female,Surat,2,871092.6,329544.35,31
2610,Male,Ranchi,3,535415.71,76629.76,17
2611,Female,Mumbai,1,3176841.87,1113230.83,34
2612,Male,Nagpur,2,1281425.45,474207.76,33
2613,Male,Jaipur,2,1202203.05,375187.21,24
2614,Female,Delhi,1,827964.59,283409.4,32
2615,Female,Kolkata,1,1885570.1,611982.0,30
2616,Female,Delhi,1,2520027.22,877388.69,27
2617,Male,Mumbai,1,1337282.46,645181.98,29
2618,Female,Indore,2,853077.16,270315.52,16
2619,Male,Bhopal,2,1257572.32,501638.78,36
2620,Female,Mumbai,1,1770683.96,591479.69,34
2621,Male,Indore,2,742411.31,195726.82,18
2622,Male,Indore,2,1630231.4,461187.8,27
2623,Female,Chandigarh,2,575123.01,148598.32,34
2624,Male,Ranchi,3,474027.06,65582.35,18
2625,Male,Pune,1,2244730.44,1047062.45,33
2626,Female,Kanpur,3,676409.76,208785.63,26
2627,Male,Surat,2,418528.07,133195.02,21
2628,Male,Delhi,1,3048289.57,1278824.96,57
2629,Female,Kanpur,3,593524.37,200010.87,19
2630,Female,Chandigarh,2,805008.23,252502.99,21
2631,Male,Indore,2,906316.54,346185.17,34
2632,Female,Mumbai,1,1511357.31,709631.87,28
2633,Female,Bhopal,2,742044.0,186634.37,16
2634,Male,Lucknow,2,1363568.92,380870.35,17
2635,Female,Kanpur,3,385214.13,117549.66,18
2636,Female,Delhi,1,2815060.93,1316370.01,22
2637,Male,Indore,2,1007147.09,348856.16,23
2638,Female,Surat,2,452608.08,196622.57,22
2639,Male,Ahmedabad,2,634114.44,171960.36,30
2640,Female,Chandigarh,2,1108564.11,428750.21,32
2641,Male,Hyderabad,1,3009574.68,1101348.19,30
2642,Male,Indore,2,1096783.67,486449.62,15
2643,Male,Patna,3,479181.18,131784.56,6
2644,Male,Nagpur,2,1321791.21,509775.92,26
2645,Female,Patna,3,653040.16,176174.22,20
2646,Female,Ranchi,3,702253.21,116841.38,15
2647,Male,Jabalpur,3,493105.07,156067.55,19
2648,Male,Kolkata,1,1948095.38,972245.81,54
2649,Male,Nagpur,2,442278.2,113625.79,22
2650,Female,Hyderabad,1,4093479.54,2012658.47,40
2651,Male,Kanpur,3,618643.51,185333.63,26
2652,Male,Patna,3,696919.94,149261.45,11
2653,Male,Nagpur,2,768574.99,140806.98,30
2654,Male,Chandigarh,2,1135109.87,319537.24,11
2655,Male,Surat,2,1268273.9,540755.17,25
2656,Female,Pune,1,1606859.17,666433.92,17
2657,Male,Hyderabad,1,2347419.17,853074.0,25
2658,Female,Chandigarh,2,586166.73,109082.0,1
2659,Female,Patna,3,345849.19,86038.78,24
2660,Female,Jabalpur,3,394298.26,84241.81,14
2661,Male,Hyderabad,1,1941668.36,601234.81,19
2662,Male,Chennai,1,939878.32,424159.95,35
2663,Male,Pune,1,1484304.19,579384.37,37
2664,Female,Ranchi,3,578651.88,104627.78,13
2665,Male,Ranchi,3,867684.48,288593.16,34
2666,Male,Ranchi,3,947533.0,201237.27,25
2667,Male,Ahmedabad,2,1171679.98,347692.54,21
2668,Male,Bhopal,2,1040288.11,240301.3,28
2669,Male,Dehradun,2,527825.93,137405.24,33
2670,Female,Kanpur,3,738549.44,127665.65,12
2671,Male,Bhopal,2,684128.62,211050.06,14
2672,Female,Indore,2,561591.47,149410.43,34
2673,Male,Dehradun,2,1638953.72,359784.31,18
2674,Male,Pune,1,2038024.23,666182.18,32
2675,Male,Ahmedabad,2,1231850.03,442295.65,22
2676,Male,Patna,3,781998.4,97380.02,11
2677,Female,Jaipur,2,866630.62,346270.22,38
2678,Male,Ahmedabad,2,909300.19,252092.9,32
2679,Male,Kolkata,1,3143024.43,1619284.09,31
2680,Female,Pune,1,1547806.21,436151.32,41
2681,Female,Ranchi,3,489193.28,127807.74,14
2682,Female,Chandigarh,2,907879.54,174056.16,6
2683,Female,Ahmedabad,2,529275.9,187738.9,20
2684,Male,Indore,2,752479.71,222340.28,1
2685,Female,Ranchi,3,860624.88,213498.84,18
2686,Female,Chandigarh,2,835280.55,254921.33,30
2687,Male,Ranchi,3,586982.02,109348.15,13
2688,Male,Kanpur,3,578771.3,140312.31,10
2689,Female,Jabalpur,3,589097.43,155208.09,15
2690,Male,Delhi,1,1706112.23,795213.58,21
2691,Female,Kanpur,3,150000.0,29120.68,22
2692,Female,Delhi,1,2227675.04,1005847.52,36
2693,Male,Kanpur,3,536840.69,174413.93,13
2694,Female,Kolkata,1,1669794.61,840595.9,40
2695,Female,Jabalpur,3,282666.49,75154.21,5
2696,Female,Lucknow,2,462491.06,126448.0,27
2697,Male,Jabalpur,3,472337.98,92980.38,5
2698,Female,Patna,3,544061.75,184721.46,14
2699,Male,Ranchi,3,693086.16,186033.95,26
2700,Male,Kanpur,3,897191.91,228755.86,18
2701,Female,Jabalpur,3,611579.09,126723.47,29
2702,Male,Bengaluru,1,2607895.37,1349060.66,19
2703,Male,Pune,1,2719647.52,1008028.96,34
2704,Female,Indore,2,850900.94,230640.27,20
2705,Female,Chandigarh,2,1240355.4,240294.76,31
2706,Male,Mumbai,1,1292567.18,535489.38,26
2707,Male,Jabalpur,3,485487.36,97967.98,10
2708,Male,Jabalpur,3,559284.24,83560.11,26
2709,Female,Jaipur,2,675945.94,169655.37,36
2710,Male,Pune,1,1770261.11,624786.49,11
2711,Male,Bengaluru,1,1406648.92,359753.1,20
2712,Female,Jabalpur,3,440043.8,57248.85,21
2713,Female,Bengaluru,1,2632458.52,1300826.06,41
2714,Male,Kanpur,3,288316.26,83485.54,17
2715,Female,Indore,2,536272.94,227336.88,31
2716,Male,Delhi,1,2094923.86,1113713.83,43
2717,Male,Chandigarh,2,603725.77,180744.72,29
2718,Male,Pune,1,1677945.12,792797.03,28
2719,Male,Pune,1,698907.52,299556.46,24
2720,Female,Patna,3,354721.82,99297.8,15
2721,Female,Lucknow,2,1006982.95,259065.33,19
2722,Male,Lucknow,2,884598.06,164393.07,22
2723,Male,Chennai,1,1964819.06,680807.33,1
2724,Male,Kolkata,1,1575477.53,711609.93,25
2725,Female,Ranchi,3,579303.39,148105.81,26
2726,Female,Mumbai,1,1349595.45,402946.94,25
2727,Female,Dehradun,2,618911.21,198207.04,19
2728,Male,Surat,2,1126550.3,262265.5,25
2729,Female,Ranchi,3,748312.82,186221.79,20
2730,Male,Ahmedabad,2,598822.46,114134.56,17
2731,Female,Nagpur,2,1275525.37,245959.29,18
2732,Female,Jabalpur,3,678152.34,203452.39,12
2733,Male,Jabalpur,3,883367.21,184826.04,15
2734,Male,Ranchi,3,489559.29,124050.7,11
2735,Female,Ahmedabad,2,176068.5,55856.7,25
2736,Male,Ranchi,3,589377.65,131804.87,25
2737,Male,Delhi,1,1101940.2,402131.51,24
2738,Male,Hyderabad,1,362987.91,182933.29,23
2739,Male,Bhopal,2,1431983.2,347047.21,7
2740,Male,Hyderabad,1,1953749.11,962632.44,51
2741,Female,Nagpur,2,664483.13,247999.46,30
2742,Male,Chandigarh,2,699512.12,158512.57,33
2743,Male,Delhi,1,1797149.01,639299.49,34
2744,Male,Patna,3,310454.33,98638.5,19
2745,Female,Pune,1,1213049.57,478201.39,27
2746,Male,Ranchi,3,280023.82,51112.18,17
2747,Female,Jabalpur,3,645900.98,191910.41,13
2748,Male,Delhi,1,3058413.69,1439841.89,31
2749,Female,Lucknow,2,725044.65,166952.09,29
2750,Female,Bhopal,2,829264.44,324567.66,38
2751,Female,Bengaluru,1,2232852.4,1017979.7,49
2752,Male,Surat,2,504008.04,184340.92,32
2753,Female,Lucknow,2,670037.67,127126.31,32
2754,Male,Hyderabad,1,1663190.69,468927.52,40
2755,Female,Jaipur,2,1451556.53,348148.25,24
2756,Female,Kanpur,3,386952.37,134692.24,13
2757,Male,Kanpur,3,609889.48,202977.85,10
2758,Male,Kolkata,1,2204035.32,1054118.33,22
2759,Male,Chennai,1,1300154.42,393541.06,46
2760,Female,Dehradun,2,1376722.73,420601.8,22
2761,Female,Patna,3,579743.21,122786.79,18
2762,Female,Jaipur,2,358802.73,102636.28,35
2763,Female,Hyderabad,1,2060853.73,850530.17,36
2764,Female,Kanpur,3,508712.38,85751.79,18
2765,Male,Dehradun,2,758544.99,188324.61,25
2766,Male,Ranchi,3,487960.97,88245.62,18
2767,Male,Lucknow,2,1848616.08,794817.95,29
2768,Male,Mumbai,1,1061229.65,561502.29,52
2769,Female,Mumbai,1,1358131.2,392843.13,40
2770,Male,Chennai,1,2249196.47,1095138.45,53
2771,Female,Ranchi,3,681367.49,236344.51,26
2772,Male,Patna,3,369708.06,114795.43,18
2773,Female,Chandigarh,2,1183509.53,518872.97,19
2774,Male,Surat,2,1178938.03,358755.87,38
2775,Male,Mumbai,1,814894.59,359296.65,22
2776,Female,Lucknow,2,1181977.86,276075.43,34
2777,Female,Bengaluru,1,2827495.31,1110389.14,34
2778,Female,Lucknow,2,1438656.08,515818.1,26
2779,Male,Mumbai,1,2423940.73,724201.06,32
2780,Female,Chandigarh,2,1187323.01,473711.19,17
2781,Male,Indore,2,1264020.26,266907.94,16
2782,Male,Pune,1,2574330.79,927524.73,32
2783,Female,Chandigarh,2,937794.37,332360.81,45
2784,Female,Dehradun,2,1275557.35,395388.76,26
2785,Male,Delhi,1,1879779.47,657212.57,27
2786,Male,Dehradun,2,967817.6,310506.73,23
2787,Female,Jabalpur,3,308712.04,101715.53,16
2788,Female,Jabalpur,3,451138.93,107764.66,12
2789,Female,Delhi,1,1216481.2,522758.22,28
2790,Female,Nagpur,2,1397132.95,460771.41,18
2791,Male,Surat,2,1473739.78,410689.87,9
2792,Female,Kolkata,1,2304783.66,1132030.02,38
2793,Male,Bhopal,2,697366.88,260538.32,17
2794,Female,Hyderabad,1,2483461.57,695549.07,44
2795,Female,Mumbai,1,2473751.81,1235086.76,46
2796,Male,Indore,2,544414.12,180072.49,22
2797,Female,Nagpur,2,832236.67,339666.25,30
2798,Male,Pune,1,1100073.3,584733.47,56
2799,Female,Lucknow,2,803416.99,151023.38,22
2800,Female,Delhi,1,623373.44,318526.24,30
2801,Male,Patna,3,836733.54,202773.55,26
2802,Male,Dehradun,2,858840.54,386363.5,18
2803,Female,Bhopal,2,672270.18,206826.75,22
2804,Male,Lucknow,2,1174419.61,448967.27,27
2805,Female,Kanpur,3,369886.71,72536.27,12
2806,Male,Pune,1,1861130.09,711034.58,17
2807,Male,Bhopal,2,1618967.84,460637.21,26
2808,Male,Kolkata,1,1319338.55,468157.04,29
2809,Male,Jabalpur,3,704832.87,192693.02,22
2810,Male,Dehradun,2,1067485.61,356632.22,13
2811,Female,Kolkata,1,3805648.42,1512886.78,25
2812,Female,Dehradun,2,1498137.42,314009.02,29
2813,Male,Chandigarh,2,696278.53,137855.88,28
2814,Male,Chennai,1,1737761.19,531535.07,28
2815,Male,Kolkata,1,2699907.56,1444946.07,34
2816,Female,Jabalpur,3,295161.22,76377.36,25
2817,Male,Kanpur,3,655214.33,209794.46,16
2818,Female,Mumbai,1,473932.46,160197.18,41
2819,Male,Delhi,1,445199.03,174221.12,29
2820,Female,Chandigarh,2,834187.3,343324.06,26
2821,Male,Delhi,1,861912.57,312091.86,30
2822,Female,Kanpur,3,370063.2,96094.8,14
2823,Female,Mumbai,1,2578844.01,669552.68,34
2824,Female,Kolkata,1,2678573.79,1279945.69,41
2825,Male,Kolkata,1,2034538.05,1074933.97,40
2826,Female,Lucknow,2,914041.68,168002.24,8
2827,Female,Surat,2,803874.69,183124.01,21
2828,Male,Jabalpur,3,604134.82,165903.79,22
2829,Male,Jaipur,2,460202.13,193876.32,35
2830,Female,Pune,1,2167715.22,606785.31,17
2831,Male,Chennai,1,2019606.23,967851.65,20
2832,Male,Ranchi,3,309798.27,37242.99,21
2833,Female,Kolkata,1,1677746.44,874324.3,48
2834,Female,Surat,2,1141589.58,352551.44,5
2835,Male,Jaipur,2,1423410.39,458662.12,22
2836,Male,Lucknow,2,505750.31,96189.55,18
2837,Male,Pune,1,789252.12,232387.53,39
2838,Female,Lucknow,2,1360175.97,521058.69,33
2839,Female,Surat,2,1241538.17,537353.29,25
2840,Male,Delhi,1,2156319.85,735555.82,46
2841,Female,Mumbai,1,1610740.02,430151.62,21
2842,Male,Delhi,1,1841939.27,768246.4,38
2843,Male,Indore,2,885563.15,167067.82,42
2844,Female,Bengaluru,1,2853459.53,1070117.86,42
2845,Male,Indore,2,626949.64,150307.84,30
2846,Female,Ranchi,3,477642.43,150367.94,11
2847,Female,Ranchi,3,477136.83,121907.18,24
2848,Female,Lucknow,2,569555.36,128376.69,31
2849,Male,Kolkata,1,1855940.68,1010419.98,38
2850,Male,Jabalpur,3,777493.69,133106.02,11
2851,Female,Bengaluru,1,1859859.33,643298.26,17
2852,Female,Chennai,1,1434003.19,373879.79,27
2853,Female,Lucknow,2,874499.81,179662.16,40
2854,Male,Dehradun,2,620511.17,238062.98,26
2855,Male,Ahmedabad,2,1013665.38,202430.45,29
2856,Female,Ranchi,3,544807.05,171483.52,25
2857,Female,Bhopal,2,1473636.18,660550.67,32
2858,Female,Pune,1,2227357.7,864429.54,21
2859,Female,Chandigarh,2,1014448.08,337947.18,18
2860,Male,Dehradun,2,730548.5,224067.85,25
2861,Female,Bengaluru,1,1679337.53,734671.11,42
2862,Female,Chennai,1,2274613.94,923002.0,41
2863,Female,Dehradun,2,790507.23,331971.27,33
2864,Female,Pune,1,1239026.11,329501.88,25
2865,Male,Bhopal,2,767914.72,185729.0,35
2866,Male,Kanpur,3,606067.91,188972.47,16
2867,Male,Indore,2,1642347.75,505954.63,32
2868,Male,Chandigarh,2,1164335.05,249069.23,23
2869,Female,Lucknow,2,265803.73,83595.46,17
2870,Female,Indore,2,1339518.16,291717.75,2
2871,Male,Ahmedabad,2,331207.56,76101.38,25
2872,Male,Surat,2,1573969.14,592521.0,16
2873,Female,Dehradun,2,785685.18,223710.19,40
2874,Female,Bengaluru,1,2839121.36,1131214.71,21
2875,Female,Kolkata,1,1658362.77,728220.72,33
2876,Female,Patna,3,503124.48,167910.02,20
2877,Male,Surat,2,1233611.69,289151.92,31
2878,Male,Pune,1,1888532.97,569638.12,19
2879,Female,Nagpur,2,521857.43,116426.44,15
2880,Female,Chennai,1,2229430.36,669183.04,28
2881,Male,Chandigarh,2,927666.73,411434.52,22
2882,Male,Jabalpur,3,409770.57,102929.89,15
2883,Female,Lucknow,2,936847.52,326097.21,26
2884,Male,Bengaluru,1,2104455.94,583720.21,15
2885,Female,Ranchi,3,759594.11,259748.73,23
2886,Female,Chandigarh,2,1533605.91,603335.93,28
2887,Male,Delhi,1,1367144.49,552021.88,27
2888,Male,Kolkata,1,2404142.55,942731.72,30
2889,Male,Nagpur,2,1025669.28,398712.87,35
2890,Male,Hyderabad,1,2481886.36,824908.78,30
2891,Female,Jabalpur,3,287423.49,65926.64,19
2892,Female,Indore,2,499958.0,220524.45,17
2893,Male,Kolkata,1,2108247.8,1149521.03,29
2894,Female,Chandigarh,2,1131147.33,207199.69,23
2895,Female,Nagpur,2,914663.57,380329.67,46
2896,Female,Patna,3,594790.67,164415.15,14
2897,Male,Bengaluru,1,2104882.42,1045971.35,36
2898,Female,Ranchi,3,543359.99,114936.51,14
2899,Female,Hyderabad,1,1463597.91,534591.22,16
2900,Female,Delhi,1,2049879.07,566975.83,34
2901,Male,Surat,2,886586.66,308896.02,31
2902,Female,Mumbai,1,1485607.78,563233.39,45
2903,Female,Chennai,1,570191.91,300866.78,22
2904,Male,Mumbai,1,1679252.78,469514.4,25
2905,Female,Patna,3,367450.44,88241.7,20
2906,Female,Chandigarh,2,836161.05,371366.52,41
2907,Female,Indore,2,783279.8,150610.11,32
2908,Male,Patna,3,513545.86,179494.8,19
2909,Female,Pune,1,2415309.91,1261783.17,25
2910,Male,Hyderabad,1,1995521.09,684153.38,33
2911,Female,Surat,2,998417.21,308537.69,39
2912,Female,Bhopal,2,1154860.46,267371.63,17
2913,Female,Hyderabad,1,667979.68,358495.62,38
2914,Male,Hyderabad,1,1454058.92,465035.78,20
2915,Male,Mumbai,1,2559150.37,1186470.8,34
2916,Male,Mumbai,1,1221113.58,559511.35,36
2917,Female,Dehradun,2,1063538.28,263242.02,20
2918,Male,Hyderabad,1,531885.73,270008.69,24
2919,Female,Hyderabad,1,1927468.77,564012.99,24
2920,Female,Jabalpur,3,649916.15,142955.4,19
2921,Male,Ranchi,3,692336.68,166041.73,17
2922,Female,Jabalpur,3,1032491.6,287572.49,15
2923,Female,Surat,2,636378.68,249631.83,24
2924,Female,Indore,2,617133.97,216688.29,23
2925,Male,Ahmedabad,2,735235.72,251758.02,33
2926,Male,Patna,3,257715.04,84538.01,25
2927,Female,Nagpur,2,150000.0,67399.31,27
2928,Female,Ahmedabad,2,435192.7,138621.38,24
2929,Female,Patna,3,650333.54,195993.49,21
2930,Male,Delhi,1,1091104.39,554963.22,43
2931,Female,Nagpur,2,875207.1,188364.72,25
2932,Male,Bhopal,2,1634193.32,534786.45,29
2933,Female,Nagpur,2,1672264.14,527955.11,25
2934,Male,Bengaluru,1,892287.11,297679.57,34
2935,Female,Kanpur,3,478279.85,164425.34,15
2936,Male,Jabalpur,3,464838.13,118922.15,13
2937,Male,Kanpur,3,356010.27,107712.69,20
2938,Female,Ahmedabad,2,660868.44,170464.34,30
2939,Female,Bengaluru,1,1445355.62,542701.01,37
2940,Male,Ranchi,3,312199.18,69649.18,19
2941,Male,Chandigarh,2,321715.06,125743.97,32
2942,Female,Dehradun,2,734088.96,298361.23,32
2943,Female,Kanpur,3,472125.25,155241.79,31
2944,Female,Nagpur,2,414021.41,130498.9,17
2945,Female,Patna,3,181966.78,50870.72,14
2946,Female,Lucknow,2,1104938.39,489124.5,28
2947,Male,Pune,1,2439854.01,898543.26,25
2948,Female,Ranchi,3,500921.12,174604.98,30
2949,Female,Nagpur,2,839144.16,208093.39,35
2950,Female,Delhi,1,1694823.58,690128.69,34
2951,Male,Nagpur,2,2082084.02,922339.13,30
2952,Male,Nagpur,2,516330.17,143201.02,9
2953,Male,Lucknow,2,940229.62,314475.73,36
2954,Female,Lucknow,2,1019545.82,219913.09,28
2955,Male,Bengaluru,1,1436953.4,486257.37,52
2956,Male,Kanpur,3,546695.88,110296.13,14
2957,Female,Jaipur,2,1192769.45,462509.54,16
2958,Female,Hyderabad,1,1919986.86,665379.11,40
2959,Female,Jaipur,2,713749.64,246446.96,21
2960,Male,Mumbai,1,1875878.77,801065.75,22
2961,Male,Ranchi,3,394428.65,119570.67,24
2962,Male,Nagpur,2,367838.1,117148.45,7
2963,Female,Jabalpur,3,369265.67,54638.43,23
2964,Female,Pune,1,460667.42,176319.25,41
2965,Female,Ahmedabad,2,869069.35,301980.12,42
2966,Male,Pune,1,2966727.19,1369978.2,38
2967,Male,Chandigarh,2,1590927.54,661604.87,28
2968,Male,Hyderabad,1,441064.21,211390.47,19
2969,Female,Dehradun,2,647450.82,272492.78,26
2970,Male,Indore,2,944957.87,279251.07,20
2971,Male,Jabalpur,3,434590.31,108391.36,16
2972,Female,Kolkata,1,1124887.61,487916.46,34
2973,Female,Delhi,1,2404746.48,1254344.52,42
2974,Male,Chennai,1,2185823.69,1113958.75,33
2975,Female,Pune,1,1222295.63,465226.27,30
2976,Female,Indore,2,1405155.0,474259.88,10
2977,Female,Lucknow,2,923026.03,192268.27,38
2978,Male,Surat,2,749897.81,331642.54,31
2979,Female,Indore,2,843973.93,162529.62,23
2980,Female,Dehradun,2,1175775.94,349439.66,28
2981,Female,Hyderabad,1,1905094.96,836340.77,42
2982,Female,Mumbai,1,1466096.0,522340.27,43
2983,Female,Jabalpur,3,576780.51,123582.64,16
2984,Male,Chandigarh,2,894857.19,294887.43,27
2985,Female,Chennai,1,407037.61,110920.45,38
2986,Female,Patna,3,563320.72,85676.1,18
2987,Female,Chandigarh,2,1104359.06,320781.88,35
2988,Male,Jaipur,2,1114228.88,411207.09,21
2989,Female,Jaipur,2,1667707.34,341192.69,32
2990,Male,Jabalpur,3,299824.35,50348.98,17
2991,Male,Nagpur,2,1129331.77,326393.01,27
2992,Female,Kanpur,3,656056.02,210182.65,11
2993,Female,Pune,1,2198051.23,903325.2,38
2994,Male,Surat,2,693693.44,190095.69,28
2995,Male,Mumbai,1,1974726.62,1044083.2,10
2996,Female,Mumbai,1,1475607.7,497609.09,24
2997,Male,Chennai,1,2366760.27,1274944.08,37
2998,Female,Jabalpur,3,728717.94,175472.73,20
2999,Female,Ahmedabad,2,943200.21,311135.62,13
3000,Male,Jaipur,2,610190.49,170513.95,30
3001,Male,Delhi,1,2077139.95,795925.73,33
3002,Male,Ranchi,3,696039.46,126035.46,22
3003,Male,Delhi,1,2447697.32,960866.39,36
3004,Male,Ranchi,3,629792.37,195360.51,19
3005,Male,Chennai,1,1963705.57,716181.84,46
3006,Male,Ranchi,3,530104.08,129307.47,22
3007,Male,Indore,2,1618225.66,496854.13,11
3008,Male,Chennai,1,3283468.27,957972.69,21
3009,Female,Jaipur,2,697625.77,296769.73,27
3010,Male,Jabalpur,3,434906.91,70344.81,14
3011,Female,Jabalpur,3,601709.05,98250.66,23
3012,Female,Patna,3,513260.36,174251.67,7
3013,Male,Jaipur,2,1190674.35,355596.11,17
3014,Female,Bengaluru,1,1519803.11,412416.83,16
3015,Female,Delhi,1,1354208.35,633259.83,42
3016,Female,Indore,2,975050.13,388613.8,23
3017,Female,Delhi,1,1783109.62,834886.14,40
3018,Male,Jaipur,2,499393.75,149633.6,21
3019,Male,Jabalpur,3,583853.2,154187.86,12
3020,Male,Dehradun,2,1614416.68,341237.33,28
3021,Female,Ranchi,3,234008.99,78683.3,20
3022,Female,Pune,1,2345039.16,748833.56,23
3023,Male,Chennai,1,2505113.05,1147660.87,35
3024,Female,Surat,2,332471.47,100755.04,14
3025,Male,Kolkata,1,2120872.31,761914.57,23
3026,Female,Jabalpur,3,628507.54,163674.69,21
3027,Male,Chennai,1,953798.79,460537.51,29
3028,Male,Bengaluru,1,720762.45,222392.97,34
3029,Female,Nagpur,2,1067349.2,258113.36,20
3030,Male,Jabalpur,3,150000.0,37996.58,26
3031,Male,Dehradun,2,787386.55,232389.13,24
3032,Male,Mumbai,1,2597102.65,1156751.68,55
3033,Female,Indore,2,1045983.36,239860.65,17
3034,Female,Hyderabad,1,1255272.97,581152.01,47
3035,Male,Indore,2,860394.53,318655.13,20
3036,Female,Kanpur,3,673271.59,178470.39,14
3037,Female,Dehradun,2,277043.71,85956.11,33
3038,Male,Indore,2,659152.03,242926.92,44
3039,Male,Surat,2,419656.59,99778.44,22
3040,Female,Mumbai,1,2345431.3,728819.94,41
3041,Male,Dehradun,2,901071.04,385283.8,29
3042,Female,Nagpur,2,1262026.03,256143.05,32
3043,Female,Chandigarh,2,575419.45,225792.39,35
3044,Male,Indore,2,1261770.22,271644.65,20
3045,Female,Bengaluru,1,1453524.81,541505.17,24
3046,Female,Surat,2,1328303.41,273865.45,19
3047,Female,Bengaluru,1,2507265.52,677059.78,30
3048,Male,Lucknow,2,810170.91,227291.97,20
3049,Male,Pune,1,2136044.53,946929.28,48
3050,Male,Indore,2,733943.55,297222.59,27
3051,Female,Lucknow,2,1123490.16,472122.63,38
3052,Female,Chennai,1,1131903.83,428905.09,41
3053,Male,Dehradun,2,660652.88,289202.2,24
3054,Male,Jabalpur,3,620250.13,146647.68,13
3055,Male,Hyderabad,1,1856894.02,591760.0,46
3056,Male,Kolkata,1,1578304.79,515519.3,26
3057,Male,Nagpur,2,1084443.49,363546.06,25
3058,Female,Dehradun,2,1006837.03,310424.53,31
3059,Female,Bengaluru,1,1734267.5,885496.96,46
3060,Female,Dehradun,2,655188.69,269239.9,21
3061,Male,Mumbai,1,2449610.96,1301596.28,37
3062,Male,Chandigarh,2,900512.0,253260.38,19
3063,Male,Chandigarh,2,1330661.02,340329.01,29
3064,Male,Indore,2,1518260.04,328394.17,28
3065,Female,Kolkata,1,2087268.29,1116398.89,47
3066,Male,Surat,2,635914.03,201429.15,22
3067,Male,Nagpur,2,150000.0,29666.61,28
3068,Male,Bengaluru,1,2681426.93,896307.12,53
3069,Female,Hyderabad,1,1613855.95,621201.6,40
3070,Female,Mumbai,1,1150562.19,609393.56,36
3071,Male,Ranchi,3,424071.85,88663.66,16
3072,Male,Ahmedabad,2,1019470.49,374682.25,45
3073,Male,Mumbai,1,1732799.54,859068.6,33
3074,Female,Delhi,1,2690930.28,796155.14,19
3075,Female,Chennai,1,1531072.83,619035.67,27
3076,Male,Ranchi,3,793493.18,214985.21,20
3077,Male,Nagpur,2,402527.52,123949.61,39
3078,Male,Chennai,1,2602456.25,830183.9,32
3079,Male,Dehradun,2,976551.39,402283.03,23
3080,Male,Bengaluru,1,3524489.85,1171795.96,33
3081,Female,Patna,3,674867.1,131403.07,27
3082,Female,Indore,2,1091125.61,320221.77,21
3083,Male,Chennai,1,2515373.94,1280543.92,37
3084,Male,Chandigarh,2,469489.47,182767.29,20
3085,Male,Delhi,1,870540.93,453837.02,32
3086,Male,Chandigarh,2,917219.28,328962.77,23
3087,Female,Chennai,1,1021370.77,359367.44,23
3088,Female,Hyderabad,1,1519819.3,803581.51,36
3089,Female,Pune,1,2156506.73,683663.88,28
3090,Male,Surat,2,800958.3,296071.8,33
3091,Male,Jabalpur,3,755805.08,145464.42,19
3092,Male,Nagpur,2,274616.07,75671.71,48
3093,Male,Hyderabad,1,1972834.24,882346.7,23
3094,Female,Ranchi,3,470202.71,158792.01,10
3095,Male,Pune,1,2346141.2,1107483.8,23
3096,Male,Dehradun,2,1147229.74,434682.27,24
3097,Male,Mumbai,1,3414162.61,1562949.13,21
3098,Male,Pune,1,2478888.61,885128.32,37
3099,Female,Nagpur,2,556293.18,105807.74,19
3100,Female,Patna,3,756312.74,197675.83,25
3101,Male,Hyderabad,1,1752787.41,895890.4,46
3102,Female,Hyderabad,1,2234973.24,1027187.21,32
3103,Female,Kanpur,3,626231.42,151921.88,8
3104,Male,Patna,3,597525.22,114964.27,11
3105,Male,Pune,1,2410089.18,1091328.87,38
3106,Male,Ranchi,3,585536.15,161269.39,4
3107,Male,Dehradun,2,1078687.38,310044.11,26
3108,Female,Lucknow,2,924543.73,176903.64,26
3109,Male,Patna,3,543778.44,122826.07,23
3110,Male,Surat,2,500591.96,153518.96,26
3111,Male,Kolkata,1,2914417.43,1426990.72,29
3112,Male,Kanpur,3,575180.82,102706.69,21
3113,Female,Ranchi,3,863976.0,287352.16,21
3114,Male,Surat,2,592892.3,220862.83,36
3115,Male,Jabalpur,3,529867.52,113102.5,15
3116,Male,Jaipur,2,1030011.24,408520.98,17
3117,Male,Kolkata,1,2251017.35,675558.52,36
3118,Female,Hyderabad,1,2473264.53,684334.14,43
3119,Male,Dehradun,2,997130.55,188476.43,27
3120,Male,Pune,1,1882611.17,771313.93,14
3121,Female,Delhi,1,2089203.23,753113.55,32
3122,Male,Lucknow,2,876124.3,283338.2,23
3123,Female,Patna,3,267509.87,40181.15,14
3124,Female,Chandigarh,2,525577.33,182307.08,12
3125,Male,Delhi,1,1274058.17,664394.4,50
3126,Male,Delhi,1,583454.29,259054.77,56
3127,Male,Pune,1,1730479.96,676900.43,32
3128,Male,Dehradun,2,1299545.56,523837.29,16
3129,Male,Bengaluru,1,2233358.22,1071982.46,31
3130,Female,Jabalpur,3,792301.56,114041.88,13
3131,Male,Patna,3,579400.24,108479.22,26
3132,Male,Chandigarh,2,1337937.71,316504.26,36
3133,Female,Chennai,1,1754963.65,738582.7,30
3134,Male,Ahmedabad,2,1470019.69,438965.35,26
3135,Female,Ahmedabad,2,624183.33,174888.35,30
3136,Female,Kolkata,1,2343184.3,866374.82,40
3137,Male,Ahmedabad,2,1305035.59,508215.77,23
3138,Female,Dehradun,2,554566.97,201472.58,15
3139,Female,Delhi,1,957260.45,328320.21,37
3140,Male,Hyderabad,1,2009200.92,1096606.38,41
3141,Female,Ranchi,3,672272.89,83798.84,13
3142,Female,Pune,1,1544996.93,546972.21,55
3143,Male,Bhopal,2,922131.25,257564.81,22
3144,Male,Jabalpur,3,764547.62,146229.78,16
3145,Female,Bhopal,2,1339669.1,332362.12,34
3146,Female,Kolkata,1,2456330.39,1175456.22,30
3147,Male,Hyderabad,1,2080118.72,558520.38,14
3148,Male,Nagpur,2,875004.76,177812.26,13
3149,Male,Jaipur,2,1070526.37,465444.62,31
3150,Female,Chennai,1,2052133.89,854413.67,36
3151,Female,Jabalpur,3,606315.82,162304.5,18
3152,Female,Pune,1,3034533.45,1660064.39,43
3153,Female,Ahmedabad,2,992807.37,254672.34,19
3154,Male,Ranchi,3,773704.19,120152.45,27
3155,Male,Ranchi,3,642951.4,96116.66,10
3156,Male,Nagpur,2,1156503.65,310306.94,20
3157,Female,Bengaluru,1,2294553.82,730000.2,34
3158,Female,Kanpur,3,821700.83,241356.5,8
3159,Female,Kolkata,1,1305331.63,336048.23,42
3160,Female,Jabalpur,3,367879.39,104253.03,16
3161,Female,Mumbai,1,1559370.44,781210.49,36
3162,Male,Ahmedabad,2,752684.67,271223.98,12
3163,Female,Chandigarh,2,317206.15,62717.86,8
3164,Male,Nagpur,2,1395569.33,596044.33,20
3165,Male,Nagpur,2,338874.1,125284.91,10
3166,Male,Nagpur,2,1387233.34,478064.56,22
3167,Male,Patna,3,600036.84,97776.99,12
3168,Female,Delhi,1,4004753.61,2053881.98,46
3169,Male,Kanpur,3,231731.76,40117.93,16
3170,Female,Patna,3,536110.34,116845.12,18
3171,Male,Dehradun,2,1098289.35,338361.66,19
3172,Female,Jabalpur,3,317197.81,100237.45,9
3173,Male,Ahmedabad,2,1508294.74,636802.64,28
3174,Male,Surat,2,798987.19,349286.71,30
3175,Male,Patna,3,537708.48,175311.11,16
3176,Female,Hyderabad,1,1135962.84,387121.01,25
3177,Male,Lucknow,2,506881.73,190698.24,41
3178,Male,Bengaluru,1,2016672.35,627870.8,42
3179,Female,Dehradun,2,859200.03,189429.08,26
3180,Female,Pune,1,1892379.0,537679.26,26
3181,Male,Nagpur,2,751658.26,192459.33,18
3182,Female,Jabalpur,3,767646.33,226540.43,20
3183,Female,Hyderabad,1,1184249.43,639183.78,26
3184,Female,Pune,1,1283571.33,593184.76,15
3185,Male,Jabalpur,3,241267.61,59685.05,22
3186,Female,Bengaluru,1,1783511.22,516417.43,32
3187,Male,Chandigarh,2,508516.78,150963.27,30
3188,Female,Lucknow,2,977619.77,206604.72,13
3189,Male,Jaipur,2,771780.41,161459.0,26
3190,Female,Bengaluru,1,150000.0,80321.11,42
3191,Female,Delhi,1,1108029.69,395404.34,57
3192,Male,Delhi,1,1892115.07,801730.32,40
3193,Female,Indore,2,849127.7,254312.93,27
3194,Male,Jabalpur,3,414877.42,103776.67,21
3195,Female,Bhopal,2,571536.51,235461.15,20
3196,Male,Pune,1,655361.74,197241.6,19
3197,Male,Surat,2,1233553.32,342983.03,22
3198,Female,Hyderabad,1,1608885.15,818604.34,31
3199,Male,Ahmedabad,2,1133472.92,448630.63,12
3200,Male,Dehradun,2,947807.03,321534.52,26
3201,Female,Ahmedabad,2,763141.37,293643.87,36
3202,Female,Bhopal,2,432550.84,162999.7,19
3203,Female,Kanpur,3,605267.06,121284.38,17
3204,Male,Jaipur,2,1157744.81,343769.3,19
3205,Female,Bengaluru,1,1730895.37,819217.4,43
3206,Female,Bhopal,2,361388.76,84501.56,23
3207,Male,Dehradun,2,1433581.01,492247.71,21
3208,Female,Dehradun,2,507130.49,157204.13,32
3209,Female,Jabalpur,3,546522.71,66960.86,18
3210,Male,Bengaluru,1,2131157.87,924120.76,24
3211,Male,Jabalpur,3,426702.31,126148.28,22
3212,Female,Bengaluru,1,1019658.3,421778.03,46
3213,Female,Pune,1,1691204.3,869886.49,23
3214,Male,Bengaluru,1,2619053.94,1118535.11,32
3215,Female,Pune,1,2039227.74,819351.51,22
3216,Male,Chennai,1,1138423.79,426923.26,32
3217,Male,Dehradun,2,304780.46,131024.2,19
3218,Male,Kolkata,1,2741838.08,1121615.38,28
3219,Female,Lucknow,2,537538.58,233460.72,32
3220,Male,Surat,2,1344966.7,374657.07,25
3221,Female,Dehradun,2,1003328.67,182701.24,19
3222,Female,Patna,3,300381.72,79389.8,17
3223,Female,Mumbai,1,1779453.81,881273.57,38
3224,Male,Kolkata,1,474204.49,250914.42,70
3225,Male,Mumbai,1,1951682.37,661379.73,37
3226,Female,Kanpur,3,279235.6,62018.46,19
3227,Female,Patna,3,780090.57,254377.02,17
3228,Female,Chandigarh,2,801016.5,330562.64,24
3229,Female,Nagpur,2,1047813.68,195670.97,15
3230,Female,Jabalpur,3,580620.16,83121.31,17
3231,Male,Nagpur,2,289413.49,122819.5,19
3232,Male,Lucknow,2,772661.0,156016.25,29
3233,Male,Jaipur,2,381219.0,137796.48,34
3234,Female,Dehradun,2,538983.91,221818.11,30
3235,Male,Lucknow,2,586195.06,202040.66,29
3236,Female,Hyderabad,1,1149710.28,573325.03,46
3237,Female,Lucknow,2,340833.09,112666.96,36
3238,Male,Pune,1,962831.96,357037.07,37
3239,Female,Surat,2,527011.06,203162.69,11
3240,Male,Pune,1,2297209.01,776693.08,34
3241,Male,Hyderabad,1,2762917.88,1143315.8,30
3242,Male,Ahmedabad,2,671965.38,193271.97,25
3243,Female,Delhi,1,2288066.63,1036197.01,31
3244,Male,Nagpur,2,1094582.06,445434.35,8
3245,Female,Jabalpur,3,322684.34,41842.58,10
3246,Male,Bhopal,2,1273223.16,360354.09,27
3247,Male,Kolkata,1,2313225.52,838994.45,48
3248,Female,Chandigarh,2,1051709.33,431971.3,19
3249,Female,Hyderabad,1,2872666.27,813463.7,39
3250,Male,Jabalpur,3,585799.83,163258.24,25
3251,Female,Surat,2,1271758.61,540101.44,22
3252,Male,Chennai,1,3603938.03,1666620.24,36
3253,Female,Indore,2,870889.88,262719.89,36
3254,Female,Hyderabad,1,2030383.45,1083240.36,7
3255,Male,Chandigarh,2,1111929.78,254274.25,25
3256,Female,Mumbai,1,2383295.03,1081393.07,40
3257,Female,Lucknow,2,1327192.71,547402.27,41
3258,Male,Lucknow,2,852883.05,348930.38,25
3259,Female,Nagpur,2,366889.64,152199.59,20
3260,Male,Chandigarh,2,1363430.72,342383.33,22
3261,Male,Dehradun,2,899432.4,186237.94,23
3262,Male,Hyderabad,1,1223106.56,468564.41,44
3263,Male,Lucknow,2,813216.03,317969.39,21
3264,Male,Indore,2,1043900.24,446481.33,17
3265,Female,Jabalpur,3,729174.73,105776.62,21
3266,Female,Bengaluru,1,2110790.08,980528.87,32
3267,Male,Delhi,1,2778491.01,1039878.51,46
3268,Male,Nagpur,2,793779.28,335717.12,40
3269,Male,Jaipur,2,461092.07,191655.23,17
3270,Male,Mumbai,1,1850839.17,535300.49,49
3271,Female,Surat,2,1120928.52,318300.13,15
3272,Female,Bengaluru,1,1463456.41,712126.57,46
3273,Female,Kolkata,1,1081362.16,281173.58,30
3274,Male,Chandigarh,2,1182325.09,289109.67,23
3275,Female,Bhopal,2,840087.22,359394.93,24
3276,Female,Hyderabad,1,1912161.26,635251.07,23
3277,Female,Bhopal,2,868778.85,236812.49,37
3278,Male,Bhopal,2,1153117.54,491116.21,23
3279,Female,Lucknow,2,1116323.97,297282.62,27
3280,Female,Bhopal,2,1410119.5,491256.03,12
3281,Male,Jabalpur,3,150000.0,52023.22,15
3282,Female,Kolkata,1,1619370.3,758169.33,47
3283,Female,Patna,3,461689.8,92826.95,16
3284,Male,Lucknow,2,819114.07,327640.58,24
3285,Female,Patna,3,739458.52,101314.35,6
3286,Male,Hyderabad,1,2176202.81,1196095.49,36
3287,Male,Hyderabad,1,784141.59,397957.2,25
3288,Female,Lucknow,2,1117919.46,308480.62,30
3289,Female,Kanpur,3,767176.43,213479.26,19
3290,Female,Bengaluru,1,1511978.96,788719.05,29
3291,Male,Bengaluru,1,2457270.02,1008047.13,19
3292,Female,Patna,3,449916.4,78494.01,15
3293,Male,Patna,3,231749.79,78319.51,18
3294,Female,Surat,2,656558.08,247458.01,24
3295,Male,Nagpur,2,1311950.22,335190.79,14
3296,Male,Kolkata,1,2827951.59,1494297.04,38
3297,Female,Indore,2,606573.34,185218.34,15
3298,Female,Surat,2,557261.68,152303.43,24
3299,Female,Delhi,1,2068418.51,1106290.81,25
3300,Female,Nagpur,2,1270466.17,268976.44,27
3301,Female,Dehradun,2,617718.06,145571.11,38
3302,Male,Ahmedabad,2,645485.29,237383.63,23
3303,Male,Mumbai,1,1214890.82,347852.87,24
3304,Female,Jaipur,2,892932.76,298667.84,33
3305,Male,Dehradun,2,226051.42,52440.1,36
3306,Female,Lucknow,2,702814.74,146217.74,27
3307,Female,Pune,1,1146816.64,392247.79,41
3308,Male,Ahmedabad,2,150000.0,55697.45,14
3309,Female,Chennai,1,2846900.22,1321577.48,47
3310,Male,Dehradun,2,545820.32,162796.04,15
3311,Female,Ranchi,3,473572.33,57438.0,20
3312,Female,Nagpur,2,930487.18,383043.15,16
3313,Female,Nagpur,2,604845.59,174081.09,30
3314,Female,Jaipur,2,1383324.3,562408.25,25
3315,Female,Chennai,1,1814084.79,831363.17,43
3316,Male,Kanpur,3,579198.33,102633.43,12
3317,Male,Jaipur,2,1583570.89,394920.73,17
3318,Male,Nagpur,2,801095.82,192046.55,21
3319,Female,Hyderabad,1,1890998.76,959468.64,24
3320,Male,Jabalpur,3,337597.32,84119.7,24
3321,Male,Bhopal,2,1248308.68,449347.91,32
3322,Female,Delhi,1,640376.56,283348.11,53
3323,Female,Bhopal,2,1277343.89,307534.47,24
3324,Male,Bhopal,2,513474.57,147198.07,24
3325,Female,Lucknow,2,737650.95,207158.45,16
3326,Male,Kanpur,3,611216.09,80620.29,14
3327,Male,Kanpur,3,469196.49,82260.97,15
3328,Male,Pune,1,3706182.59,1172925.36,41
3329,Male,Ranchi,3,406461.14,134981.76,24
3330,Female,Surat,2,625792.59,246109.36,40
3331,Female,Chandigarh,2,698929.65,189915.21,31
3332,Female,Jaipur,2,879856.99,348710.79,20
3333,Female,Chennai,1,1822941.55,747333.48,35
3334,Male,Hyderabad,1,1935313.08,935760.03,26
3335,Female,Hyderabad,1,1821744.4,940057.12,33
3336,Female,Bhopal,2,699992.29,309993.1,32
3337,Female,Patna,3,659662.99,212788.92,16
3338,Male,Pune,1,2066529.09,591029.02,50
3339,Male,Kolkata,1,287087.28,140002.45,39
3340,Male,Kanpur,3,603176.34,74438.56,19
3341,Male,Kolkata,1,1523467.2,418014.62,38
3342,Female,Patna,3,558213.28,147828.67,16
3343,Male,Bengaluru,1,1779579.11,622090.82,36
3344,Male,Hyderabad,1,2585492.63,1372979.8,39
3345,Female,Dehradun,2,786923.49,276546.04,35
3346,Female,Lucknow,2,889270.36,212095.78,34
3347,Female,Hyderabad,1,1387059.22,448230.59,38
3348,Female,Ranchi,3,645723.53,136590.01,7
3349,Female,Pune,1,1520160.64,436562.41,36
3350,Male,Mumbai,1,317979.82,107713.76,34
3351,Male,Ahmedabad,2,646891.05,127801.35,27
3352,Male,Hyderabad,1,2980655.95,1421473.44,28
3353,Male,Lucknow,2,858119.38,254061.98,37
3354,Male,Kolkata,1,899113.61,472826.79,39
3355,Female,Bengaluru,1,2245835.66,1115974.81,30
3356,Male,Chennai,1,1586085.41,862554.73,32
3357,Female,Mumbai,1,2300665.61,578014.96,31
3358,Male,Patna,3,544855.46,95297.6,15
3359,Male,Kolkata,1,2236468.06,611105.37,53
3360,Male,Delhi,1,1542449.55,471497.86,23
3361,Male,Dehradun,2,763708.75,156733.35,35
3362,Male,Jaipur,2,587362.68,126173.18,24
3363,Female,Bengaluru,1,2191086.7,1155543.54,30
3364,Male,Mumbai,1,1445566.51,479543.46,44
3365,Male,Chennai,1,3013829.37,1651614.17,38
3366,Male,Nagpur,2,1209045.17,493912.08,29
3367,Female,Pune,1,2004518.18,808425.05,36
3368,Male,Mumbai,1,1474869.64,455535.16,43
3369,Female,Hyderabad,1,414686.91,212870.2,55
3370,Female,Nagpur,2,806157.05,308746.63,21
3371,Male,Bhopal,2,801354.3,228010.91,19
3372,Male,Kanpur,3,358396.2,113948.14,20
3373,Male,Kanpur,3,698830.95,159060.97,17
3374,Male,Chennai,1,1315029.77,330234.92,30
3375,Male,Kanpur,3,375010.8,78788.79,18
3376,Female,Kolkata,1,690106.57,208803.67,41
3377,Male,Pune,1,1532858.23,814831.65,42
3378,Male,Chennai,1,2574320.23,705388.9,21
3379,Female,Kanpur,3,690003.57,166703.31,13
3380,Male,Bhopal,2,856698.99,355401.01,30
3381,Male,Jabalpur,3,618624.04,210803.51,17
3382,Female,Pune,1,2326993.83,1173464.39,31
3383,Female,Indore,2,1087882.61,217167.72,15
3384,Male,Kolkata,1,1550942.4,420684.46,38
3385,Male,Patna,3,808054.05,255854.88,6
3386,Male,Chandigarh,2,881245.12,173006.63,28
3387,Male,Jabalpur,3,624224.07,139211.34,27
3388,Male,Kanpur,3,554443.8,109722.38,6
3389,Female,Dehradun,2,995089.25,414702.35,37
3390,Male,Lucknow,2,350354.81,143573.58,27
3391,Female,Bengaluru,1,813727.48,355641.5,37
3392,Male,Dehradun,2,1250794.25,378228.84,21
3393,Female,Indore,2,731924.95,210008.72,27
3394,Female,Jabalpur,3,460252.35,90143.94,13
3395,Male,Jabalpur,3,773708.84,226225.59,22
3396,Female,Surat,2,1382141.63,411893.52,25
3397,Female,Lucknow,2,961450.93,420270.75,16
3398,Male,Kolkata,1,2056709.43,913264.75,48
3399,Female,Dehradun,2,857642.64,231114.47,30
3400,Male,Pune,1,1516727.42,568049.97,15
3401,Male,Dehradun,2,1242740.91,287229.96,23
3402,Female,Indore,2,753773.69,291212.57,25
3403,Male,Kanpur,3,882616.06,116413.35,25
3404,Male,Chennai,1,2408389.28,1011176.2,20
3405,Female,Indore,2,1233816.09,313041.07,42
3406,Male,Nagpur,2,702441.3,287473.5,21
3407,Male,Pune,1,967741.22,293383.15,39
3408,Male,Bhopal,2,1030258.37,368871.39,29
3409,Male,Chandigarh,2,366018.16,162677.4,20
3410,Female,Ranchi,3,434203.42,136747.98,23
3411,Male,Chennai,1,1241255.75,469152.29,45
3412,Female,Patna,3,546147.73,156326.74,17
3413,Female,Jaipur,2,1174104.48,526954.94,20
3414,Female,Indore,2,881964.7,349749.18,18
3415,Female,Dehradun,2,1134944.55,311234.29,30
3416,Female,Dehradun,2,1685135.39,746454.24,16
3417,Female,Hyderabad,1,2189078.22,724162.56,32
3418,Male,Chennai,1,3396182.16,1126715.19,27
3419,Female,Jaipur,2,698889.35,147321.39,22
3420,Male,Dehradun,2,1327498.26,456861.47,19
3421,Male,Hyderabad,1,2129009.56,960301.77,36
3422,Male,Chennai,1,1726310.57,767430.12,21
3423,Female,Bengaluru,1,1536811.49,582243.68,29
3424,Male,Mumbai,1,1005506.67,454506.58,34
3425,Female,Indore,2,336407.91,61794.15,31
3426,Female,Hyderabad,1,1671318.59,495031.71,27
3427,Male,Ranchi,3,813959.63,200123.87,9
3428,Female,Bengaluru,1,1315225.58,571083.26,23
3429,Male,Jabalpur,3,623384.15,154151.68,21
3430,Female,Lucknow,2,421729.79,176048.01,13
3431,Female,Dehradun,2,1338321.23,254628.22,34
3432,Female,Surat,2,775768.11,161794.43,44
3433,Male,Surat,2,1099415.62,361154.59,22
3434,Female,Delhi,1,1292200.58,599886.62,33
3435,Female,Chennai,1,2400010.87,967393.49,50
3436,Female,Jabalpur,3,906517.19,157444.77,9
3437,Female,Indore,2,944774.52,249441.22,30
3438,Male,Jabalpur,3,795765.82,125071.86,16
3439,Male,Delhi,1,2510774.63,865330.35,23
3440,Female,Surat,2,766546.76,295829.76,27
3441,Female,Pune,1,1927519.44,685325.82,43
3442,Male,Patna,3,655800.08,155470.85,9
3443,Female,Lucknow,2,597883.6,186903.23,41
3444,Male,Dehradun,2,668884.76,179699.28,27
3445,Female,Nagpur,2,876129.11,343345.42,13
3446,Female,Surat,2,166120.18,33595.37,23
3447,Male,Dehradun,2,304600.83,105401.7,27
3448,Male,Kanpur,3,525206.6,180030.94,9
3449,Female,Indore,2,1010240.16,272868.91,26
3450,Female,Dehradun,2,843412.03,372721.22,23
3451,Female,Ranchi,3,752216.91,224545.82,22
3452,Female,Lucknow,2,1397593.56,476394.97,26
3453,Male,Delhi,1,2224859.83,912309.5,16
3454,Male,Nagpur,2,1408097.06,291385.99,21
3455,Female,Hyderabad,1,1385686.75,362796.42,47
3456,Male,Bhopal,2,1350010.09,286468.83,12
3457,Female,Chandigarh,2,965487.49,259737.65,28
3458,Female,Chennai,1,2817567.72,1212797.6,28
3459,Female,Bhopal,2,540776.23,168565.16,37
3460,Female,Patna,3,249757.27,73922.07,14
3461,Male,Delhi,1,1254135.33,344156.17,44
3462,Male,Ahmedabad,2,888631.53,258406.18,23
3463,Male,Lucknow,2,893653.01,222727.78,27
3464,Female,Bengaluru,1,1784181.52,766756.81,44
3465,Female,Chennai,1,1638449.69,873731.32,27
3466,Male,Pune,1,571641.48,250207.56,45
3467,Female,Surat,2,813901.63,257503.43,28
3468,Female,Delhi,1,2342259.65,1063157.6,49
3469,Female,Patna,3,307913.0,85405.28,11
3470,Male,Jaipur,2,762049.74,175886.53,13
3471,Male,Dehradun,2,1059146.54,230774.63,24
3472,Female,Chandigarh,2,437836.15,172209.72,28
3473,Female,Nagpur,2,786383.11,335201.62,26
3474,Male,Chandigarh,2,1059075.9,472476.08,15
3475,Male,Dehradun,2,637280.61,147118.56,22
3476,Female,Kolkata,1,2822717.94,832831.9,35
3477,Female,Dehradun,2,452897.19,123244.45,34
3478,Female,Pune,1,1505812.21,743283.95,55
3479,Female,Bhopal,2,1046480.1,206516.06,21
3480,Female,Kolkata,1,2189968.57,1109170.24,24
3481,Male,Bengaluru,1,1230092.72,505735.68,23
3482,Female,Lucknow,2,1108043.62,430898.1,20
3483,Female,Delhi,1,1717413.23,828563.14,23
3484,Female,Nagpur,2,1312667.58,254076.71,13
3485,Male,Ahmedabad,2,523522.33,211637.83,27
3486,Male,Nagpur,2,430628.5,175283.03,17
3487,Female,Nagpur,2,855667.59,239502.18,20
3488,Male,Jaipur,2,1068113.53,408821.17,22
3489,Female,Nagpur,2,951991.77,306894.32,22
3490,Male,Patna,3,496725.08,125203.16,21
3491,Male,Bhopal,2,150000.0,45472.27,27
3492,Female,Lucknow,2,1128908.39,340773.11,18
3493,Female,Patna,3,621999.38,169554.18,18
3494,Female,Kolkata,1,1892252.41,677493.19,36
3495,Female,Indore,2,511587.46,166057.19,27
3496,Female,Ranchi,3,686369.97,165726.39,12
3497,Male,Surat,2,352259.14,158392.83,20
3498,Male,Mumbai,1,1612140.09,873155.43,38
3499,Female,Nagpur,2,963106.77,376442.89,17
3500,Female,Kolkata,1,1918599.66,729693.41,34
3501,Female,Jaipur,2,859684.08,312357.64,15
3502,Male,Nagpur,2,845395.22,287665.88,35
3503,Male,Kanpur,3,698063.13,242069.83,10
3504,Female,Bhopal,2,343892.03,150562.88,28
3505,Male,Hyderabad,1,349505.42,106406.68,32
3506,Female,Hyderabad,1,2264837.07,983670.84,29
3507,Female,Patna,3,526009.83,77776.8,19
3508,Male,Chandigarh,2,901226.69,405140.03,23
3509,Female,Kolkata,1,1037460.15,532276.79,46
3510,Female,Jaipur,2,699439.18,154164.67,32
3511,Female,Pune,1,1676706.06,632890.1,19
3512,Male,Ranchi,3,399047.05,117843.81,14
3513,Male,Indore,2,543418.18,129751.84,18
3514,Male,Chennai,1,1908957.94,823944.64,23
3515,Male,Kolkata,1,2517341.88,850106.34,46
3516,Female,Ahmedabad,2,1327597.85,364227.62,15
3517,Female,Jabalpur,3,451505.48,82435.58,10
3518,Female,Surat,2,759956.4,150082.64,29
3519,Male,Patna,3,400927.5,84391.29,22
3520,Male,Kolkata,1,2214202.41,691108.92,40
3521,Male,Jaipur,2,599793.39,119974.64,21
3522,Female,Mumbai,1,2889273.11,1450481.98,37
3523,Male,Jaipur,2,1085780.55,305598.39,16
3524,Female,Delhi,1,1517551.45,829902.52,43
3525,Male,Mumbai,1,1841026.24,898150.84,22
3526,Female,Bengaluru,1,972965.11,531148.21,10
3527,Female,Ranchi,3,891302.19,118136.87,9
3528,Female,Bengaluru,1,2101241.39,779993.48,44
3529,Male,Bhopal,2,916086.33,168026.37,23
3530,Male,Indore,2,720385.47,256733.37,20
3531,Male,Ahmedabad,2,850903.55,187493.72,22
3532,Male,Nagpur,2,1533006.49,574427.77,32
3533,Female,Kanpur,3,484628.4,66925.84,16
3534,Male,Dehradun,2,1119587.23,267342.7,24
3535,Male,Ahmedabad,2,744799.7,255841.66,22
3536,Female,Chandigarh,2,1284027.47,529667.96,36
3537,Female,Nagpur,2,508935.55,131376.31,24
3538,Female,Ahmedabad,2,1285096.31,415562.68,37
3539,Male,Kolkata,1,2543271.65,1308252.49,49
3540,Male,Chennai,1,2782365.06,903189.5,39
3541,Female,Kolkata,1,2258071.69,825821.3,37
3542,Female,Jabalpur,3,680315.09,90952.02,23
3543,Male,Jaipur,2,539636.16,238074.62,26
3544,Female,Dehradun,2,879368.71,187193.89,25
3545,Female,Chennai,1,596748.71,155436.19,45
3546,Female,Surat,2,150000.0,31093.6,31
3547,Male,Dehradun,2,1140890.9,272048.23,29
3548,Male,Jaipur,2,608825.96,235352.1,19
3549,Female,Bhopal,2,920968.42,384961.14,25
3550,Female,Bhopal,2,452839.91,133567.68,37
3551,Male,Mumbai,1,1402786.9,583088.74,53
3552,Male,Delhi,1,605617.43,237867.0,39
3553,Female,Jaipur,2,150000.0,60237.35,20
3554,Female,Lucknow,2,1668631.35,703812.74,16
3555,Male,Chennai,1,1177108.66,615401.94,25
3556,Female,Jabalpur,3,433277.2,65484.25,19
3557,Female,Mumbai,1,2074316.88,976223.74,24
3558,Female,Jaipur,2,678636.05,166189.27,17
3559,Male,Bengaluru,1,2281947.18,964199.75,32
3560,Male,Lucknow,2,875031.0,164323.5,38
3561,Female,Pune,1,1844368.37,858805.62,27
3562,Female,Chandigarh,2,1145678.21,456987.85,17
3563,Female,Delhi,1,2860722.67,1061925.96,29
3564,Female,Bengaluru,1,2578794.87,1412091.3,42
3565,Female,Dehradun,2,545560.05,122596.84,10
3566,Female,Chandigarh,2,1125473.09,481254.89,17
3567,Male,Chennai,1,964918.64,323759.01,31
3568,Male,Jaipur,2,269728.94,65562.03,21
3569,Female,Bhopal,2,1401768.76,353079.81,26
3570,Female,Ranchi,3,845609.01,228868.88,24
3571,Male,Jabalpur,3,190297.91,59422.91,13
3572,Male,Delhi,1,1257271.53,353174.81,46
3573,Male,Jabalpur,3,442471.41,87385.09,18
3574,Female,Mumbai,1,1223158.62,585883.71,45
3575,Female,Kolkata,1,1206660.95,565497.62,43
3576,Male,Chandigarh,2,688709.45,163095.72,36
3577,Male,Chennai,1,2376092.01,1049959.46,35
3578,Male,Ahmedabad,2,1083414.5,319980.86,17
3579,Female,Ranchi,3,828071.46,197443.61,21
3580,Female,Chandigarh,2,1107079.98,383126.95,31
3581,Male,Dehradun,2,985924.54,426604.13,22
3582,Male,Jaipur,2,887189.07,221708.51,15
3583,Female,Nagpur,2,1188198.11,259073.51,32
3584,Male,Lucknow,2,849864.09,335917.23,26
3585,Female,Bengaluru,1,416224.9,123815.16,30
3586,Male,Bhopal,2,1068410.05,351096.86,17
3587,Female,Indore,2,943235.22,351079.85,23
3588,Male,Nagpur,2,932108.96,189090.01,19
3589,Male,Mumbai,1,2115568.64,1043897.54,37
3590,Male,Surat,2,991651.23,260443.3,34
3591,Female,Bengaluru,1,1330289.61,583396.68,24
3592,Female,Kolkata,1,1422429.99,555342.64,27
3593,Male,Pune,1,2134626.47,1124847.41,20
3594,Female,Indore,2,1179861.32,398008.28,34
3595,Female,Ranchi,3,304358.26,99154.87,17
3596,Male,Hyderabad,1,1558209.2,740156.47,32
3597,Male,Bhopal,2,745684.23,139917.9,16
3598,Male,Nagpur,2,828175.45,161238.09,23
3599,Female,Mumbai,1,2491503.11,901910.73,39
3600,Female,Jabalpur,3,497165.96,96867.71,20
3601,Male,Chennai,1,2051242.31,771186.86,24
3602,Male,Kolkata,1,2762821.77,1143009.49,40
3603,Female,Jaipur,2,1109681.42,289346.5,26
3604,Female,Dehradun,2,1376275.22,474887.19,17
3605,Female,Hyderabad,1,1492805.01,582718.53,23
3606,Male,Kolkata,1,929946.66,490387.87,31
3607,Male,Lucknow,2,860220.11,312790.21,37
3608,Male,Patna,3,600062.59,182282.44,8
3609,Male,Patna,3,171531.88,32132.49,13
3610,Female,Mumbai,1,2142418.04,1149673.47,29
3611,Male,Jaipur,2,1097018.73,441468.15,24
3612,Female,Ranchi,3,916636.99,201702.63,16
3613,Female,Ahmedabad,2,665042.34,244729.69,25
3614,Female,Nagpur,2,713639.36,190819.28,30
3615,Male,Bengaluru,1,3552220.25,1194278.11,30
3616,Male,Dehradun,2,326970.23,63753.47,30
3617,Female,Chandigarh,2,1065485.27,234032.78,3
3618,Female,Kolkata,1,1002348.04,434381.86,36
3619,Female,Patna,3,396013.11,79626.1,16
3620,Male,Bengaluru,1,1497724.22,562031.26,23
3621,Male,Surat,2,1256284.97,537803.1,14
3622,Female,Delhi,1,920377.76,304844.6,30
3623,Female,Ahmedabad,2,979183.33,296548.59,33
3624,Male,Bhopal,2,841564.41,214761.21,15
3625,Female,Mumbai,1,1823943.28,579133.92,26
3626,Female,Kanpur,3,727072.39,175463.17,16
3627,Female,Lucknow,2,515999.65,204381.12,20
3628,Male,Bhopal,2,697328.44,166466.79,43
3629,Male,Surat,2,999095.79,320134.55,24
3630,Male,Nagpur,2,1086351.81,424032.33,5
3631,Male,Jaipur,2,539112.88,182183.9,20
3632,Female,Kanpur,3,773633.68,249773.16,23
3633,Female,Chandigarh,2,668602.01,293351.88,23
3634,Male,Hyderabad,1,3199829.08,1439576.21,24
3635,Female,Chandigarh,2,403215.48,154789.84,26
3636,Female,Hyderabad,1,1967239.27,780144.83,48
3637,Female,Chennai,1,906040.81,485725.7,24
3638,Male,Delhi,1,2250345.13,912052.34,46
3639,Female,Dehradun,2,607331.8,190292.66,22
3640,Female,Bhopal,2,1409162.34,563020.21,40
3641,Female,Lucknow,2,1002106.45,329935.34,26
3642,Female,Ranchi,3,150000.0,39150.99,17
3643,Female,Kanpur,3,551803.81,176745.43,13
3644,Male,Patna,3,485111.38,163036.53,9
3645,Female,Chandigarh,2,230330.88,68856.24,17
3646,Female,Hyderabad,1,3391968.11,1662769.36,38
3647,Male,Delhi,1,2721323.26,1116058.75,33
3648,Male,Hyderabad,1,2672452.85,1243536.88,22
3649,Male,Ahmedabad,2,668057.98,150893.17,25
3650,Female,Delhi,1,1100944.52,497655.81,25
3651,Male,Jaipur,2,587164.25,189381.41,16
3652,Female,Jabalpur,3,611370.3,85368.58,16
3653,Female,Chennai,1,2613052.13,1136032.69,33
3654,Female,Delhi,1,1350623.54,623999.3,18
3655,Female,Bhopal,2,732506.01,143869.82,29
3656,Female,Jabalpur,3,474214.54,136588.13,9
3657,Male,Chennai,1,867285.15,347764.98,41
3658,Female,Chennai,1,1577518.62,411019.66,36
3659,Male,Bengaluru,1,2169625.2,661999.68,27
3660,Male,Lucknow,2,582388.61,249634.62,25
3661,Female,Pune,1,2280123.32,1216360.73,32
3662,Male,Nagpur,2,895005.79,167059.22,23
3663,Male,Nagpur,2,914107.69,183036.25,32
3664,Male,Kanpur,3,503162.65,169190.39,12
3665,Male,Patna,3,687460.27,140437.84,20
3666,Female,Ahmedabad,2,992391.01,349393.39,14
3667,Female,Chennai,1,1267579.53,681580.21,40
3668,Female,Mumbai,1,2501281.85,1030577.43,39
3669,Female,Chennai,1,2041934.24,867079.63,34
3670,Male,Bhopal,2,1089134.42,197076.62,40
3671,Male,Chandigarh,2,694656.89,182230.98,18
3672,Male,Mumbai,1,1063928.14,297538.04,16
3673,Female,Jabalpur,3,568561.16,138494.11,16
3674,Female,Jabalpur,3,919283.38,285314.55,12
3675,Male,Ranchi,3,893348.32,303132.39,12
3676,Male,Chandigarh,2,810142.9,286850.17,34
3677,Female,Ranchi,3,592972.83,204993.97,10
3678,Male,Chandigarh,2,1175705.38,340931.55,25
3679,Male,Kolkata,1,1869310.11,621305.98,29
3680,Female,Lucknow,2,1203880.24,310382.9,19
3681,Male,Delhi,1,2655898.25,1149989.2,18
3682,Female,Surat,2,1191039.93,431274.47,25
3683,Female,Bengaluru,1,2525903.73,768680.17,32
3684,Male,Jaipur,2,1119573.34,390571.4,25
3685,Female,Ahmedabad,2,1080657.06,439427.72,33
3686,Male,Bengaluru,1,1773470.24,533634.22,35
3687,Male,Kolkata,1,3126855.14,994832.03,33
3688,Female,Indore,2,459220.05,126810.96,21
3689,Male,Lucknow,2,742240.9,174650.57,8
3690,Female,Chennai,1,1128772.69,544382.43,28
3691,Female,Dehradun,2,1210731.38,344512.19,36
3692,Male,Lucknow,2,721469.7,232255.8,20
3693,Male,Bhopal,2,853177.22,287592.08,18
3694,Male,Bhopal,2,180089.81,58792.19,27
3695,Female,Dehradun,2,773569.43,153114.48,25
3696,Female,Indore,2,569295.58,105908.12,25
3697,Female,Jaipur,2,985852.11,364668.72,15
3698,Female,Bengaluru,1,2225042.79,678065.99,24
3699,Male,Bhopal,2,420687.68,149986.04,39
3700,Female,Patna,3,406633.49,57366.55,9
3701,Male,Bengaluru,1,2031429.28,1083360.57,29
3702,Female,Kanpur,3,822383.39,242811.2,22
3703,Male,Jabalpur,3,519074.12,171513.52,17
3704,Female,Hyderabad,1,1882921.68,805762.04,23
3705,Male,Kanpur,3,384071.74,74250.14,18
3706,Female,Lucknow,2,854643.64,197355.77,20
3707,Male,Patna,3,876080.04,212350.91,21
3708,Female,Dehradun,2,199250.11,81145.96,15
3709,Male,Hyderabad,1,2302084.48,1098657.61,26
3710,Male,Lucknow,2,307904.36,94540.86,19
3711,Female,Kanpur,3,538605.42,127089.7,17
3712,Male,Lucknow,2,746155.98,322707.79,29
3713,Male,Surat,2,752446.19,150206.81,33
3714,Male,Delhi,1,2987822.87,1508828.83,54
3715,Female,Kanpur,3,550526.67,109773.33,19
3716,Male,Patna,3,1075065.9,332986.45,20
3717,Female,Jabalpur,3,703882.71,186148.26,18
3718,Female,Bhopal,2,826393.43,339598.74,26
3719,Male,Nagpur,2,565946.48,130867.29,29
3720,Male,Kanpur,3,203053.16,55426.98,15
3721,Female,Chennai,1,1504252.87,568713.82,45
3722,Male,Pune,1,1700305.49,544476.69,44
3723,Male,Indore,2,1465782.58,307149.18,19
3724,Female,Bengaluru,1,2669706.1,687179.96,32
3725,Female,Lucknow,2,1070359.53,261136.17,26
3726,Female,Nagpur,2,1269212.34,459510.55,32
3727,Female,Jabalpur,3,372002.98,94330.67,15
3728,Male,Chandigarh,2,1516290.97,453624.56,23
3729,Male,Kolkata,1,913357.6,286283.81,25
3730,Female,Bengaluru,1,1488370.21,526968.05,32
3731,Female,Chennai,1,1226460.89,552485.19,46
3732,Male,Surat,2,1115291.6,489443.92,38
3733,Female,Mumbai,1,1452078.52,438143.71,25
3734,Male,Chennai,1,2897374.98,999948.23,42
3735,Female,Pune,1,3130454.33,1178309.1,38
3736,Female,Jabalpur,3,623949.75,84154.02,21
3737,Female,Ranchi,3,309218.65,76757.1,21
3738,Female,Lucknow,2,338090.86,82253.97,19
3739,Female,Indore,2,547162.72,179635.85,25
3740,Male,Bengaluru,1,1198122.17,332902.47,47
3741,Male,Hyderabad,1,758837.89,311828.39,35
3742,Male,Kolkata,1,2067631.23,910040.03,46
3743,Male,Mumbai,1,2344414.53,1241533.49,35
3744,Male,Mumbai,1,443126.26,171878.09,36
3745,Male,Dehradun,2,1072201.42,337770.18,15
3746,Female,Ahmedabad,2,879078.01,272075.2,24
3747,Male,Surat,2,957922.05,348697.47,32
3748,Female,Bengaluru,1,2379952.16,914410.81,16
3749,Male,Jabalpur,3,475973.12,111120.23,18
3750,Female,Dehradun,2,541512.04,237966.22,15
3751,Male,Mumbai,1,1405843.25,566509.52,25
3752,Male,Pune,1,1630038.4,771268.29,45
3753,Female,Jabalpur,3,471736.96,99221.63,22
3754,Male,Dehradun,2,1264627.94,242775.24,21
3755,Male,Jabalpur,3,747547.29,186925.7,10
3756,Female,Kolkata,1,2823661.91,873289.1,11
3757,Female,Nagpur,2,924179.82,391224.78,2
3758,Female,Delhi,1,2224306.31,985973.64,31
3759,Male,Mumbai,1,1528756.08,500244.71,42
3760,Female,Patna,3,274057.72,56356.6,10
3761,Female,Dehradun,2,1253355.09,281191.7,12
3762,Female,Delhi,1,2048403.15,804909.7,38
3763,Female,Indore,2,746550.42,137919.72,29
3764,Female,Kanpur,3,409453.37,102546.71,31
3765,Male,Ahmedabad,2,1351196.14,273790.55,30
3766,Male,Kanpur,3,639888.34,140272.52,13
3767,Female,Patna,3,217340.18,56441.5,14
3768,Male,Surat,2,1062870.4,241192.6,15
3769,Female,Jaipur,2,834747.25,202349.32,21
3770,Male,Dehradun,2,967946.25,299955.06,14
3771,Female,Dehradun,2,729491.49,183808.9,7
3772,Female,Jabalpur,3,779057.31,251671.9,10
3773,Male,Mumbai,1,2079098.96,595593.22,31
3774,Male,Lucknow,2,617630.34,271217.69,24
3775,Female,Dehradun,2,1017626.39,439652.92,29
3776,Male,Jabalpur,3,651060.0,181449.1,15
3777,Male,Kanpur,3,601867.01,120189.15,20
3778,Female,Nagpur,2,640672.01,172161.31,31
3779,Female,Ranchi,3,582924.62,122417.99,6
3780,Female,Hyderabad,1,1728264.54,835726.08,37
3781,Female,Indore,2,828838.6,233820.67,33
3782,Female,Bhopal,2,1016485.58,390159.25,26
3783,Male,Pune,1,2061557.38,755095.9,32
3784,Male,Lucknow,2,1323507.46,305553.65,27
3785,Male,Dehradun,2,1060028.68,446486.46,35
3786,Male,Pune,1,1593702.27,796616.75,22
3787,Female,Pune,1,2709909.87,1212233.53,27
3788,Female,Chennai,1,2441388.44,1228096.83,59
3789,Female,Dehradun,2,783877.43,173998.93,12
3790,Male,Ahmedabad,2,382927.78,103443.1,29
3791,Male,Surat,2,738862.68,151336.25,24
3792,Female,Mumbai,1,1320487.09,672705.07,52
3793,Female,Jaipur,2,624297.15,244007.76,26
3794,Male,Pune,1,1810905.31,823661.03,37
3795,Male,Kanpur,3,484685.99,153597.92,8
3796,Female,Bengaluru,1,1433871.7,550076.35,27
3797,Male,Patna,3,396898.23,132317.31,26
3798,Male,Ranchi,3,506146.59,143269.57,13
3799,Male,Chennai,1,2270929.75,679609.99,23
3800,Female,Dehradun,2,931704.37,368035.67,31
3801,Female,Chandigarh,2,1232374.52,386518.34,11
3802,Female,Delhi,1,670076.57,354036.75,59
3803,Male,Hyderabad,1,1189050.53,443996.08,25
3804,Female,Delhi,1,1430122.26,725392.98,31
3805,Male,Jabalpur,3,748484.57,232899.2,19
3806,Male,Chennai,1,2069057.4,568919.01,17
3807,Male,Surat,2,837129.37,239663.92,31
3808,Male,Kanpur,3,482810.71,85894.27,6
3809,Male,Pune,1,2647999.25,1324732.2,29
3810,Female,Kolkata,1,1589549.17,814081.14,16
3811,Female,Pune,1,2279300.4,968168.19,24
3812,Female,Jabalpur,3,751329.67,107711.82,18
3813,Male,Chennai,1,2164851.05,1068108.62,14
3814,Female,Bhopal,2,1120690.47,322649.47,20
3815,Male,Hyderabad,1,2211710.09,613240.13,27
3816,Female,Kolkata,1,1283796.28,458219.44,35
3817,Male,Patna,3,761457.12,162244.24,30
3818,Female,Ahmedabad,2,387730.74,117516.65,21
3819,Female,Chandigarh,2,916174.06,297954.66,30
3820,Male,Kanpur,3,425129.44,98136.34,24
3821,Female,Bengaluru,1,1818329.6,538450.14,35
3822,Female,Bhopal,2,792884.09,306855.78,21
3823,Male,Bhopal,2,747731.59,320406.92,13
3824,Female,Hyderabad,1,1717807.03,641205.78,45
3825,Male,Ahmedabad,2,350385.97,68006.39,27
3826,Female,Patna,3,526820.63,122786.65,9
3827,Female,Patna,3,821495.93,141737.82,11
3828,Female,Kanpur,3,826265.77,268021.01,5
3829,Female,Mumbai,1,1221544.3,484686.38,31
3830,Male,Hyderabad,1,1465547.42,553104.99,38
3831,Male,Kanpur,3,208975.39,65696.57,17
3832,Female,Bengaluru,1,1096172.41,408193.35,57
3833,Female,Chandigarh,2,696740.62,293365.57,24
3834,Female,Pune,1,2678321.39,1350884.37,47
3835,Female,Delhi,1,1576117.42,683808.96,51
3836,Male,Delhi,1,1893268.04,743477.45,54
3837,Male,Nagpur,2,1178165.48,416910.85,41
3838,Female,Kanpur,3,819138.61,219402.02,22
3839,Female,Patna,3,908942.27,203040.3,19
3840,Female,Surat,2,1621241.13,717323.36,35
3841,Female,Chandigarh,2,463703.31,108731.88,11
3842,Female,Mumbai,1,2234498.23,1019672.85,20
3843,Male,Kanpur,3,740336.91,164408.7,17
3844,Female,Indore,2,1098275.86,453173.17,22
3845,Female,Kolkata,1,1618864.91,876903.41,30
3846,Female,Bhopal,2,182142.13,76491.2,32
3847,Female,Kolkata,1,467368.42,248810.99,30
3848,Male,Bengaluru,1,1938284.04,782457.01,37
3849,Female,Surat,2,701267.26,234763.38,29
3850,Male,Indore,2,883534.79,168532.08,36
3851,Female,Kanpur,3,434773.63,115318.89,21
3852,Male,Kolkata,1,1118320.16,322904.79,27
3853,Female,Kanpur,3,567281.67,164841.84,19
3854,Female,Kanpur,3,150000.0,21795.73,17
3855,Male,Pune,1,698459.68,379363.9,38
3856,Female,Mumbai,1,1526667.5,450981.21,48
3857,Female,Ahmedabad,2,769777.49,177911.06,27
3858,Male,Patna,3,600751.94,180840.17,9
3859,Female,Delhi,1,1407264.4,547934.63,32
3860,Female,Jaipur,2,616968.99,147689.81,30
3861,Male,Chennai,1,1415611.46,498390.89,29
3862,Female,Chennai,1,1971113.57,959384.72,34
3863,Male,Lucknow,2,609737.87,259487.3,29
3864,Female,Jabalpur,3,485565.96,155560.37,20
3865,Male,Ahmedabad,2,766566.95,273926.58,23
3866,Female,Bhopal,2,652347.74,173583.2,27
3867,Male,Lucknow,2,597449.39,120249.33,30
3868,Male,Indore,2,569946.71,138683.37,18
3869,Female,Chennai,1,2024040.73,705238.62,21
3870,Male,Kanpur,3,467941.11,106159.1,20
3871,Female,Bhopal,2,895671.92,174724.38,22
3872,Male,Chennai,1,1190127.93,509057.74,34
3873,Female,Patna,3,421962.42,105780.88,21
3874,Male,Bengaluru,1,2197079.48,1078541.06,41
3875,Female,Delhi,1,2793345.09,1360911.74,15
3876,Female,Hyderabad,1,1119797.97,354706.01,26
3877,Female,Kolkata,1,1462798.06,691146.7,37
3878,Female,Bengaluru,1,1049434.83,341958.48,43
3879,Female,Kanpur,3,786847.93,253043.76,21
3880,Female,Nagpur,2,1193110.02,475214.03,26
3881,Female,Jaipur,2,889568.68,351832.78,29
3882,Female,Patna,3,501023.01,91404.61,12
3883,Female,Dehradun,2,663046.09,263598.11,22
3884,Male,Pune,1,2031485.26,662824.32,22
3885,Male,Kanpur,3,535147.57,144553.25,7
3886,Female,Dehradun,2,876771.79,216332.2,24
3887,Male,Hyderabad,1,1747785.13,751018.07,38
3888,Female,Kolkata,1,1758070.33,478609.6,18
3889,Male,Dehradun,2,887602.95,255308.34,20
3890,Female,Pune,1,2088514.69,1144236.73,27
3891,Female,Chennai,1,2937731.22,1583122.15,21
3892,Male,Chennai,1,1702654.08,802370.36,47
3893,Female,Bhopal,2,912380.0,232972.83,16
3894,Male,Delhi,1,1619948.77,468658.25,23
3895,Female,Chennai,1,1515088.88,620191.62,53
3896,Female,Lucknow,2,986890.49,203287.26,25
3897,Female,Lucknow,2,1140389.62,227523.06,21
3898,Male,Dehradun,2,924019.87,268180.16,33
3899,Male,Hyderabad,1,1018141.38,347940.42,24
3900,Female,Nagpur,2,1019962.15,368028.06,29
3901,Female,Delhi,1,1348550.08,587176.03,42
3902,Male,Lucknow,2,1419247.13,373970.41,23
3903,Female,Pune,1,2390653.02,886083.93,38
3904,Male,Mumbai,1,1819547.11,643740.75,27
3905,Female,Surat,2,1022365.37,318072.43,26
3906,Male,Bengaluru,1,3266983.23,918183.19,30
3907,Female,Patna,3,602081.0,165022.46,16
3908,Female,Nagpur,2,1282659.68,521737.33,31
3909,Female,Nagpur,2,1032144.16,339880.59,23
3910,Female,Chandigarh,2,1180828.6,251681.59,38
3911,Male,Dehradun,2,1163369.18,403713.75,20
3912,Female,Hyderabad,1,1840644.68,668334.35,47
3913,Female,Jabalpur,3,476914.75,150327.99,21
3914,Female,Hyderabad,1,1967020.05,1015832.84,24
3915,Female,Bengaluru,1,2965676.56,1457337.87,33
3916,Male,Indore,2,1000617.89,300831.01,26
3917,Female,Indore,2,691864.45,228762.32,21
3918,Male,Surat,2,286885.43,120905.45,34
3919,Female,Jabalpur,3,337927.66,93330.85,20
3920,Male,Bengaluru,1,1517552.94,771660.16,50
3921,Female,Mumbai,1,1473366.72,409666.24,27
3922,Male,Surat,2,665679.14,284751.55,19
3923,Male,Surat,2,853230.29,276231.3,18
3924,Male,Kolkata,1,1480090.33,548486.04,37
3925,Male,Nagpur,2,433830.41,110112.08,35
3926,Male,Dehradun,2,1145596.89,217027.72,26
3927,Male,Chennai,1,2334199.61,1258567.82,44
3928,Female,Mumbai,1,790155.03,326784.98,35
3929,Male,Kolkata,1,2055618.3,1000908.51,37
3930,Female,Nagpur,2,1045075.95,281843.22,14
3931,Female,Bengaluru,1,1185314.81,637676.81,25
3932,Male,Indore,2,678102.29,140881.39,22
3933,Male,Dehradun,2,957373.42,221271.86,19
3934,Female,Chandigarh,2,1229666.04,362224.32,22
3935,Female,Pune,1,1797015.94,664268.71,43
3936,Female,Mumbai,1,1677100.15,464294.3,36
3937,Female,Indore,2,834699.36,328380.84,42
3938,Male,Bengaluru,1,1660235.43,712113.17,42
3939,Male,Chennai,1,2071003.82,1034104.65,35
3940,Male,Lucknow,2,826532.27,321175.67,27
3941,Female,Pune,1,1212274.14,646481.37,28
3942,Male,Bengaluru,1,2016102.88,670912.2,31
3943,Female,Lucknow,2,486579.59,164507.11,20
3944,Male,Pune,1,2715931.92,691732.1,22
3945,Female,Ranchi,3,778785.42,252545.25,16
3946,Male,Pune,1,2111362.1,1014529.54,19
3947,Female,Delhi,1,1311720.64,534122.49,18
3948,Male,Indore,2,1032030.36,206279.06,16
3949,Male,Chandigarh,2,706476.59,142019.4,16
3950,Female,Patna,3,830330.23,212065.59,11
3951,Female,Jaipur,2,1088982.82,340659.86,21
3952,Male,Chennai,1,1553016.27,847023.87,47
3953,Male,Kolkata,1,150000.0,71495.42,51
3954,Male,Ranchi,3,738039.92,124321.71,14
3955,Female,Dehradun,2,442515.58,121159.57,26
3956,Female,Chennai,1,2654526.82,759782.66,52
3957,Female,Delhi,1,2274984.76,696494.73,16
3958,Female,Jabalpur,3,441588.46,99196.25,14
3959,Female,Bengaluru,1,1203867.93,308146.82,44
3960,Female,Mumbai,1,2210654.7,812157.08,35
3961,Male,Ahmedabad,2,1054173.07,387455.04,24
3962,Male,Jaipur,2,1070632.72,474444.99,38
3963,Male,Ahmedabad,2,1130062.38,416803.5,27
3964,Female,Lucknow,2,583352.79,152802.99,33
3965,Male,Jabalpur,3,423775.08,105705.23,23
3966,Male,Kanpur,3,680304.15,98926.64,14
3967,Female,Hyderabad,1,2053780.16,628606.37,46
3968,Male,Surat,2,279894.51,74825.93,27
3969,Female,Ahmedabad,2,711719.61,317576.16,23
3970,Female,Surat,2,920948.54,258078.76,23
3971,Male,Delhi,1,872303.04,394390.18,48
3972,Female,Jabalpur,3,715499.63,104614.1,24
3973,Male,Pune,1,905840.21,234286.88,44
3974,Female,Delhi,1,733931.87,286345.16,15
3975,Female,Jaipur,2,536510.7,142242.8,33
3976,Female,Indore,2,958751.84,319564.49,21
3977,Female,Kolkata,1,2727503.26,1121569.32,25
3978,Male,Delhi,1,2598554.01,1145713.99,4
3979,Male,Surat,2,455329.11,99262.07,32
3980,Male,Lucknow,2,1044103.79,434008.66,16
3981,Male,Indore,2,484964.78,186363.56,22
3982,Female,Hyderabad,1,2515932.39,640618.0,38
3983,Male,Patna,3,484890.94,113543.91,19
3984,Female,Ranchi,3,200700.71,64263.0,16
3985,Female,Chandigarh,2,736820.41,286642.52,16
3986,Female,Jabalpur,3,483804.64,123304.27,22
3987,Female,Ahmedabad,2,843842.48,173359.03,22
3988,Male,Chandigarh,2,1165350.71,318997.33,22
3989,Female,Jabalpur,3,205686.76,46392.81,28
3990,Male,Mumbai,1,983960.57,264039.77,53
3991,Female,Mumbai,1,2755892.26,770618.83,34
3992,Male,Mumbai,1,2347964.78,984983.74,44
3993,Female,Pune,1,2496868.68,1198520.31,34
3994,Female,Surat,2,1074031.6,379706.29,28
3995,Male,Indore,2,1286567.2,553252.2,23
3996,Male,Bengaluru,1,1600368.09,457273.2,44
3997,Male,Jabalpur,3,536269.93,150876.6,8
3998,Female,Bhopal,2,888062.48,284100.01,27
3999,Female,Ranchi,3,1038667.05,248324.88,27
4000,Male,Indore,2,569398.15,240042.78,30
4001,Male,Mumbai,1,1734009.1,698689.58,36
4002,Female,Jabalpur,3,633357.45,205422.71,15
4003,Female,Kolkata,1,1648918.47,787527.03,46
4004,Male,Mumbai,1,1483675.62,814040.56,50
4005,Female,Mumbai,1,2708108.27,1340887.81,34
4006,Male,Bhopal,2,814583.42,355521.53,29
4007,Female,Bengaluru,1,2666158.86,1045204.5,32
4008,Male,Ahmedabad,2,1087603.23,257267.83,31
4009,Female,Dehradun,2,793366.26,249942.09,29
4010,Female,Delhi,1,945000.05,337784.65,32
4011,Male,Dehradun,2,706365.65,162821.06,20
4012,Male,Mumbai,1,2806018.9,1180466.93,34
4013,Male,Indore,2,998324.97,365508.57,31
4014,Female,Jaipur,2,692969.45,253711.0,40
4015,Male,Pune,1,1297061.21,623120.83,42
4016,Male,Nagpur,2,1149317.34,208267.86,29
4017,Male,Bengaluru,1,3122497.72,926196.33,35
4018,Male,Bengaluru,1,1337671.34,407184.16,37
4019,Male,Jaipur,2,1647362.39,361406.04,22
4020,Female,Kanpur,3,455622.74,79688.96,14
4021,Male,Kolkata,1,1433407.0,639495.75,21
4022,Female,Surat,2,1415516.14,529689.67,22
4023,Female,Surat,2,1312023.08,585771.06,39
4024,Female,Mumbai,1,1649081.57,596103.0,44
4025,Female,Delhi,1,1237393.44,360607.5,30
4026,Female,Patna,3,408121.27,139235.94,11
4027,Male,Jaipur,2,976758.12,274045.19,25
4028,Female,Kanpur,3,196744.51,31885.23,15
4029,Female,Dehradun,2,813522.2,187362.33,15
4030,Male,Kanpur,3,385997.88,86848.64,15
4031,Male,Ahmedabad,2,602883.37,123871.08,14
4032,Female,Jaipur,2,1005277.45,270203.42,24
4033,Female,Surat,2,1217374.49,243991.14,28
4034,Male,Chandigarh,2,995815.9,386169.48,24
4035,Male,Indore,2,1033182.11,398121.79,30
4036,Male,Chandigarh,2,1182039.52,476078.84,25
4037,Male,Nagpur,2,1060873.06,278199.73,32
4038,Female,Ahmedabad,2,315748.31,69548.77,30
4039,Male,Bengaluru,1,2044554.49,1010730.4,38
4040,Male,Kolkata,1,884540.07,301823.72,49
4041,Female,Chandigarh,2,980350.42,309889.0,19
4042,Male,Bengaluru,1,2352839.72,610525.45,35
4043,Female,Mumbai,1,1745168.41,469315.14,29
4044,Male,Patna,3,576969.53,73089.88,26
4045,Female,Nagpur,2,939193.68,373470.55,21
4046,Male,Jaipur,2,1519216.91,601539.94,8
4047,Female,Chennai,1,861118.19,373652.62,40
4048,Female,Ahmedabad,2,1386305.1,481929.6,31
4049,Female,Delhi,1,1837368.99,829731.66,41
4050,Male,Kanpur,3,506454.46,150395.3,13
4051,Female,Bengaluru,1,1196989.6,656856.34,35
4052,Female,Chennai,1,2731039.62,1044980.76,26
4053,Male,Nagpur,2,448613.37,119820.59,35
4054,Male,Bengaluru,1,1023195.42,510924.13,32
4055,Female,Delhi,1,1023273.44,530277.06,18
4056,Male,Chandigarh,2,1986184.54,870454.3,23
4057,Male,Hyderabad,1,2135193.3,772320.53,34
4058,Male,Jabalpur,3,336840.24,49277.81,15
4059,Female,Lucknow,2,1197843.94,529008.01,31
4060,Male,Bengaluru,1,1286088.58,337000.19,42
4061,Male,Delhi,1,2223593.11,946205.51,32
4062,Female,Lucknow,2,1006933.39,451315.03,23
4063,Male,Indore,2,1083809.26,462786.89,5
4064,Female,Ranchi,3,500028.63,107374.45,18
4065,Male,Ahmedabad,2,844297.68,161076.54,19
4066,Female,Jabalpur,3,468336.83,91565.0,21
4067,Female,Jabalpur,3,618412.14,105364.33,21
4068,Male,Ranchi,3,583256.59,122403.15,15
4069,Male,Chandigarh,2,789889.49,215972.1,37
4070,Female,Jabalpur,3,841308.13,275537.39,16
4071,Male,Nagpur,2,912037.83,172252.54,19
4072,Male,Chennai,1,2507744.16,898968.8,34
4073,Male,Mumbai,1,1928952.06,1022820.28,41
4074,Male,Nagpur,2,760702.88,184402.65,27
4075,Male,Nagpur,2,496281.11,155646.73,22
4076,Female,Kanpur,3,657537.32,144498.7,17
4077,Female,Bhopal,2,805962.74,253014.33,27
4078,Female,Dehradun,2,513567.34,142472.74,11
4079,Male,Pune,1,1668984.12,679457.29,47
4080,Male,Hyderabad,1,2883652.08,851682.57,34
4081,Male,Delhi,1,830247.64,423609.98,40
4082,Female,Lucknow,2,482116.02,164648.57,15
4083,Female,Kanpur,3,445315.46,96110.35,12
4084,Male,Lucknow,2,1029254.83,351905.15,7
4085,Female,Hyderabad,1,3142101.58,1075619.47,43
4086,Female,Lucknow,2,1022184.3,418799.85,20
4087,Female,Lucknow,2,697930.29,219578.42,12
4088,Male,Mumbai,1,3251110.08,853354.53,39
4089,Male,Delhi,1,1630089.99,636528.25,36
4090,Male,Kanpur,3,515987.11,79611.98,25
4091,Female,Patna,3,466407.68,75690.75,26
4092,Male,Kolkata,1,1835736.05,928343.91,41
4093,Male,Kolkata,1,904884.9,493761.43,22
4094,Male,Chandigarh,2,499476.38,119530.77,25
4095,Female,Dehradun,2,692520.27,211138.47,24
4096,Female,Ranchi,3,804479.45,162212.54,15
4097,Female,Nagpur,2,615165.23,232620.6,26
4098,Female,Ranchi,3,410270.23,128027.65,35
4099,Female,Patna,3,464412.75,65237.78,14
4100,Male,Pune,1,2431395.42,1229987.77,27
4101,Male,Jabalpur,3,656524.21,156392.14,25
4102,Male,Dehradun,2,618505.83,251826.66,37
4103,Male,Mumbai,1,2629504.89,1080150.12,45
4104,Female,Ahmedabad,2,787972.73,222925.26,28
4105,Male,Ranchi,3,542793.3,176146.86,27
4106,Female,Ahmedabad,2,467790.73,196452.77,13
4107,Female,Chandigarh,2,1360720.69,367185.31,1
4108,Female,Kolkata,1,2424663.99,693338.0,22
4109,Male,Pune,1,2003026.46,615378.76,38
4110,Male,Bhopal,2,1196988.28,275097.19,37
4111,Female,Bengaluru,1,1358837.55,624756.57,19
4112,Male,Mumbai,1,2155099.86,1035575.4,56
4113,Female,Hyderabad,1,2238152.47,1087959.26,48
4114,Male,Jabalpur,3,691852.67,180870.57,15
4115,Female,Nagpur,2,965132.56,230645.76,35
4116,Male,Delhi,1,281246.34,129162.3,42
4117,Male,Kolkata,1,2677140.75,1213873.85,34
4118,Male,Lucknow,2,532771.86,237481.69,30
4119,Female,Ahmedabad,2,1050550.04,282764.06,29
4120,Female,Pune,1,1017153.44,418602.17,36
4121,Male,Surat,2,959915.5,340918.7,15
4122,Male,Pune,1,1777160.05,911142.88,10
4123,Male,Mumbai,1,1929338.06,581167.49,32
4124,Male,Jaipur,2,721199.81,299716.61,36
4125,Male,Mumbai,1,1506107.1,700361.01,35
4126,Male,Indore,2,971715.3,219012.67,22
4127,Male,Chandigarh,2,1325602.29,580139.86,19
4128,Female,Lucknow,2,1283814.61,297220.94,21
4129,Female,Ahmedabad,2,1094389.6,253942.98,33
4130,Male,Bhopal,2,638653.64,180995.14,21
4131,Female,Kanpur,3,651609.68,227239.87,11
4132,Male,Bengaluru,1,1816875.02,766902.91,32
4133,Male,Hyderabad,1,1808803.04,747235.39,43
4134,Male,Kolkata,1,585158.73,156125.46,32
4135,Female,Surat,2,693424.89,227882.28,24
4136,Female,Bhopal,2,1016486.93,219825.65,9
4137,Female,Ranchi,3,452030.6,118026.7,11
4138,Male,Ahmedabad,2,807755.56,200162.08,19
4139,Male,Ranchi,3,669389.21,223620.8,33
4140,Female,Surat,2,1060827.72,196238.06,40
4141,Female,Hyderabad,1,1555402.53,804633.35,44
4142,Male,Ahmedabad,2,1347252.52,397987.0,28
4143,Male,Jaipur,2,841730.05,255440.61,17
4144,Female,Kanpur,3,379172.75,131960.62,18
4145,Male,Kolkata,1,1282882.89,523468.66,28
4146,Male,Dehradun,2,150000.0,58261.63,36
4147,Female,Pune,1,3498324.6,1634151.09,38
4148,Female,Kanpur,3,560645.84,181293.09,15
4149,Female,Dehradun,2,882686.7,379627.14,22
4150,Female,Pune,1,1387266.52,755314.48,14
4151,Female,Bhopal,2,1428333.4,579428.75,1
4152,Female,Dehradun,2,588951.38,108697.58,32
4153,Female,Jaipur,2,1301437.0,549044.21,24
4154,Male,Nagpur,2,390429.78,151958.96,41
4155,Male,Kolkata,1,1986883.05,548773.55,51
4156,Female,Kolkata,1,1742954.29,625720.82,42
4157,Female,Ahmedabad,2,1413042.59,334729.64,33
4158,Female,Kolkata,1,1444379.45,441987.59,43
4159,Female,Patna,3,828641.48,283441.28,14
4160,Male,Nagpur,2,284227.68,114707.14,28
4161,Female,Bhopal,2,865842.14,273030.27,11
4162,Male,Surat,2,1076201.94,322523.96,13
4163,Male,Hyderabad,1,356933.82,91046.25,26
4164,Female,Lucknow,2,171934.21,31009.43,27
4165,Female,Kanpur,3,351253.82,73936.5,12
4166,Male,Ahmedabad,2,908078.89,333227.63,16
4167,Female,Jabalpur,3,762922.09,170865.49,21
4168,Female,Patna,3,797606.34,174174.31,18
4169,Female,Jabalpur,3,447087.55,96606.38,28
4170,Female,Patna,3,429816.76,85049.89,21
4171,Female,Dehradun,2,679642.02,164610.11,15
4172,Female,Jaipur,2,1369948.3,537547.89,27
4173,Male,Mumbai,1,637156.92,319000.12,50
4174,Male,Jabalpur,3,714923.28,118042.45,23
4175,Male,Jaipur,2,1294237.71,409095.94,24
4176,Male,Bhopal,2,1186918.82,483593.85,38
4177,Male,Lucknow,2,1104932.54,235652.68,11
4178,Male,Jaipur,2,1286894.34,246525.3,32
4179,Male,Chennai,1,1207521.19,346835.18,52
4180,Female,Bengaluru,1,882857.31,330778.26,31
4181,Male,Delhi,1,2803719.13,1352134.67,28
4182,Male,Chandigarh,2,798903.26,344627.7,25
4183,Female,Chandigarh,2,724946.56,243864.57,29
4184,Female,Lucknow,2,150000.0,63033.41,16
4185,Male,Kolkata,1,1259016.39,672304.2,33
4186,Female,Surat,2,982025.89,300824.96,29
4187,Female,Mumbai,1,942125.69,237716.29,36
4188,Female,Lucknow,2,525654.03,117399.13,23
4189,Female,Indore,2,1205573.12,364305.01,29
4190,Male,Nagpur,2,718230.54,142723.46,25
4191,Male,Dehradun,2,1004928.21,381549.95,11
4192,Male,Indore,2,350436.27,74274.09,37
4193,Male,Ahmedabad,2,690225.5,261412.27,34
4194,Male,Dehradun,2,1500495.03,637662.64,25
4195,Female,Kanpur,3,562277.22,133623.45,22
4196,Female,Jabalpur,3,582416.48,131230.9,17
4197,Female,Bengaluru,1,1668608.88,480752.87,24
4198,Female,Kolkata,1,3826278.89,1344274.04,36
4199,Male,Patna,3,654231.08,133711.57,20
4200,Female,Jabalpur,3,533759.57,88737.1,27
4201,Male,Surat,2,778374.9,169015.6,18
4202,Male,Bhopal,2,293250.42,76588.39,7
4203,Male,Nagpur,2,502268.69,196716.72,26
4204,Male,Lucknow,2,1228835.14,458629.04,11
4205,Female,Dehradun,2,357140.84,112808.38,37
4206,Male,Chandigarh,2,1057187.83,219917.4,27
4207,Female,Patna,3,788126.71,172820.35,14
4208,Female,Indore,2,578032.25,198131.01,11
4209,Male,Chandigarh,2,899832.45,212624.57,25
4210,Male,Nagpur,2,1484797.69,349540.92,42
4211,Male,Hyderabad,1,2551356.61,836154.73,43
4212,Female,Chandigarh,2,1366072.4,412876.07,19
4213,Male,Indore,2,1125959.33,405676.53,30
4214,Male,Indore,2,381381.25,109696.62,28
4215,Female,Surat,2,1153048.93,262901.56,34
4216,Female,Kolkata,1,1893410.3,615971.26,31
4217,Female,Chennai,1,2976536.0,1246573.38,34
4218,Female,Nagpur,2,649863.47,216182.88,18
4219,Male,Lucknow,2,394624.88,78230.36,25
4220,Male,Pune,1,2569918.29,1296846.92,34
4221,Male,Surat,2,1556328.89,361135.29,25
4222,Female,Delhi,1,1017781.49,508502.59,44
4223,Male,Mumbai,1,1849994.58,517963.47,33
4224,Male,Kolkata,1,1548786.74,691251.41,41
4225,Female,Indore,2,150000.0,53140.39,23
4226,Male,Kolkata,1,1934019.3,951913.26,42
4227,Male,Lucknow,2,702653.08,291312.73,6
4228,Male,Jabalpur,3,726618.86,90569.29,3
4229,Male,Bhopal,2,1047476.09,391320.06,16
4230,Female,Pune,1,1038625.61,398439.25,37
4231,Female,Patna,3,538011.82,172258.3,4
4232,Male,Pune,1,1752257.92,906079.88,35
4233,Female,Hyderabad,1,2972945.41,868135.05,33
4234,Male,Dehradun,2,499383.82,148997.58,30
4235,Male,Indore,2,831823.63,172191.55,22
4236,Male,Hyderabad,1,1096691.64,585138.11,38
4237,Female,Lucknow,2,783975.21,338350.3,25
4238,Male,Dehradun,2,691260.03,188351.08,25
4239,Female,Ranchi,3,517454.66,141825.56,13
4240,Male,Nagpur,2,150000.0,31825.86,20
4241,Female,Kanpur,3,480252.04,146824.91,16
4242,Male,Jaipur,2,994083.92,270927.54,16
4243,Male,Mumbai,1,2242807.96,868192.52,22
4244,Male,Jabalpur,3,829440.56,193252.65,7
4245,Male,Indore,2,1090139.94,393283.92,10
4246,Female,Kanpur,3,544080.57,72508.07,15
4247,Female,Nagpur,2,988789.24,409231.2,14
4248,Female,Jabalpur,3,861716.51,132554.47,7
4249,Male,Nagpur,2,1170857.01,496328.71,31
4250,Female,Bengaluru,1,2156766.35,1117888.57,44
4251,Female,Jabalpur,3,574109.54,144033.01,14
4252,Female,Lucknow,2,905528.01,312018.22,20
4253,Male,Ranchi,3,439986.07,117599.43,13
4254,Male,Patna,3,756039.7,150261.23,17
4255,Female,Pune,1,1536850.23,396884.75,37
4256,Female,Jabalpur,3,380216.3,117275.18,12
4257,Male,Pune,1,1351221.84,621127.36,51
4258,Male,Indore,2,1020034.69,417926.17,19
4259,Male,Ahmedabad,2,1606221.53,396441.63,25
4260,Female,Jaipur,2,380786.92,102825.18,29
4261,Male,Bengaluru,1,2691844.51,1035848.04,9
4262,Female,Dehradun,2,233104.24,51963.73,24
4263,Male,Surat,2,1384704.88,312523.53,28
4264,Male,Bhopal,2,1002660.66,263090.89,21
4265,Female,Chennai,1,1812482.58,630792.54,35
4266,Female,Patna,3,587335.71,81171.72,6
4267,Female,Pune,1,1854520.01,469509.08,50
4268,Male,Kolkata,1,1244936.75,502027.85,53
4269,Male,Jabalpur,3,597275.56,206182.66,9
4270,Female,Bengaluru,1,1666309.93,538050.27,31
4271,Female,Indore,2,667831.59,267726.77,13
4272,Male,Indore,2,1646264.98,528275.6,30
4273,Male,Indore,2,434724.33,135555.4,22
4274,Female,Mumbai,1,2712978.64,1299737.35,30
4275,Male,Chennai,1,1854154.61,940687.32,43
4276,Female,Chandigarh,2,914636.77,297847.04,19
4277,Female,Dehradun,2,717117.67,296726.94,13
4278,Male,Bengaluru,1,2520578.33,1305147.54,30
4279,Male,Surat,2,1057971.64,452481.5,15
4280,Male,Jabalpur,3,378864.1,85357.0,17
4281,Female,Dehradun,2,1311184.92,391307.2,9
4282,Male,Pune,1,703778.57,377496.42,60
4283,Male,Mumbai,1,1542359.2,759464.49,30
4284,Female,Pune,1,2364452.07,783721.39,28
4285,Female,Chennai,1,1813299.36,560320.26,29
4286,Male,Pune,1,2290050.89,1207041.86,47
4287,Female,Mumbai,1,1382572.72,677526.26,40
4288,Female,Hyderabad,1,2770393.26,1384306.96,46
4289,Male,Bhopal,2,505343.17,177826.76,44
4290,Male,Kolkata,1,1170225.62,509020.47,29
4291,Male,Surat,2,856494.67,154297.2,24
4292,Male,Jabalpur,3,260217.42,76251.91,25
4293,Male,Kanpur,3,502849.9,107423.59,3
4294,Female,Indore,2,447446.35,196973.61,35
4295,Male,Jabalpur,3,532359.83,129565.2,22
4296,Male,Ranchi,3,705855.08,229301.31,24
4297,Female,Delhi,1,2512272.0,1153862.53,30
4298,Male,Kolkata,1,1035273.07,502811.98,47
4299,Male,Bhopal,2,841081.83,293440.12,26
4300,Male,Kolkata,1,712590.47,259780.05,33
4301,Female,Mumbai,1,1377179.08,593675.15,37
4302,Male,Mumbai,1,1204315.1,305564.64,40
4303,Male,Chandigarh,2,1021353.41,189810.99,22
4304,Male,Bengaluru,1,2331562.85,992856.78,27
4305,Male,Chennai,1,2293352.61,608152.2,43
4306,Male,Pune,1,1630825.42,678452.29,38
4307,Male,Patna,3,361960.02,124707.24,20
4308,Female,Chandigarh,2,655456.07,283852.3,24
4309,Male,Surat,2,1486748.2,478431.8,30
4310,Male,Ranchi,3,509196.44,70075.02,7
4311,Female,Surat,2,618336.87,156822.82,37
4312,Male,Patna,3,485490.17,121260.95,24
4313,Male,Ahmedabad,2,1105848.28,202676.68,14
4314,Female,Chennai,1,3354336.44,1762561.35,33
4315,Male,Chandigarh,2,1370791.01,467954.46,20
4316,Female,Mumbai,1,1683022.21,581868.92,42
4317,Male,Chandigarh,2,847542.69,153478.82,33
4318,Male,Indore,2,466805.06,162722.7,21
4319,Male,Jabalpur,3,524743.08,67859.51,30
4320,Female,Bengaluru,1,2479972.92,1155908.64,39
4321,Female,Ranchi,3,467889.7,151804.11,21
4322,Male,Delhi,1,963424.01,313617.0,41
4323,Female,Kolkata,1,2461848.11,725948.04,34
4324,Female,Lucknow,2,709019.35,282415.36,31
4325,Male,Chennai,1,1705079.13,613001.86,42
4326,Male,Jaipur,2,947996.69,345830.37,36
4327,Female,Ranchi,3,362272.91,113863.02,20
4328,Male,Indore,2,1195157.34,306984.48,17
4329,Male,Chandigarh,2,495355.42,189191.55,16
4330,Female,Chandigarh,2,1250211.19,328793.83,26
4331,Female,Bengaluru,1,2551338.12,753779.16,43
4332,Female,Mumbai,1,1498328.07,534462.94,10
4333,Male,Indore,2,1312330.58,312707.28,16
4334,Male,Kanpur,3,610668.76,152664.4,18
4335,Male,Ahmedabad,2,669176.6,276643.47,26
4336,Male,Ranchi,3,694327.47,239678.93,9
4337,Male,Lucknow,2,1445422.49,433968.3,30
4338,Male,Patna,3,559216.7,143911.43,10
4339,Male,Ranchi,3,183537.54,41772.65,14
4340,Male,Delhi,1,1380458.86,493754.1,16
4341,Female,Bhopal,2,367747.46,164360.05,28
4342,Male,Lucknow,2,409228.22,126372.96,25
4343,Female,Hyderabad,1,2159464.96,649712.6,54
4344,Male,Kolkata,1,1472541.78,497926.17,46
4345,Female,Ahmedabad,2,1058563.88,447274.95,33
4346,Male,Chandigarh,2,1378383.31,559403.62,30
4347,Female,Jaipur,2,669534.24,212453.95,26
4348,Female,Delhi,1,1940587.82,803307.33,31
4349,Male,Lucknow,2,441593.81,152702.06,28
4350,Female,Ahmedabad,2,1236616.06,494732.96,32
4351,Male,Chandigarh,2,1354417.07,426124.39,16
4352,Male,Kolkata,1,1960523.24,729766.93,21
4353,Male,Ahmedabad,2,1327250.32,384971.01,21
4354,Female,Ranchi,3,365772.92,122855.1,26
4355,Female,Kanpur,3,719774.79,213158.45,20
4356,Female,Pune,1,1512044.16,462443.05,11
4357,Male,Mumbai,1,2476842.18,1283483.56,27
4358,Male,Dehradun,2,804667.13,163635.1,39
4359,Male,Kolkata,1,1690447.32,657831.68,29
4360,Male,Hyderabad,1,1883619.67,544614.41,46
4361,Male,Hyderabad,1,2254365.37,920301.44,44
4362,Male,Pune,1,1187410.38,530481.15,35
4363,Male,Ahmedabad,2,1058506.01,271795.61,22
4364,Female,Patna,3,635279.03,163365.4,30
4365,Male,Lucknow,2,310598.59,59977.84,19
4366,Male,Kolkata,1,2401113.19,1083424.82,43
4367,Male,Patna,3,320997.23,40169.38,22
4368,Male,Ranchi,3,542830.42,103448.7,26
4369,Female,Lucknow,2,1289216.39,551856.05,20
4370,Female,Nagpur,2,920949.71,220330.06,32
4371,Female,Kolkata,1,1376696.79,454533.22,41
4372,Male,Dehradun,2,931077.14,248498.37,12
4373,Female,Bhopal,2,843683.27,350934.24,15
4374,Male,Indore,2,1252050.64,291584.43,26
4375,Female,Dehradun,2,995658.94,303774.35,15
4376,Female,Patna,3,749892.26,219568.96,21
4377,Female,Hyderabad,1,1702283.41,530969.47,41
4378,Female,Mumbai,1,1117266.43,376133.71,36
4379,Male,Patna,3,466885.89,67969.16,10
4380,Male,Lucknow,2,924998.74,318909.25,23
4381,Male,Surat,2,1242301.04,261951.06,35
4382,Female,Jaipur,2,654768.61,266885.35,21
4383,Female,Jabalpur,3,409854.33,81356.55,21
4384,Female,Jabalpur,3,565786.63,172149.51,20
4385,Female,Indore,2,606469.83,237528.5,19
4386,Female,Bengaluru,1,2591113.53,1077360.07,46
4387,Female,Hyderabad,1,2944505.02,974633.35,39
4388,Male,Kolkata,1,2415740.51,827776.58,31
4389,Male,Kolkata,1,3078652.96,1693189.7,39
4390,Female,Mumbai,1,466230.03,234409.51,17
4391,Female,Dehradun,2,1117969.19,341061.1,31
4392,Female,Patna,3,727673.57,233969.87,8
4393,Female,Bhopal,2,481219.73,213640.46,5
4394,Female,Dehradun,2,590957.57,110530.12,38
4395,Male,Nagpur,2,590626.97,239381.99,26
4396,Male,Patna,3,504434.81,110329.21,27
4397,Female,Chennai,1,1586764.15,515231.82,40
4398,Male,Nagpur,2,731250.09,159917.02,29
4399,Female,Kolkata,1,1290169.51,604742.43,42
4400,Female,Jaipur,2,685879.22,305527.52,13
4401,Female,Kanpur,3,431792.13,81716.68,9
4402,Male,Bhopal,2,890993.89,251479.89,17
4403,Female,Indore,2,1223525.08,400028.37,29
4404,Male,Ahmedabad,2,932379.41,181772.49,22
4405,Male,Dehradun,2,1439037.74,335867.46,32
4406,Male,Bhopal,2,695910.98,235491.83,32
4407,Female,Hyderabad,1,1623352.56,805196.42,40
4408,Female,Ranchi,3,691079.84,208336.21,22
4409,Female,Hyderabad,1,2006381.48,608276.4,33
4410,Male,Ahmedabad,2,1015159.99,205531.62,40
4411,Male,Mumbai,1,1921238.35,971579.91,16
4412,Female,Bengaluru,1,2406214.75,959622.18,49
4413,Male,Indore,2,660972.71,191979.87,22
4414,Male,Kanpur,3,204645.86,26642.42,8
4415,Male,Patna,3,771142.97,106389.96,31
4416,Female,Patna,3,425413.53,123280.53,25
4417,Female,Lucknow,2,656466.64,254201.48,23
4418,Female,Nagpur,2,889494.49,333755.5,19
4419,Male,Patna,3,311048.65,91632.11,14
4420,Female,Chennai,1,1883353.6,676008.18,11
4421,Female,Hyderabad,1,2402479.79,845421.96,26
4422,Female,Kolkata,1,460069.33,213379.4,20
4423,Male,Lucknow,2,984365.15,302522.28,29
4424,Female,Pune,1,2232184.96,598634.3,47
4425,Male,Mumbai,1,2698856.19,928203.98,33
4426,Female,Bengaluru,1,2340923.84,1172969.13,32
4427,Female,Kanpur,3,330166.47,48507.91,23
4428,Female,Lucknow,2,1056324.18,208391.66,10
4429,Male,Pune,1,1632381.43,717586.11,32
4430,Male,Bhopal,2,1229578.69,304487.19,42
4431,Male,Hyderabad,1,1256196.53,399392.84,32
4432,Male,Dehradun,2,1131253.34,399943.66,26
4433,Male,Kanpur,3,603023.82,107430.1,14
4434,Male,Jabalpur,3,841233.01,185401.1,10
4435,Male,Pune,1,1245597.5,439028.82,23
4436,Male,Delhi,1,818587.05,403812.95,33
4437,Female,Kolkata,1,1502866.86,540737.53,29
4438,Female,Patna,3,546961.06,100408.06,11
4439,Male,Ranchi,3,273335.32,60144.87,31
4440,Male,Pune,1,1507176.41,400946.61,32
4441,Male,Lucknow,2,1434175.59,402513.85,31
4442,Male,Indore,2,1309109.9,566245.56,32
4443,Male,Jaipur,2,1022881.95,207224.75,36
4444,Male,Chandigarh,2,571046.47,189245.18,16
4445,Male,Nagpur,2,817101.78,308297.26,23
4446,Female,Dehradun,2,748167.69,160459.52,10
4447,Male,Chennai,1,2005210.06,1043663.09,48
4448,Female,Delhi,1,2294048.72,1187308.91,34
4449,Male,Mumbai,1,2290416.78,794606.56,36
4450,Male,Chennai,1,1489532.91,635673.47,33
4451,Male,Kanpur,3,715467.0,110509.42,22
4452,Female,Indore,2,452006.55,162168.37,23
4453,Female,Dehradun,2,634537.63,259998.44,17
4454,Female,Chandigarh,2,751430.49,235602.23,24
4455,Female,Chandigarh,2,366034.77,121598.13,29
4456,Female,Chandigarh,2,450207.48,85302.46,15
4457,Female,Ahmedabad,2,1070011.5,325308.66,41
4458,Female,Indore,2,203860.83,46629.17,25
4459,Male,Ranchi,3,411013.19,114322.98,21
4460,Female,Bhopal,2,959885.49,414808.85,7
4461,Male,Chennai,1,1800223.03,911501.32,29
4462,Female,Jabalpur,3,262951.77,55605.53,21
4463,Male,Hyderabad,1,2292252.78,601303.55,38
4464,Male,Ranchi,3,512161.85,88880.22,14
4465,Female,Kanpur,3,395361.23,65250.32,13
4466,Female,Ahmedabad,2,775237.81,191089.72,21
4467,Female,Jabalpur,3,508818.82,158930.21,19
4468,Female,Kanpur,3,273969.89,69156.17,14
4469,Male,Kolkata,1,2166609.44,1120135.44,41
4470,Male,Chandigarh,2,808418.62,337447.55,24
4471,Male,Bhopal,2,902823.37,242800.42,24
4472,Female,Chandigarh,2,761827.61,204365.8,24
4473,Female,Ahmedabad,2,753957.12,211220.58,24
4474,Male,Indore,2,712450.15,297057.2,19
4475,Female,Bhopal,2,314809.63,106758.67,21
4476,Male,Dehradun,2,749797.68,245548.96,19
4477,Female,Indore,2,1165654.54,364503.27,16
4478,Male,Ranchi,3,489876.34,94789.25,13
4479,Male,Hyderabad,1,2043666.7,976798.32,31
4480,Female,Hyderabad,1,3848310.14,1030820.83,22
4481,Female,Bengaluru,1,2793891.14,1179436.32,37
4482,Female,Surat,2,1201738.98,333605.0,15
4483,Female,Pune,1,1223992.68,445964.79,64
4484,Female,Chennai,1,2227476.16,560352.27,38
4485,Male,Surat,2,907004.83,334864.01,31
4486,Male,Ahmedabad,2,862599.45,349734.91,34
4487,Male,Pune,1,1543297.63,690226.61,31
4488,Female,Chennai,1,2071226.75,723723.76,56
4489,Male,Mumbai,1,1952998.22,844776.61,51
4490,Female,Chandigarh,2,1048487.34,350566.18,24
4491,Male,Jaipur,2,1486571.58,566638.94,29
4492,Female,Jaipur,2,847712.03,166581.48,12
4493,Male,Chennai,1,164848.51,43420.77,39
4494,Female,Surat,2,528889.4,236561.02,12
4495,Female,Bengaluru,1,1953830.66,1067171.88,20
4496,Male,Ahmedabad,2,896006.82,329749.76,29
4497,Female,Chandigarh,2,848954.45,338253.17,17
4498,Female,Indore,2,1564784.32,596734.97,25
4499,Male,Ahmedabad,2,1091239.63,331902.78,22
4500,Male,Jaipur,2,1044671.2,305891.3,22
4501,Male,Lucknow,2,1008286.65,285451.37,37
4502,Male,Chennai,1,2044952.4,750842.37,47
4503,Male,Chandigarh,2,1375784.83,590203.33,14
4504,Female,Chennai,1,1954871.29,937028.18,23
4505,Female,Hyderabad,1,1912479.85,836560.45,51
4506,Male,Indore,2,1121360.54,432497.03,28
4507,Male,Lucknow,2,759979.9,211203.41,24
4508,Male,Nagpur,2,852815.27,312043.65,24
4509,Female,Indore,2,1075782.15,473844.49,12
4510,Female,Chandigarh,2,706052.42,141652.61,18
4511,Male,Hyderabad,1,690327.79,222999.13,38
4512,Female,Chennai,1,1978489.31,1011610.06,46
4513,Female,Mumbai,1,2135076.83,713973.06,36
4514,Male,Chandigarh,2,1478548.48,423002.48,31
4515,Male,Lucknow,2,150000.0,46113.49,23
4516,Female,Dehradun,2,1038763.44,199534.55,32
4517,Female,Hyderabad,1,1552815.87,750880.59,35
4518,Male,Hyderabad,1,1568512.7,767949.2,14
4519,Female,Ranchi,3,300431.9,59400.59,14
4520,Male,Lucknow,2,451657.9,109841.79,16
4521,Female,Jaipur,2,1078736.65,262959.79,32
4522,Female,Kolkata,1,1890280.48,772069.97,11
4523,Female,Lucknow,2,806548.68,343026.35,31
4524,Female,Delhi,1,2923283.44,1546639.97,31
4525,Male,Hyderabad,1,1720492.69,652868.97,20
4526,Male,Ahmedabad,2,1075748.7,226282.96,26
4527,Female,Pune,1,847983.5,439452.42,32
4528,Female,Indore,2,891372.83,185479.34,29
4529,Male,Pune,1,2281434.69,813106.17,44
4530,Female,Surat,2,1593560.49,414849.45,38
4531,Female,Chandigarh,2,389945.25,102006.39,41
4532,Female,Dehradun,2,880836.96,205605.63,24
4533,Female,Indore,2,1695932.75,583934.01,32
4534,Female,Bengaluru,1,882052.28,441265.64,16
4535,Male,Lucknow,2,1007343.93,300890.26,24
4536,Female,Surat,2,746100.95,265911.71,26
4537,Male,Chennai,1,796871.72,334004.99,56
4538,Male,Chandigarh,2,954747.71,406324.98,23
4539,Female,Lucknow,2,290754.79,63391.82,21
4540,Male,Pune,1,997376.36,521489.77,46
4541,Female,Jabalpur,3,758814.85,188688.79,26
4542,Male,Lucknow,2,1535931.04,299777.77,27
4543,Male,Kolkata,1,2708558.14,1309734.9,41
4544,Male,Kolkata,1,1289426.07,699667.79,42
4545,Male,Bhopal,2,846166.93,309787.38,27
4546,Female,Hyderabad,1,1932939.78,542095.2,34
4547,Male,Patna,3,150000.0,29247.81,17
4548,Male,Delhi,1,1173179.18,545526.82,38
4549,Female,Bhopal,2,770918.86,206389.92,32
4550,Male,Pune,1,1368329.12,730150.6,35
4551,Female,Chennai,1,1116502.12,518446.47,44
4552,Female,Nagpur,2,563555.33,243272.81,26
4553,Female,Hyderabad,1,2977853.32,1192053.06,31
4554,Male,Ahmedabad,2,344243.83,80586.54,31
4555,Male,Chennai,1,220292.43,80854.8,51
4556,Female,Indore,2,1323180.7,254577.87,33
4557,Male,Lucknow,2,563876.43,116249.26,10
4558,Male,Indore,2,734043.41,288064.41,38
4559,Female,Jabalpur,3,580679.74,94671.08,22
4560,Female,Jaipur,2,1514974.97,410737.24,31
4561,Male,Bhopal,2,1401056.12,603152.13,19
4562,Male,Chennai,1,2662686.37,802774.66,40
4563,Male,Bengaluru,1,1914278.94,579961.93,20
4564,Male,Dehradun,2,408443.11,160809.69,32
4565,Female,Mumbai,1,1687100.2,513288.75,48
4566,Male,Jaipur,2,763743.03,141039.95,25
4567,Male,Nagpur,2,544779.2,217652.27,20
4568,Female,Indore,2,733405.77,196497.07,30
4569,Female,Patna,3,600685.01,141527.0,16
4570,Male,Nagpur,2,560928.84,196534.79,39
4571,Female,Chennai,1,698750.94,307690.8,23
4572,Male,Bengaluru,1,657457.66,193821.5,42
4573,Male,Indore,2,490856.68,171674.56,10
4574,Female,Indore,2,645571.49,203754.94,20
4575,Male,Bengaluru,1,2947969.68,951382.85,29
4576,Male,Kolkata,1,2458883.91,1286496.23,37
4577,Male,Pune,1,1666632.37,515446.53,37
4578,Female,Mumbai,1,2726258.86,1440239.67,42
4579,Male,Chandigarh,2,981085.44,267896.91,25
4580,Male,Delhi,1,2216161.84,809011.13,14
4581,Male,Nagpur,2,1189680.13,324967.77,31
4582,Male,Pune,1,247879.65,63162.44,38
4583,Female,Surat,2,540651.33,109001.34,26
4584,Male,Delhi,1,1813557.13,988216.22,40
4585,Female,Chennai,1,1884539.33,668630.99,28
4586,Male,Bhopal,2,756404.27,189351.93,33
4587,Male,Patna,3,487276.09,60359.7,23
4588,Female,Ahmedabad,2,1462191.13,363613.41,15
4589,Female,Delhi,1,1343633.49,572962.72,33
4590,Female,Surat,2,724239.97,212537.5,36
4591,Female,Hyderabad,1,1754982.68,717395.96,22
4592,Female,Chandigarh,2,1125423.99,359441.22,44
4593,Male,Ranchi,3,499854.75,64670.13,20
4594,Male,Chennai,1,979062.18,249932.03,48
4595,Male,Ahmedabad,2,608775.34,210968.88,16
4596,Male,Kolkata,1,1575803.14,622036.68,22
4597,Male,Lucknow,2,1055700.38,202996.56,24
4598,Male,Hyderabad,1,1873807.46,915764.02,40
4599,Female,Nagpur,2,382464.24,159647.52,7
4600,Male,Jaipur,2,811589.06,189745.71,28
4601,Female,Ranchi,3,719768.66,139737.09,17
4602,Female,Bengaluru,1,2720318.19,1315552.4,44
4603,Female,Jaipur,2,193618.06,85403.83,35
4604,Female,Pune,1,2835098.1,1002192.59,42
4605,Male,Jabalpur,3,336546.58,59357.49,22
4606,Female,Jaipur,2,963621.82,351225.4,39
4607,Male,Hyderabad,1,2257724.83,865115.21,19
4608,Female,Bengaluru,1,682343.84,317041.03,42
4609,Female,Kolkata,1,1366707.84,464935.1,42
4610,Male,Nagpur,2,1345340.22,497919.72,33
4611,Male,Patna,3,381168.39,80356.53,27
4612,Female,Chandigarh,2,665036.67,244065.73,21
4613,Male,Indore,2,992336.68,421545.2,26
4614,Male,Ranchi,3,750745.09,117382.07,16
4615,Female,Bengaluru,1,2602530.31,842546.17,42
4616,Male,Chennai,1,1602624.86,803472.31,36
4617,Female,Surat,2,1083677.4,260743.33,17
4618,Female,Bengaluru,1,1777056.31,534513.42,27
4619,Female,Bengaluru,1,1166993.37,411647.3,42
4620,Female,Chandigarh,2,303746.24,85673.69,29
4621,Male,Hyderabad,1,1476159.51,405442.67,39
4622,Male,Jaipur,2,620534.62,202615.73,10
4623,Female,Chennai,1,2665810.33,697898.07,29
4624,Female,Ahmedabad,2,209097.27,74197.37,15
4625,Male,Chennai,1,1808215.46,987399.66,40
4626,Female,Pune,1,1550151.2,534647.42,23
4627,Female,Nagpur,2,848137.51,230092.29,17
4628,Female,Chennai,1,1539447.04,794248.17,28
4629,Female,Nagpur,2,1277449.17,441042.79,17
4630,Female,Surat,2,372234.17,104089.32,21
4631,Male,Ranchi,3,236430.29,40057.48,24
4632,Male,Delhi,1,3231026.66,1283115.35,25
4633,Female,Chandigarh,2,946816.2,293334.06,33
4634,Female,Pune,1,1936253.6,548860.07,38
4635,Female,Surat,2,1078534.56,437539.75,20
4636,Male,Dehradun,2,1653225.67,579657.13,39
4637,Male,Jaipur,2,1551965.89,324810.85,19
4638,Male,Kanpur,3,288726.74,45335.8,24
4639,Male,Hyderabad,1,3016533.33,1327615.3,25
4640,Female,Indore,2,1414535.97,565407.06,12
4641,Female,Delhi,1,1768002.47,844338.87,30
4642,Female,Ahmedabad,2,1618026.21,516963.62,29
4643,Male,Jabalpur,3,388370.44,60877.33,17
4644,Female,Jabalpur,3,357748.51,122224.08,15
4645,Female,Jabalpur,3,522444.93,139566.97,20
4646,Female,Jaipur,2,1369233.18,478424.2,26
4647,Male,Kanpur,3,561896.96,184117.54,28
4648,Male,Lucknow,2,918320.09,316046.12,32
4649,Female,Lucknow,2,552569.34,233120.2,20
4650,Male,Chandigarh,2,737359.58,328181.93,27
4651,Male,Bengaluru,1,2288897.59,605288.07,39
4652,Male,Ahmedabad,2,1572304.9,513507.83,25
4653,Male,Pune,1,2513950.02,910806.91,40
4654,Female,Bengaluru,1,1629996.02,539961.96,37
4655,Female,Surat,2,856149.68,241926.99,21
4656,Female,Mumbai,1,2187558.87,833496.61,46
4657,Male,Kanpur,3,468752.46,75685.92,18
4658,Female,Dehradun,2,1412310.44,549411.86,35
4659,Male,Kanpur,3,830509.12,230313.03,13
4660,Male,Indore,2,1658576.13,745753.76,33
4661,Male,Ranchi,3,569950.55,113775.02,9
4662,Female,Mumbai,1,703238.95,185854.6,36
4663,Female,Surat,2,251944.61,57726.6,31
4664,Male,Ahmedabad,2,781993.81,341433.67,23
4665,Female,Ranchi,3,778752.21,169236.24,19
4666,Male,Pune,1,1773233.04,748629.9,44
4667,Male,Pune,1,3021146.88,1268872.09,34
4668,Male,Bhopal,2,657120.3,225821.75,21
4669,Female,Kanpur,3,384000.53,81021.05,17
4670,Female,Delhi,1,2710634.52,739543.27,35
4671,Female,Dehradun,2,1268592.51,450444.8,21
4672,Female,Pune,1,2351659.81,935932.56,30
4673,Female,Chennai,1,2106566.58,1125190.84,34
4674,Male,Ahmedabad,2,569085.95,152475.21,22
4675,Female,Lucknow,2,1113468.19,462386.02,23
4676,Female,Dehradun,2,1880306.93,341467.58,28
4677,Male,Jaipur,2,690122.67,286154.34,28
4678,Female,Mumbai,1,933650.09,277589.2,41
4679,Female,Kolkata,1,2354496.18,1096036.96,37
4680,Male,Kanpur,3,734410.8,140621.45,7
4681,Female,Jabalpur,3,322261.83,84489.0,29
4682,Female,Delhi,1,1697833.41,625696.7,34
4683,Female,Mumbai,1,1929777.66,531049.17,41
4684,Female,Chandigarh,2,781874.28,192198.59,29
4685,Male,Bhopal,2,1127361.7,368721.44,11
4686,Female,Mumbai,1,3075589.86,1060959.54,34
4687,Female,Pune,1,1389834.46,673772.62,40
4688,Male,Bhopal,2,1339776.44,415356.71,33
4689,Female,Chennai,1,1387464.4,701315.16,37
4690,Male,Dehradun,2,1452661.8,291386.41,29
4691,Male,Bengaluru,1,1497515.27,707453.91,59
4692,Male,Patna,3,535408.86,177067.6,5
4693,Male,Dehradun,2,597176.83,155486.58,18
4694,Female,Hyderabad,1,504133.0,182629.16,29
4695,Female,Ahmedabad,2,1371056.25,519082.87,29
4696,Female,Indore,2,1758501.57,341498.28,33
4697,Female,Lucknow,2,1161470.59,478501.62,14
4698,Male,Patna,3,550154.32,135040.37,23
4699,Female,Surat,2,949696.31,303477.17,35
4700,Female,Chennai,1,1849601.23,966826.81,35
4701,Male,Jabalpur,3,573423.3,179922.22,8
4702,Female,Hyderabad,1,1932424.66,589180.85,32
4703,Male,Patna,3,629900.71,103583.57,25
4704,Male,Bhopal,2,1592784.56,559290.82,22
4705,Male,Chennai,1,2428771.2,985544.41,33
4706,Male,Lucknow,2,644861.96,276628.05,25
4707,Female,Hyderabad,1,1880606.62,923510.02,21
4708,Female,Patna,3,575776.39,100966.73,9
4709,Male,Delhi,1,2066235.66,1047153.27,50
4710,Female,Kolkata,1,2003853.39,937036.66,42
4711,Male,Jaipur,2,150000.0,53248.78,32
4712,Female,Patna,3,519271.84,99863.4,23
4713,Female,Surat,2,491612.03,98254.31,8
4714,Female,Hyderabad,1,150000.0,63979.97,23
4715,Female,Indore,2,1352813.6,564283.45,12
4716,Male,Hyderabad,1,1870008.31,491395.71,40
4717,Male,Chennai,1,1164292.24,341167.41,30
4718,Male,Hyderabad,1,1865114.9,857930.14,44
4719,Male,Bhopal,2,1067828.7,446676.5,29
4720,Male,Ahmedabad,2,877958.08,383308.22,28
4721,Female,Chandigarh,2,787738.77,286801.07,26
4722,Male,Ranchi,3,659748.65,135759.38,19
4723,Female,Patna,3,514974.76,101129.36,18
4724,Female,Lucknow,2,912677.2,365719.67,19
4725,Male,Dehradun,2,947348.88,222704.98,13
4726,Male,Patna,3,555479.12,76769.54,11
4727,Male,Ranchi,3,472747.19,68332.98,18
4728,Male,Kanpur,3,945547.07,119769.6,25
4729,Female,Ahmedabad,2,1314504.8,492972.65,27
4730,Female,Chennai,1,1978172.81,893492.69,24
4731,Female,Ahmedabad,2,1091634.29,383192.73,30
4732,Female,Kolkata,1,2508794.59,1125820.41,40
4733,Male,Chennai,1,1042844.23,541358.42,19
4734,Male,Kolkata,1,1820817.32,998123.98,35
4735,Male,Ahmedabad,2,709631.48,213198.45,31
4736,Female,Hyderabad,1,1018420.15,386410.72,25
4737,Female,Delhi,1,2846311.71,1405922.46,21
4738,Male,Kolkata,1,1120310.59,504216.6,28
4739,Male,Patna,3,672848.06,83209.44,19
4740,Male,Ranchi,3,562579.84,147901.95,25
4741,Male,Bengaluru,1,1701130.73,541284.02,26
4742,Female,Indore,2,909826.79,363351.25,11
4743,Female,Kanpur,3,651744.48,159068.79,27
4744,Male,Ahmedabad,2,1045850.02,346439.9,24
4745,Female,Chandigarh,2,610058.87,210510.16,18
4746,Male,Dehradun,2,815969.44,329747.65,25
4747,Female,Kanpur,3,730596.4,99229.28,25
4748,Female,Delhi,1,2201614.84,1120130.49,33
4749,Female,Chennai,1,1253436.53,482230.11,30
4750,Female,Bhopal,2,1380564.82,608742.66,16
4751,Female,Bhopal,2,703876.4,297286.27,23
4752,Female,Ahmedabad,2,1059322.89,247784.22,26
4753,Male,Delhi,1,1789552.24,689312.3,29
4754,Male,Delhi,1,2007403.24,997227.98,33
4755,Female,Delhi,1,1119284.55,526396.19,39
4756,Female,Kolkata,1,1423048.14,750566.5,51
4757,Female,Dehradun,2,717315.55,141361.79,19
4758,Male,Ranchi,3,641777.68,123501.3,25
4759,Male,Patna,3,518552.01,91706.29,10
4760,Female,Jaipur,2,1098657.68,350567.57,22
4761,Female,Bhopal,2,778203.66,179245.63,6
4762,Male,Lucknow,2,1025435.31,207603.14,24
4763,Male,Chennai,1,1952207.36,1060960.47,35
4764,Male,Surat,2,464347.02,108918.52,24
4765,Female,Chandigarh,2,1383043.15,525254.12,29
4766,Female,Bhopal,2,1251864.11,457005.25,28
4767,Female,Ahmedabad,2,347229.19,132242.17,26
4768,Female,Kolkata,1,495867.2,243264.46,32
4769,Male,Bengaluru,1,2060955.91,617529.36,36
4770,Male,Hyderabad,1,924668.1,481821.33,42
4771,Male,Delhi,1,1997714.83,973537.81,27
4772,Female,Kolkata,1,2091007.86,1056417.33,33
4773,Male,Chennai,1,1063916.71,550033.64,25
4774,Female,Surat,2,1789737.22,367050.31,12
4775,Female,Lucknow,2,373226.95,121199.93,16
4776,Male,Kolkata,1,2688486.39,782420.8,45
4777,Male,Delhi,1,2197131.33,1135307.14,44
4778,Female,Kolkata,1,2466411.58,1257209.49,33
4779,Female,Surat,2,186543.72,80560.63,16
4780,Female,Surat,2,1028743.37,406542.09,26
4781,Female,Bhopal,2,580876.2,150272.55,27
4782,Female,Chennai,1,1991654.35,936478.42,29
4783,Female,Bengaluru,1,1102057.77,430538.59,24
4784,Male,Patna,3,702534.83,213995.62,15
4785,Female,Pune,1,913422.82,369840.3,46
4786,Female,Hyderabad,1,425430.91,214604.75,28
4787,Male,Delhi,1,2691037.15,757703.33,34
4788,Female,Kolkata,1,2003933.55,815494.38,61
4789,Male,Dehradun,2,1145395.92,232390.26,17
4790,Female,Pune,1,3026172.12,1586490.49,53
4791,Female,Kanpur,3,347586.1,87498.98,18
4792,Female,Surat,2,905012.14,183558.01,20
4793,Female,Indore,2,1162664.45,435226.67,24
4794,Male,Kolkata,1,2292977.17,595888.76,38
4795,Male,Mumbai,1,1982459.31,820395.98,48
4796,Male,Nagpur,2,758413.89,250032.6,32
4797,Male,Nagpur,2,356290.35,118989.22,33
4798,Female,Kanpur,3,449546.33,92612.46,15
4799,Female,Kanpur,3,612936.96,138078.9,19
4800,Male,Lucknow,2,628505.23,266615.2,27
4801,Female,Lucknow,2,1404038.54,553891.97,27
4802,Male,Surat,2,970274.81,426270.38,11
4803,Male,Pune,1,1986406.75,1070036.05,29
4804,Male,Delhi,1,2336581.33,1238615.37,30
4805,Male,Lucknow,2,610974.51,165073.21,31
4806,Female,Hyderabad,1,2067778.57,735629.5,45
4807,Female,Hyderabad,1,1884827.51,882019.84,32
4808,Male,Delhi,1,1961997.83,978268.76,39
4809,Male,Kolkata,1,2302492.36,870549.15,48
4810,Female,Mumbai,1,1991802.73,735984.25,42
4811,Female,Ranchi,3,507209.79,124295.39,15
4812,Male,Chandigarh,2,584600.98,188473.16,19
4813,Female,Surat,2,1058645.91,329005.34,21
4814,Female,Hyderabad,1,1015527.1,352766.59,37
4815,Female,Ranchi,3,780017.77,231771.9,15
4816,Male,Chandigarh,2,1093241.54,268645.76,14
4817,Female,Mumbai,1,3046979.8,1494327.61,40
4818,Female,Ahmedabad,2,1237796.94,543157.16,33
4819,Female,Pune,1,2996795.62,1512724.37,47
4820,Male,Mumbai,1,2639298.24,845236.86,43
4821,Female,Indore,2,548055.41,173490.6,22
4822,Male,Ranchi,3,564962.65,147216.83,17
4823,Male,Jabalpur,3,434103.04,135116.93,24
4824,Female,Chandigarh,2,1435383.9,372476.83,32
4825,Female,Kolkata,1,3274099.44,1397151.22,42
4826,Female,Hyderabad,1,1807900.36,979112.26,35
4827,Female,Ahmedabad,2,716365.93,211619.96,31
4828,Male,Bhopal,2,703267.17,185940.45,38
4829,Male,Dehradun,2,1124715.78,498621.23,29
4830,Male,Dehradun,2,697564.51,183055.83,42
4831,Male,Jabalpur,3,427356.71,91502.86,14
4832,Male,Pune,1,1423742.81,662233.82,29
4833,Female,Nagpur,2,688361.7,151528.04,8
4834,Female,Pune,1,1186099.19,486197.46,32
4835,Female,Mumbai,1,1873179.57,786698.92,33
4836,Male,Pune,1,1387983.51,505846.96,51
4837,Male,Indore,2,919322.8,293186.37,17
4838,Male,Bengaluru,1,2980155.59,1489336.69,32
4839,Female,Bengaluru,1,1374873.87,600294.48,39
4840,Female,Ahmedabad,2,982103.86,278030.22,20
4841,Male,Indore,2,350417.17,65982.27,34
4842,Male,Kanpur,3,694707.27,178656.04,18
4843,Male,Mumbai,1,2756722.72,1123811.7,38
4844,Female,Indore,2,959147.0,331068.04,18
4845,Male,Mumbai,1,2436134.43,1172345.37,42
4846,Male,Mumbai,1,1011540.72,375555.46,41
4847,Male,Hyderabad,1,1848302.45,635366.32,26
4848,Female,Bengaluru,1,1822923.35,787187.16,19
4849,Male,Hyderabad,1,2053335.49,776135.38,22
4850,Male,Mumbai,1,2325784.83,1127342.63,16
4851,Female,Surat,2,1109508.28,427498.64,30
4852,Male,Bengaluru,1,2790505.65,1021411.75,28
4853,Female,Hyderabad,1,2109611.51,729426.26,17
4854,Female,Nagpur,2,804432.82,330795.17,3
4855,Female,Pune,1,240160.29,77888.99,38
4856,Female,Chandigarh,2,1054322.6,402172.42,4
4857,Male,Hyderabad,1,1594598.02,580268.17,31
4858,Female,Delhi,1,924937.93,451421.86,18
4859,Male,Surat,2,907723.7,316300.77,8
4860,Male,Mumbai,1,2337774.0,968150.29,25
4861,Female,Chennai,1,2740069.43,885175.53,32
4862,Female,Chennai,1,1910922.83,826956.56,44
4863,Male,Hyderabad,1,1918779.56,825974.39,37
4864,Male,Ahmedabad,2,756607.49,248009.88,37
4865,Female,Ahmedabad,2,1061429.89,191385.79,20
4866,Male,Indore,2,1120212.95,381736.63,11
4867,Female,Bhopal,2,911492.53,289433.98,37
4868,Female,Ahmedabad,2,896184.6,308549.72,39
4869,Female,Chennai,1,1649835.33,603076.72,43
4870,Male,Pune,1,1803059.18,885789.13,30
4871,Male,Ahmedabad,2,306743.77,120324.99,27
4872,Female,Lucknow,2,1223735.26,421906.94,17
4873,Female,Bengaluru,1,2435272.61,1187695.33,45
4874,Female,Chennai,1,1539736.02,689392.25,18
4875,Male,Bengaluru,1,3059816.8,1346906.95,29
4876,Male,Ranchi,3,596084.45,170334.45,15
4877,Female,Pune,1,1126766.31,372282.39,39
4878,Female,Kanpur,3,276173.26,47611.27,13
4879,Male,Ranchi,3,643887.13,161009.51,24
4880,Male,Patna,3,554467.7,90917.23,17
4881,Female,Lucknow,2,488155.63,114731.83,30
4882,Male,Bhopal,2,499047.86,199668.79,32
4883,Female,Jaipur,2,789412.62,347922.57,7
4884,Female,Bhopal,2,1183369.9,454274.17,17
4885,Male,Bengaluru,1,1803820.49,640465.55,19
4886,Male,Hyderabad,1,2213351.62,869393.26,48
4887,Male,Chandigarh,2,653727.24,250689.95,30
4888,Female,Indore,2,744779.75,331492.65,35
4889,Male,Dehradun,2,1428949.09,319355.87,14
4890,Female,Chennai,1,2327838.0,1051092.92,42
4891,Male,Jaipur,2,867590.21,182035.42,10
4892,Female,Bengaluru,1,667316.58,236716.61,33
4893,Male,Hyderabad,1,1465858.6,400136.29,29
4894,Female,Indore,2,920968.65,264428.82,31
4895,Female,Chandigarh,2,1677112.65,719325.82,29
4896,Female,Patna,3,449163.52,154706.09,12
4897,Female,Patna,3,513473.69,79053.38,17
4898,Male,Hyderabad,1,2064517.6,1132936.82,33
4899,Female,Indore,2,752654.95,152058.68,25
4900,Female,Surat,2,150000.0,51550.18,21
4901,Female,Surat,2,1151416.04,373496.02,24
4902,Male,Surat,2,1122294.48,246518.05,27
4903,Male,Indore,2,774033.06,168508.83,23
4904,Female,Nagpur,2,192792.27,56730.41,26
4905,Male,Kanpur,3,383864.16,74183.34,18
4906,Male,Bengaluru,1,2265504.14,832274.78,35
4907,Male,Bhopal,2,842980.73,184907.92,19
4908,Male,Kolkata,1,2207880.87,596629.38,21
4909,Female,Bhopal,2,1707690.88,501893.37,19
4910,Male,Hyderabad,1,2677641.81,930999.85,29
4911,Female,Delhi,1,150000.0,52914.27,29
4912,Male,Bhopal,2,888245.26,373207.17,24
4913,Female,Lucknow,2,612706.36,208082.34,28
4914,Female,Hyderabad,1,2026816.4,597110.89,41
4915,Male,Ahmedabad,2,759282.74,229759.38,30
4916,Male,Ahmedabad,2,1314424.17,567218.75,25
4917,Male,Hyderabad,1,1877747.23,739790.55,17
4918,Female,Hyderabad,1,1464866.24,776837.18,59
4919,Female,Mumbai,1,1237840.79,651378.29,25
4920,Male,Bhopal,2,964258.15,351056.22,19
4921,Male,Chennai,1,3160508.86,953924.99,35
4922,Male,Dehradun,2,648084.4,212057.75,23
4923,Male,Mumbai,1,2109336.25,995186.65,36
4924,Male,Bhopal,2,1160985.73,358951.18,25
4925,Male,Bengaluru,1,3236056.62,1207029.44,48
4926,Male,Bengaluru,1,1532891.52,638376.75,39
4927,Female,Nagpur,2,1074620.04,449898.24,27
4928,Male,Hyderabad,1,3361572.79,1237970.85,36
4929,Male,Dehradun,2,1215617.64,524283.83,24
4930,Female,Kanpur,3,604098.54,180741.4,4
4931,Female,Dehradun,2,950410.82,288014.97,25
4932,Female,Chandigarh,2,1220482.64,382507.94,30
4933,Female,Mumbai,1,1902907.58,710726.92,46
4934,Male,Chennai,1,1632838.68,767729.62,26
4935,Male,Delhi,1,1694090.67,604063.02,37
4936,Male,Ranchi,3,634314.76,216201.96,12
4937,Male,Kanpur,3,780463.36,193010.68,27
4938,Female,Mumbai,1,1966046.44,846608.82,30
4939,Female,Patna,3,679328.25,204009.73,19
4940,Female,Surat,2,909419.1,190430.57,26
4941,Female,Nagpur,2,1410706.35,264487.46,23
4942,Female,Ahmedabad,2,903105.71,252510.56,39
4943,Female,Pune,1,2011254.35,696509.33,29
4944,Female,Bengaluru,1,2380792.89,994464.97,22
4945,Male,Hyderabad,1,2767703.34,917124.05,21
4946,Male,Indore,2,676674.44,150821.38,30
4947,Female,Ahmedabad,2,1147123.43,263049.77,32
4948,Male,Pune,1,1315190.0,588493.89,46
4949,Female,Jabalpur,3,553604.92,68817.5,11
4950,Female,Chandigarh,2,654815.55,201872.91,23
4951,Male,Indore,2,379448.57,72944.98,8
4952,Female,Delhi,1,2705234.24,975708.5,28
4953,Male,Patna,3,395301.13,85916.75,26
4954,Male,Jaipur,2,1112374.63,232922.71,25
4955,Male,Chennai,1,1864667.02,997091.77,31
4956,Female,Bhopal,2,896780.99,274757.59,27
4957,Male,Mumbai,1,2342455.27,1031210.69,55
4958,Male,Lucknow,2,1027819.27,322896.51,29
4959,Male,Surat,2,1651883.72,500587.99,20
4960,Male,Bengaluru,1,1561020.94,471770.56,34
4961,Male,Ranchi,3,787938.58,145065.17,17
4962,Male,Lucknow,2,153867.63,32050.18,27
4963,Male,Surat,2,972743.43,266382.46,21
4964,Male,Delhi,1,2076445.24,1039339.43,19
4965,Male,Jaipur,2,1114254.88,219039.98,17
4966,Male,Nagpur,2,893267.13,268859.65,31
4967,Female,Nagpur,2,596700.31,188954.65,27
4968,Male,Delhi,1,2827167.41,1189806.48,64
4969,Male,Chandigarh,2,679539.82,226942.28,27
4970,Male,Lucknow,2,1536355.59,311968.34,30
4971,Female,Bhopal,2,399756.59,126679.19,31
4972,Male,Indore,2,1159316.62,245895.48,32
4973,Female,Chandigarh,2,1046110.66,232579.43,25
4974,Male,Bhopal,2,1058164.16,411605.64,31
4975,Female,Chennai,1,1111827.8,580158.24,24
4976,Male,Patna,3,449622.0,116064.18,16
4977,Male,Kanpur,3,597073.35,159777.83,16
4978,Female,Mumbai,1,2008214.02,569597.97,38
4979,Male,Dehradun,2,1360266.82,398125.88,20
4980,Male,Lucknow,2,1121928.33,364418.48,28
4981,Female,Hyderabad,1,1144095.11,403713.18,21
4982,Male,Bengaluru,1,997553.17,431601.48,27
4983,Male,Ahmedabad,2,795736.63,183343.66,29
4984,Male,Hyderabad,1,2148820.09,1137265.42,41
4985,Female,Kanpur,3,509636.63,124620.81,16
4986,Male,Jabalpur,3,475745.31,122629.22,32
4987,Female,Chandigarh,2,870261.69,311279.55,14
4988,Female,Bhopal,2,1541831.35,465358.08,19
4989,Female,Delhi,1,929646.42,347009.69,24
4990,Male,Ahmedabad,2,753892.86,145070.81,32
4991,Male,Ranchi,3,492568.67,142779.95,12
4992,Female,Hyderabad,1,2233249.33,836727.06,17
4993,Male,Chennai,1,1559904.04,729194.54,27
4994,Female,Hyderabad,1,1152808.12,344685.85,37
4995,Male,Surat,2,1291171.35,354243.34,29
4996,Male,Dehradun,2,486996.82,128602.03,27
4997,Female,Jabalpur,3,770434.97,217975.92,15
4998,Female,Pune,1,1423691.16,434984.09,43
4999,Male,Pune,1,2705672.38,739716.89,27
5000,Female,Jaipur,2,251551.66,46475.79,39
