Annual_Income,Annual_Spending,Purchase_Frequency,Cluster,Persona
14.57990848376138,13.824031124617303,3.5263605246161616,0,Premium Customers
13.143817502971299,11.63928019182372,3.332204510175204,2,Low-Value Customers
14.188951998344331,12.504566237311796,3.4657359027997265,1,High-Value Customers
14.14724753664113,12.959875670948522,3.4011973816621555,1,High-Value Customers
13.80007991559887,12.584796266036317,2.302585092994046,1,High-Value Customers
14.679038520511765,13.447517924191594,2.995732273553991,0,Premium Customers
13.967702878600189,13.017911004815286,3.044522437723423,1,High-Value Customers
13.429384381426747,12.28633199127445,3.4011973816621555,1,High-Value Customers
13.472269333348066,12.405266273392145,3.258096538021482,1,High-Value Customers
13.444319549627131,11.866247654704685,3.4965075614664802,2,Low-Value Customers
13.443582285530995,11.896891311311585,3.6888794541139363,2,Low-Value Customers
13.477550703387951,12.623101073354304,3.2188758248682006,1,High-Value Customers
14.680837389615716,13.612308815436522,3.1354942159291497,0,Premium Customers
13.864393432121716,12.047422751065898,3.258096538021482,1,High-Value Customers
13.962605806669785,12.37244912759562,3.295836866004329,1,High-Value Customers
13.905023292282952,12.800610166484047,2.995732273553991,1,High-Value Customers
14.205898481066676,13.110124567779987,3.828641396489095,0,Premium Customers
13.13094185680836,12.20610064513818,3.295836866004329,2,Low-Value Customers
13.404648361742309,11.698105764994498,3.4011973816621555,2,Low-Value Customers
13.392059314738596,12.146127558402736,3.1780538303479458,2,Low-Value Customers
14.008235090676912,13.332793105495316,3.4657359027997265,0,Premium Customers
12.827045156978073,11.203320294612702,3.5263605246161616,2,Low-Value Customers
13.147609514820346,12.17208583159908,2.772588722239781,2,Low-Value Customers
13.991293618638643,12.81200891101227,3.332204510175204,1,High-Value Customers
13.329532786770825,12.10869082636206,2.70805020110221,2,Low-Value Customers
14.168561034449288,13.00804768356462,3.332204510175204,1,High-Value Customers
12.907778942127825,11.759921080591107,3.5263605246161616,2,Low-Value Customers
14.313998796207665,13.32813088384837,3.6635616461296463,0,Premium Customers
14.036668274813778,12.73873109904187,3.7612001156935624,1,High-Value Customers
13.33267007169425,12.491067623475024,3.044522437723423,1,High-Value Customers
13.888303591679543,13.009537196220977,3.5553480614894135,1,High-Value Customers
13.479457135628113,12.614315060016738,3.4011973816621555,1,High-Value Customers
14.830851554072025,14.174667860300392,3.6109179126442243,0,Premium Customers
14.084440780809581,12.93993449485117,3.4657359027997265,1,High-Value Customers
14.1125049632373,13.226737843074615,3.1354942159291497,0,Premium Customers
14.405284369404493,13.425051326410122,3.4965075614664802,0,Premium Customers
13.543137686065569,12.23808058211461,3.1354942159291497,1,High-Value Customers
13.645375641499603,12.50617342315842,3.367295829986474,1,High-Value Customers
13.253270790403475,12.4376895959865,3.6109179126442243,1,High-Value Customers
12.338989780787262,10.979961077264534,3.2188758248682006,2,Low-Value Customers
13.749181303754204,12.596294665825635,3.091042453358316,1,High-Value Customers
13.632398280633218,12.114274192389527,3.332204510175204,1,High-Value Customers
14.527418485015748,13.396128800952674,3.5553480614894135,0,Premium Customers
14.771013145260174,13.635606748063386,3.7612001156935624,0,Premium Customers
13.336443984021786,12.288687212367632,3.6109179126442243,1,High-Value Customers
14.60886543769635,13.325442628148894,4.04305126783455,0,Premium Customers
14.19024031049672,13.005926432860656,3.8066624897703196,0,Premium Customers
13.748172366738551,12.734663056900892,3.044522437723423,1,High-Value Customers
13.7137009747214,12.29138432468482,3.1354942159291497,1,High-Value Customers
13.177220244716827,12.173611900221903,3.367295829986474,2,Low-Value Customers
13.926329739957305,12.399076938170595,3.1780538303479458,1,High-Value Customers
14.040032119386286,13.400252156721873,3.4657359027997265,0,Premium Customers
14.253945782319013,13.450973848315265,3.713572066704308,0,Premium Customers
14.48805849851637,13.593762782102145,3.8918202981106265,0,Premium Customers
14.268404478626286,13.612871017821018,3.4965075614664802,0,Premium Customers
13.299303647679851,11.679705288950448,3.1354942159291497,2,Low-Value Customers
14.119156930160624,13.256928622918732,2.9444389791664403,0,Premium Customers
13.296467446271887,11.97846150438162,3.044522437723423,2,Low-Value Customers
13.289119231447318,11.186341913737785,3.1780538303479458,2,Low-Value Customers
13.818083614812469,12.11085336659424,2.995732273553991,1,High-Value Customers
14.469076697660705,13.687248765149631,3.1354942159291497,0,Premium Customers
13.08786464055252,12.09978164154677,3.4339872044851463,2,Low-Value Customers
13.364663386507848,12.40115958534914,2.772588722239781,1,High-Value Customers
14.721494068467416,13.916932730519864,3.6888794541139363,0,Premium Customers
13.991690158166437,12.970914291649935,3.6109179126442243,1,High-Value Customers
12.873615823309851,11.805903538817093,2.639057329615259,2,Low-Value Customers
13.470428498966797,12.143017663404217,2.833213344056216,2,Low-Value Customers
13.71519469661438,12.62385027581781,3.6109179126442243,1,High-Value Customers
13.611577927059502,12.84958704702044,3.5553480614894135,1,High-Value Customers
13.864658991280983,13.233806607786354,3.6888794541139363,0,Premium Customers
13.176202052559931,12.104227388548942,3.1354942159291497,2,Low-Value Customers
13.31070544118755,12.418638610907871,2.5649493574615367,1,High-Value Customers
13.956809032312819,13.08223801517944,3.4011973816621555,1,High-Value Customers
13.77532827545132,12.678466073181596,3.367295829986474,1,High-Value Customers
14.48930600066212,13.886029476448964,3.295836866004329,0,Premium Customers
13.732535442482519,12.857605825307354,2.772588722239781,1,High-Value Customers
14.695433531297176,13.920523972389436,3.828641396489095,0,Premium Customers
13.63594413031404,12.928310436222569,3.258096538021482,1,High-Value Customers
14.51519402041601,13.868877755327608,3.6375861597263857,0,Premium Customers
13.892719429499023,12.965216720783829,4.02535169073515,1,High-Value Customers
14.127257821828675,13.198045119104291,3.4965075614664802,0,Premium Customers
14.272500202721437,13.258252840095006,3.7612001156935624,0,Premium Customers
13.77235143866094,12.110067784490703,2.9444389791664403,1,High-Value Customers
14.35208082610694,12.994826961798674,2.3978952727983707,1,High-Value Customers
13.071880870029611,11.020769473963261,2.9444389791664403,2,Low-Value Customers
14.200533943798563,12.956151000224192,3.828641396489095,0,Premium Customers
14.184404381415161,12.750062844471366,3.295836866004329,1,High-Value Customers
13.376032533358908,11.735905082848086,3.295836866004329,2,Low-Value Customers
14.367188403633667,13.323366655736484,3.6888794541139363,0,Premium Customers
12.161080980420008,11.231460426649798,3.295836866004329,2,Low-Value Customers
14.213515830559569,12.917198929030812,2.9444389791664403,1,High-Value Customers
14.58260131502286,13.595582743122774,3.784189633918261,0,Premium Customers
14.264053060864283,13.14034847163457,3.4657359027997265,0,Premium Customers
14.232844933466517,13.20633109214981,3.367295829986474,0,Premium Customers
13.334105102235082,11.989708499529005,3.332204510175204,2,Low-Value Customers
12.816439965412089,11.529500634721954,3.091042453358316,2,Low-Value Customers
14.306435447181727,13.031148121941373,3.9889840465642745,0,Premium Customers
12.214856206863528,11.154356585810762,2.70805020110221,2,Low-Value Customers
13.062173764707705,11.483083592668134,2.9444389791664403,2,Low-Value Customers
14.425796228006186,13.746447844752732,4.07753744390572,0,Premium Customers
12.830216525977361,10.836828893080481,3.044522437723423,2,Low-Value Customers
13.149119517992164,11.781567750589044,2.9444389791664403,2,Low-Value Customers
13.254152963965026,11.690072992865453,3.091042453358316,2,Low-Value Customers
14.129888671388278,13.2472393320649,4.04305126783455,0,Premium Customers
13.649309823639571,12.827242586159528,3.4011973816621555,1,High-Value Customers
14.193603140053087,13.13139934976509,3.6375861597263857,0,Premium Customers
14.142974967079324,12.889286453093165,3.784189633918261,1,High-Value Customers
14.025126932170863,13.15026101426657,3.6109179126442243,0,Premium Customers
14.677980374232423,13.58319272634176,3.7376696182833684,0,Premium Customers
14.597683169694402,13.88850955686297,3.332204510175204,0,Premium Customers
13.210811356986127,11.628821387815432,2.9444389791664403,2,Low-Value Customers
14.101861061771892,13.465524280652478,3.8501476017100584,0,Premium Customers
13.621698331564293,12.66128834533845,3.5263605246161616,1,High-Value Customers
14.230569662819086,13.578115547818301,3.6375861597263857,0,Premium Customers
14.813873752779685,13.752600949427931,3.58351893845611,0,Premium Customers
14.305649871781554,12.93227866111318,3.784189633918261,0,Premium Customers
13.828880007261512,13.000289863294494,3.1780538303479458,1,High-Value Customers
14.959294838181846,14.003571388573098,3.828641396489095,0,Premium Customers
13.906985054568537,13.112372070111638,3.1354942159291497,1,High-Value Customers
13.972290709128275,13.038847259419342,3.4339872044851463,1,High-Value Customers
13.705377147923732,12.073395859054338,2.8903717578961645,1,High-Value Customers
12.065647891043591,10.93917867810441,3.367295829986474,2,Low-Value Customers
12.902742364659938,11.024707028774127,2.833213344056216,2,Low-Value Customers
14.617373093410551,13.345610715332521,3.8918202981106265,0,Premium Customers
13.801147197001782,12.18994184083505,3.044522437723423,1,High-Value Customers
14.600040872111718,13.306890583298282,3.784189633918261,0,Premium Customers
12.882001131562443,11.964352996924237,2.639057329615259,2,Low-Value Customers
14.104473152697333,12.813673538968366,3.8918202981106265,1,High-Value Customers
13.314576451440777,11.78935261270621,3.295836866004329,2,Low-Value Customers
14.278221428319625,13.338146515212177,3.5553480614894135,0,Premium Customers
14.521526573724143,13.774585547721415,3.295836866004329,0,Premium Customers
13.367165980811015,11.788361383432553,2.9444389791664403,2,Low-Value Customers
13.947898772409546,12.522329310319632,3.091042453358316,1,High-Value Customers
14.430024549928444,13.828343225939415,3.8066624897703196,0,Premium Customers
13.74743258568652,12.930336031454448,2.9444389791664403,1,High-Value Customers
13.774311440258675,12.501427717584644,3.044522437723423,1,High-Value Customers
13.751050796391754,12.38217616030777,2.639057329615259,1,High-Value Customers
13.66605280577272,12.60887962393975,3.4965075614664802,1,High-Value Customers
13.314797562111595,12.128008666381469,3.044522437723423,2,Low-Value Customers
14.047741604629802,12.443236452129552,2.3978952727983707,1,High-Value Customers
14.528082931856062,13.457645792182468,3.9889840465642745,0,Premium Customers
13.389092793029395,11.540148142537927,3.1780538303479458,2,Low-Value Customers
13.682936147286425,13.04771646620289,3.9889840465642745,1,High-Value Customers
13.193289578804034,12.0105189691003,2.833213344056216,2,Low-Value Customers
13.30602874754321,12.691646674504348,3.8918202981106265,1,High-Value Customers
13.304043611928444,11.824759516091317,2.995732273553991,2,Low-Value Customers
13.435569385094718,12.114739561585198,3.4011973816621555,1,High-Value Customers
14.499401794128962,13.901411197480032,3.6635616461296463,0,Premium Customers
13.712188285898188,12.764477271733819,3.258096538021482,1,High-Value Customers
14.273494995238767,13.031294996437467,2.995732273553991,1,High-Value Customers
13.755871449744747,12.335955603202619,3.4011973816621555,1,High-Value Customers
13.515595877979422,11.917980288923358,3.332204510175204,2,Low-Value Customers
13.831689864247917,12.693766163231885,2.995732273553991,1,High-Value Customers
14.446997221290845,13.765095993170236,3.9318256327243257,0,Premium Customers
14.298715891220166,13.423319547899878,3.6888794541139363,0,Premium Customers
13.897765644214843,12.545430037513606,3.4965075614664802,1,High-Value Customers
13.934077801604737,12.940101418834365,3.58351893845611,1,High-Value Customers
13.064615486327396,10.971862773993005,2.772588722239781,2,Low-Value Customers
14.054881387920329,12.80279077808615,2.3978952727983707,1,High-Value Customers
14.00623277188973,12.711713531743264,3.1780538303479458,1,High-Value Customers
14.170261831835598,12.922222377184434,3.258096538021482,1,High-Value Customers
14.726621562180815,14.100864537509592,3.6635616461296463,0,Premium Customers
12.62418131916338,11.433351597374005,3.2188758248682006,2,Low-Value Customers
14.400884091383007,13.347128077945746,3.6888794541139363,0,Premium Customers
13.695456338872248,12.396292677084356,3.7376696182833684,1,High-Value Customers
13.84421916393992,12.804915272973737,3.6888794541139363,1,High-Value Customers
13.685473988467868,12.664492851465365,3.4965075614664802,1,High-Value Customers
13.519341627127568,11.86404624304666,3.091042453358316,2,Low-Value Customers
14.17235995568506,12.978679456114609,3.332204510175204,1,High-Value Customers
13.587528808924187,12.563880472514512,3.5263605246161616,1,High-Value Customers
14.27776851680604,12.620267802296151,3.258096538021482,1,High-Value Customers
13.37331977271019,11.398641139184285,3.258096538021482,2,Low-Value Customers
14.358631839247884,13.649072062877869,3.4965075614664802,0,Premium Customers
13.372743409272845,11.931044177486003,3.4011973816621555,2,Low-Value Customers
13.912452079134676,12.76723087186707,3.332204510175204,1,High-Value Customers
12.834661731427655,11.333660751267121,2.9444389791664403,2,Low-Value Customers
12.730045830092811,11.35448514779016,3.295836866004329,2,Low-Value Customers
14.327835503185904,13.268321250513393,3.5553480614894135,0,Premium Customers
14.113687352665295,12.861676201836747,3.2188758248682006,1,High-Value Customers
13.791606068723091,12.779240135803567,3.4965075614664802,1,High-Value Customers
13.707045873801194,12.11480606435051,3.6109179126442243,1,High-Value Customers
15.057366136571545,14.310041493455113,3.828641396489095,0,Premium Customers
13.193687915110287,11.83353243983102,3.1780538303479458,2,Low-Value Customers
14.143739756763514,13.047456624771945,2.70805020110221,1,High-Value Customers
13.618282895123558,12.34722831187289,3.713572066704308,1,High-Value Customers
13.513949320621698,12.01509087712123,2.995732273553991,2,Low-Value Customers
13.448299056089136,11.96466519497034,2.9444389791664403,2,Low-Value Customers
13.612621958102835,12.795628217216008,2.8903717578961645,1,High-Value Customers
13.798430042956388,12.410672724479802,3.332204510175204,1,High-Value Customers
13.888130728175083,13.046325864884338,2.8903717578961645,1,High-Value Customers
13.729733353615636,12.03906412346538,3.332204510175204,1,High-Value Customers
13.412167217314694,12.093137010968604,3.4011973816621555,2,Low-Value Customers
13.806372815671578,12.451309649176473,2.8903717578961645,1,High-Value Customers
13.124962776038494,11.953486830808506,3.332204510175204,2,Low-Value Customers
14.110949259835031,13.063928261868666,3.58351893845611,1,High-Value Customers
12.99826538431008,11.71361479662236,3.1354942159291497,2,Low-Value Customers
13.897489046189694,12.717643511534172,3.6109179126442243,1,High-Value Customers
12.351718245197599,11.254488747582306,2.4849066497880004,2,Low-Value Customers
13.844974268306087,13.008770423581478,3.044522437723423,1,High-Value Customers
13.883931934178907,12.985712724943186,3.6375861597263857,1,High-Value Customers
13.322474883822151,11.528967795911285,2.772588722239781,2,Low-Value Customers
13.107604742563117,11.927848307378273,2.833213344056216,2,Low-Value Customers
13.816931747595705,12.532778560796004,3.7376696182833684,1,High-Value Customers
14.292277936399463,13.589040304306797,3.8066624897703196,0,Premium Customers
12.117998413000562,10.632637292774572,2.4849066497880004,2,Low-Value Customers
14.746144386077557,13.831892458888552,3.295836866004329,0,Premium Customers
13.319323811077194,11.75053002998169,2.833213344056216,2,Low-Value Customers
13.473914145147928,12.140499776305676,2.9444389791664403,2,Low-Value Customers
12.854472977940363,11.329401465531792,3.5553480614894135,2,Low-Value Customers
13.890880834505051,12.76397745629288,3.5553480614894135,1,High-Value Customers
14.471634446870908,13.252557572775263,3.6375861597263857,0,Premium Customers
13.15775822356061,12.192452359120738,2.9444389791664403,2,Low-Value Customers
13.24082692812447,12.021289461416242,2.772588722239781,2,Low-Value Customers
13.564952951792682,12.653003380982542,3.4657359027997265,1,High-Value Customers
13.599274060439487,12.6710891095148,2.8903717578961645,1,High-Value Customers
14.22151914502766,13.459399369371345,3.4011973816621555,0,Premium Customers
14.001461412549036,13.00006640173251,3.58351893845611,1,High-Value Customers
12.453720499022536,10.841845600264334,2.995732273553991,2,Low-Value Customers
12.34510110157869,10.859051303887872,3.295836866004329,2,Low-Value Customers
13.275078541657672,11.930447067249933,3.5263605246161616,2,Low-Value Customers
14.444960122393574,13.666245326542867,3.7612001156935624,0,Premium Customers
13.79111781940719,12.282368048511705,3.367295829986474,1,High-Value Customers
14.952515701179632,13.977640427788149,3.8918202981106265,0,Premium Customers
13.779220124145937,12.935026979286699,3.258096538021482,1,High-Value Customers
13.917414975188262,13.311275915879936,3.5263605246161616,0,Premium Customers
15.090058716590484,14.094997973240515,3.713572066704308,0,Premium Customers
13.646734730133447,12.722339111036204,3.091042453358316,1,High-Value Customers
12.669202831694886,11.430043296507408,2.3978952727983707,2,Low-Value Customers
12.83209994945269,11.635303084895844,3.1354942159291497,2,Low-Value Customers
13.609704502416458,12.45312450194603,3.1354942159291497,1,High-Value Customers
13.98234166315398,12.701656846672238,3.1780538303479458,1,High-Value Customers
14.945062659241279,13.574360419258184,3.8501476017100584,0,Premium Customers
13.899820897099895,13.28052162192045,3.713572066704308,0,Premium Customers
13.599702486113644,12.005376810863147,2.833213344056216,2,Low-Value Customers
13.217904148802187,11.858991108783226,2.9444389791664403,2,Low-Value Customers
14.408700100998807,13.247058734492997,3.5553480614894135,0,Premium Customers
14.357608189383402,13.177373774796767,3.6109179126442243,0,Premium Customers
14.390478586299025,13.521673998785658,3.4011973816621555,0,Premium Customers
13.816955303816204,12.985583995769607,3.1354942159291497,1,High-Value Customers
13.610627771867987,12.796894865137336,3.332204510175204,1,High-Value Customers
13.091616767798845,11.233184313119123,2.8903717578961645,2,Low-Value Customers
14.020480721091193,12.345525583646694,3.58351893845611,1,High-Value Customers
12.955591605614405,11.662922501782145,2.639057329615259,2,Low-Value Customers
13.482020344688559,12.449876299540685,3.367295829986474,1,High-Value Customers
13.095769514582617,11.358107746055188,2.833213344056216,2,Low-Value Customers
13.954260675573883,13.04831593880303,3.367295829986474,1,High-Value Customers
14.205008892872259,12.758311576956341,2.833213344056216,1,High-Value Customers
13.91769382751711,12.222214560981513,3.1354942159291497,1,High-Value Customers
13.355307672146441,12.6971458687386,3.970291913552122,1,High-Value Customers
13.482897979271284,12.096785095824428,3.5263605246161616,1,High-Value Customers
14.816523821418734,13.709131112262387,2.8903717578961645,0,Premium Customers
13.714253223842784,12.83625680985931,3.970291913552122,1,High-Value Customers
12.364684118352725,11.280409756878003,2.70805020110221,2,Low-Value Customers
13.47200469125972,12.591291439927897,3.367295829986474,1,High-Value Customers
13.493829108362402,12.302995161185827,2.8903717578961645,1,High-Value Customers
14.250840214449129,13.144005135990712,3.5553480614894135,0,Premium Customers
14.318909576640525,12.931134637169711,3.4339872044851463,1,High-Value Customers
13.774484271744557,12.96657511079679,3.1780538303479458,1,High-Value Customers
13.01487709278873,11.642582875908268,3.258096538021482,2,Low-Value Customers
13.783552124108345,12.41311409096527,2.8903717578961645,1,High-Value Customers
14.286733393675663,13.380468878506695,3.4339872044851463,0,Premium Customers
13.805067629905022,12.732532987620177,3.4965075614664802,1,High-Value Customers
13.215281134008789,12.364057536793752,3.4011973816621555,1,High-Value Customers
12.451740685141242,11.312651524123888,2.70805020110221,2,Low-Value Customers
13.564734239162204,12.494277568771656,3.295836866004329,1,High-Value Customers
13.438588838681648,12.08359309850937,2.639057329615259,2,Low-Value Customers
14.129927183655177,12.783712421096105,2.8903717578961645,1,High-Value Customers
12.845579569213129,11.545999634459648,3.5263605246161616,2,Low-Value Customers
13.248394525885457,11.473124823691133,2.995732273553991,2,Low-Value Customers
13.456730199194388,12.298431200846307,3.258096538021482,1,High-Value Customers
13.333128130564168,12.601810631538909,3.8066624897703196,1,High-Value Customers
14.389597734140208,13.60547721606197,3.970291913552122,0,Premium Customers
13.472223283637614,12.770502256974536,3.4339872044851463,1,High-Value Customers
13.930038265228497,12.557567335089935,3.4965075614664802,1,High-Value Customers
12.553193590016072,10.96713013304559,3.5553480614894135,2,Low-Value Customers
13.193013770443144,11.376441833058331,3.091042453358316,2,Low-Value Customers
14.056572641212544,13.08292078523772,3.258096538021482,1,High-Value Customers
13.907111740662126,12.904487353277132,3.5263605246161616,1,High-Value Customers
13.516012942765968,12.351727624588179,3.4339872044851463,1,High-Value Customers
13.864650546652259,12.389551532359292,3.295836866004329,1,High-Value Customers
13.986493626360046,12.321363778975579,3.295836866004329,1,High-Value Customers
13.16471612292723,12.319787595513086,3.5263605246161616,1,High-Value Customers
14.767303409122109,14.080863705114588,3.5553480614894135,0,Premium Customers
14.714370109717336,13.371528234790011,3.4011973816621555,0,Premium Customers
13.612646297285007,12.361480334989693,3.713572066704308,1,High-Value Customers
13.287852527426558,11.66923563997985,2.772588722239781,2,Low-Value Customers
13.60311090868093,12.275573241436598,3.295836866004329,1,High-Value Customers
14.156574564825656,12.832555019341969,3.295836866004329,1,High-Value Customers
14.0009262895251,12.940429113602761,3.332204510175204,1,High-Value Customers
13.244248423854442,12.153564877125406,3.2188758248682006,2,Low-Value Customers
14.099268061861531,12.85628372341721,2.995732273553991,1,High-Value Customers
13.778641843093256,12.64216081136553,2.772588722239781,1,High-Value Customers
13.341863130140442,12.589550768368413,2.8903717578961645,1,High-Value Customers
14.224881514970544,13.193143671832036,3.4965075614664802,0,Premium Customers
13.213775861963004,11.799392599683955,2.833213344056216,2,Low-Value Customers
13.696570804818087,12.436976051146631,3.295836866004329,1,High-Value Customers
13.864868503772344,13.239359027598567,3.7376696182833684,0,Premium Customers
14.727402300456601,14.09895574246912,3.4965075614664802,0,Premium Customers
13.78066141953901,11.938147513056412,2.70805020110221,2,Low-Value Customers
13.772873657080696,12.706020530633284,3.367295829986474,1,High-Value Customers
12.767158438193313,11.287277404990835,3.258096538021482,2,Low-Value Customers
13.432640967518234,12.492284738090719,3.044522437723423,1,High-Value Customers
13.04056002236712,11.970229102131839,2.833213344056216,2,Low-Value Customers
14.843111500108916,14.063984512583453,3.4011973816621555,0,Premium Customers
13.83557541558096,12.410954706186839,3.091042453358316,1,High-Value Customers
12.896168149457948,11.762398064792636,2.9444389791664403,2,Low-Value Customers
12.993845771859718,11.868109748426477,2.772588722239781,2,Low-Value Customers
13.381384891872374,11.981795952453263,3.2188758248682006,2,Low-Value Customers
13.158021019583432,11.576781190555963,2.639057329615259,2,Low-Value Customers
13.471807048598656,12.019597213329007,2.5649493574615367,2,Low-Value Customers
13.485389976803583,12.593369064737486,3.295836866004329,1,High-Value Customers
14.192160048733902,13.401191019834203,3.828641396489095,0,Premium Customers
12.448664526090303,11.315732636932163,3.044522437723423,2,Low-Value Customers
13.394402032143558,12.241232721598369,3.2188758248682006,1,High-Value Customers
13.856620984484021,12.955204499977865,3.4339872044851463,1,High-Value Customers
14.057151681438976,12.99879492092835,3.5553480614894135,1,High-Value Customers
14.112326095547028,13.447302881263171,3.6888794541139363,0,Premium Customers
14.336099370320937,13.28780762697804,3.6109179126442243,0,Premium Customers
13.397965616571254,12.483802634877252,3.367295829986474,1,High-Value Customers
13.721267667404105,12.016007423803972,3.58351893845611,1,High-Value Customers
13.986277651639258,13.176418514391063,2.639057329615259,1,High-Value Customers
12.628810680671215,11.303888816753691,3.1354942159291497,2,Low-Value Customers
14.861633967642872,13.596120615537485,3.6375861597263857,0,Premium Customers
13.29613189434587,12.221692862257452,3.332204510175204,1,High-Value Customers
14.095521794638781,13.255377001009604,2.639057329615259,1,High-Value Customers
13.519459200547322,12.177224407777878,3.295836866004329,1,High-Value Customers
13.091220823089287,11.720408955100652,2.995732273553991,2,Low-Value Customers
14.784975597211297,13.452119209391535,2.995732273553991,0,Premium Customers
13.843599144045168,12.16502151017583,3.044522437723423,1,High-Value Customers
14.185648553940535,13.176392915859353,3.2188758248682006,0,Premium Customers
12.626929556423589,11.826699097857649,3.091042453358316,2,Low-Value Customers
13.410178750971122,11.642789453381395,3.1780538303479458,2,Low-Value Customers
13.800733158036177,12.76992533084046,3.044522437723423,1,High-Value Customers
13.619686081700381,12.786764031702964,2.772588722239781,1,High-Value Customers
14.25139102692923,13.004340025374278,2.833213344056216,1,High-Value Customers
14.70279380335442,13.560187815686819,3.4965075614664802,0,Premium Customers
13.043238348534768,12.15984549652947,3.6109179126442243,2,Low-Value Customers
13.889621829398267,12.42034839384645,3.2188758248682006,1,High-Value Customers
14.528415629525629,13.797102942586347,3.6888794541139363,0,Premium Customers
13.87469994797516,12.822246066873117,3.4011973816621555,1,High-Value Customers
13.78379634679694,12.855093132269623,3.4339872044851463,1,High-Value Customers
13.891080585793523,12.644744328317886,3.5553480614894135,1,High-Value Customers
13.404927912570987,11.953103964012277,3.6888794541139363,2,Low-Value Customers
13.3703316847727,12.283054843849895,3.2188758248682006,1,High-Value Customers
13.993009035722496,12.660438737063915,2.995732273553991,1,High-Value Customers
13.596217596105845,11.984585534061681,3.2188758248682006,2,Low-Value Customers
14.738366122095535,14.061164956231094,3.2188758248682006,0,Premium Customers
13.931619036777079,12.800320641004403,3.5553480614894135,1,High-Value Customers
15.062950642156064,14.288028486209507,3.5553480614894135,0,Premium Customers
13.620302574683786,12.304076829607732,3.258096538021482,1,High-Value Customers
13.293437703901134,12.001254589422837,3.258096538021482,2,Low-Value Customers
12.820472570622586,11.436321596040512,2.833213344056216,2,Low-Value Customers
14.728684004148148,13.55764730572637,3.7376696182833684,0,Premium Customers
14.144652709317166,12.47614844568131,3.4965075614664802,1,High-Value Customers
14.936662603653916,14.265846024498062,3.6635616461296463,0,Premium Customers
14.00886983273952,12.705636958083646,3.4339872044851463,1,High-Value Customers
14.446875075186462,13.744060516534915,3.8066624897703196,0,Premium Customers
14.994990939735477,14.098309143078692,3.367295829986474,0,Premium Customers
13.555013508165962,11.926882481213998,3.295836866004329,2,Low-Value Customers
14.111167050045701,13.440828628456508,3.4339872044851463,0,Premium Customers
13.890523063047569,13.17084715178406,3.4011973816621555,1,High-Value Customers
13.20967285495757,11.814277205334134,3.4339872044851463,2,Low-Value Customers
12.853235021965896,11.80100575812162,3.1354942159291497,2,Low-Value Customers
13.230036151730458,11.433643484537004,2.9444389791664403,2,Low-Value Customers
13.492838755778871,11.822999309986907,3.295836866004329,2,Low-Value Customers
13.604689780933443,12.723848957200593,2.4849066497880004,1,High-Value Customers
13.484112362595477,11.960230673153259,3.1780538303479458,2,Low-Value Customers
13.755723440343274,13.151127922559633,3.044522437723423,1,High-Value Customers
12.775266983760076,11.796625569901932,3.7376696182833684,2,Low-Value Customers
14.753593145151138,14.100071880938993,3.5553480614894135,0,Premium Customers
13.395339444688627,12.546020122217582,3.4011973816621555,1,High-Value Customers
14.857051219614585,14.101888397774298,3.8918202981106265,0,Premium Customers
13.341167270006107,12.22970850483147,2.639057329615259,2,Low-Value Customers
13.019103032620743,11.950308725784767,2.639057329615259,2,Low-Value Customers
13.828753521553839,12.66693206235945,3.1354942159291497,1,High-Value Customers
13.901927720943723,12.698731477890584,3.1354942159291497,1,High-Value Customers
14.251370584690662,13.6367091980008,3.1780538303479458,0,Premium Customers
13.98318671756024,12.665679098477185,2.772588722239781,1,High-Value Customers
13.051543366285356,11.981694207056576,3.044522437723423,2,Low-Value Customers
12.781101806207785,11.170895472596731,3.1354942159291497,2,Low-Value Customers
14.432735370580282,13.38605488377341,3.1354942159291497,0,Premium Customers
14.297026224944121,13.171909884046096,3.8712010109078907,0,Premium Customers
14.863016499681352,13.659419688853117,3.784189633918261,0,Premium Customers
13.994893342460541,12.817727708112102,3.5553480614894135,1,High-Value Customers
13.335455590844333,11.967522456632882,3.044522437723423,2,Low-Value Customers
13.113131857744483,11.187223025328281,3.044522437723423,2,Low-Value Customers
13.681911231603737,12.553097047424583,3.2188758248682006,1,High-Value Customers
13.173885273660481,12.079640961651576,2.4849066497880004,2,Low-Value Customers
13.262269083358053,12.12165408610027,3.044522437723423,2,Low-Value Customers
12.882065834060684,10.817679483467634,3.044522437723423,2,Low-Value Customers
14.761643147161735,13.592253087661543,3.2188758248682006,0,Premium Customers
13.812305627657361,12.607710171114675,2.995732273553991,1,High-Value Customers
13.633103589522849,12.630736767423983,3.295836866004329,1,High-Value Customers
14.391213204319754,13.55961854422172,4.02535169073515,0,Premium Customers
13.281414311351103,11.217771413346412,3.2188758248682006,2,Low-Value Customers
13.784173749005173,12.769882227206384,3.367295829986474,1,High-Value Customers
13.932009729820116,12.681448412718268,2.772588722239781,1,High-Value Customers
13.353365711432803,12.325079332220172,3.332204510175204,1,High-Value Customers
13.684892152754934,12.805666195150145,3.332204510175204,1,High-Value Customers
13.323357838630507,12.084947067297298,3.295836866004329,2,Low-Value Customers
13.610386402777346,12.294736331704836,3.4965075614664802,1,High-Value Customers
14.744853770382514,14.008142809715357,3.713572066704308,0,Premium Customers
13.115217043075972,11.937896751209102,3.295836866004329,2,Low-Value Customers
13.75594736201105,12.049754627053714,2.833213344056216,1,High-Value Customers
13.154452412797674,11.906067893095656,2.639057329615259,2,Low-Value Customers
12.875622511566759,11.375942293233377,3.332204510175204,2,Low-Value Customers
13.424487248257595,12.003037802115676,2.70805020110221,2,Low-Value Customers
13.774056936926648,12.753566458298916,2.995732273553991,1,High-Value Customers
13.398703947472407,12.134780275077963,3.784189633918261,1,High-Value Customers
13.732890333011902,12.55970487510495,3.5553480614894135,1,High-Value Customers
15.048080822007545,14.312996715339828,3.7612001156935624,0,Premium Customers
13.395525716867947,12.316043646547675,3.1780538303479458,1,High-Value Customers
13.131357964551237,12.032403429049168,3.044522437723423,2,Low-Value Customers
14.056278514991183,13.129336270183726,3.4965075614664802,1,High-Value Customers
13.29682173343968,11.961104600574876,2.8903717578961645,2,Low-Value Customers
13.777771254980902,12.446169002547842,3.6109179126442243,1,High-Value Customers
14.17324244813849,12.801280896649065,3.4657359027997265,1,High-Value Customers
13.92190437757964,12.732312428395167,3.4965075614664802,1,High-Value Customers
13.93023226363915,13.03263948122224,3.713572066704308,1,High-Value Customers
13.443754346975094,12.344667733482378,3.332204510175204,1,High-Value Customers
14.14416384180292,13.0311330476818,3.2188758248682006,1,High-Value Customers
14.450847544674762,13.826146079763078,3.4339872044851463,0,Premium Customers
14.78792010704056,14.124840576123276,3.6635616461296463,0,Premium Customers
14.084473633080796,13.248136522504483,3.367295829986474,0,Premium Customers
14.07964087742282,13.219273585571207,3.1354942159291497,1,High-Value Customers
12.694976595606215,11.489412591214261,2.639057329615259,2,Low-Value Customers
13.45098097553146,11.925244895116345,2.70805020110221,2,Low-Value Customers
13.406457942439811,12.35217729987757,3.332204510175204,1,High-Value Customers
13.764308006827852,11.923216376800797,2.3978952727983707,2,Low-Value Customers
13.930465518383048,12.497165195685815,3.367295829986474,1,High-Value Customers
13.554699147195157,12.151223563130573,3.332204510175204,1,High-Value Customers
14.15892772974096,13.311097446688763,3.091042453358316,0,Premium Customers
13.315608438229473,11.427663175616415,2.8903717578961645,2,Low-Value Customers
12.912480463905599,11.391455553632657,3.332204510175204,2,Low-Value Customers
14.725167241118031,14.122549702584937,3.8501476017100584,0,Premium Customers
13.9100432355921,12.539716922955767,3.6635616461296463,1,High-Value Customers
13.844540579649319,12.813118189706442,3.332204510175204,1,High-Value Customers
13.72331874200554,12.105123939069951,2.9444389791664403,1,High-Value Customers
13.433319383426383,12.311860694782487,3.4339872044851463,1,High-Value Customers
13.831195976076804,12.703873271094057,3.4657359027997265,1,High-Value Customers
12.733555985952673,11.438870983693537,2.3978952727983707,2,Low-Value Customers
14.904342396915265,13.961609863720964,3.6888794541139363,0,Premium Customers
13.74696701408598,12.922707053959549,2.995732273553991,1,High-Value Customers
13.900371424262472,12.449017020217367,2.8903717578961645,1,High-Value Customers
13.96352500671775,13.009303430383957,3.58351893845611,1,High-Value Customers
13.373224067205943,12.350258526971038,3.5553480614894135,1,High-Value Customers
13.477422951335177,11.968524342142878,2.639057329615259,2,Low-Value Customers
14.096609904236704,12.959233390660861,3.295836866004329,1,High-Value Customers
14.058908030804533,13.317791582267775,3.6375861597263857,0,Premium Customers
14.453926768410298,13.729513248452557,3.5263605246161616,0,Premium Customers
13.864857671770364,12.83775138742286,3.295836866004329,1,High-Value Customers
13.151256404668832,12.154557010637332,3.713572066704308,2,Low-Value Customers
13.751542295531628,12.318605210445991,2.4849066497880004,1,High-Value Customers
14.400934077280489,13.798810911838652,3.784189633918261,0,Premium Customers
13.54803147709664,12.706990711128231,3.367295829986474,1,High-Value Customers
13.244103515615242,11.671695260239021,2.8903717578961645,2,Low-Value Customers
14.603017330299235,13.52832869372084,3.713572066704308,0,Premium Customers
13.639685958164314,12.156230876117721,2.9444389791664403,1,High-Value Customers
13.194124682573323,12.380877312832741,3.58351893845611,1,High-Value Customers
14.062420986190702,12.528935623435483,3.367295829986474,1,High-Value Customers
13.809169465666535,12.591459290302895,2.833213344056216,1,High-Value Customers
13.714169088443214,12.468122822215722,2.70805020110221,1,High-Value Customers
13.554017837591868,11.936585896281233,2.8903717578961645,2,Low-Value Customers
13.236045553797425,12.163511065892056,3.091042453358316,2,Low-Value Customers
13.196198723827605,12.284506582903369,3.367295829986474,1,High-Value Customers
13.948699834573786,13.132816235434907,3.5263605246161616,1,High-Value Customers
14.593954266834302,13.784409402206816,3.1354942159291497,0,Premium Customers
13.623497388846626,11.992351563002185,3.6109179126442243,1,High-Value Customers
13.462719262889138,11.915199486974636,3.091042453358316,2,Low-Value Customers
13.437626671760425,12.434918428177431,3.1354942159291497,1,High-Value Customers
14.409379631900084,13.809739738771349,3.332204510175204,0,Premium Customers
13.351329735228973,11.692909625514021,3.258096538021482,2,Low-Value Customers
13.887678128756336,12.667044517217583,3.784189633918261,1,High-Value Customers
13.644942746477817,12.624203766623816,3.4965075614664802,1,High-Value Customers
14.788358363798677,14.033515577609004,3.4657359027997265,0,Premium Customers
13.999569005489837,12.471804502518248,2.9444389791664403,1,High-Value Customers
12.854175257162494,11.157406281454465,3.295836866004329,2,Low-Value Customers
13.221418934518253,12.106525643054894,3.2188758248682006,2,Low-Value Customers
14.09223357119245,12.514695888068713,3.1780538303479458,1,High-Value Customers
12.722632427541939,11.086223441466297,2.8903717578961645,2,Low-Value Customers
13.640525876356977,12.372869989545972,3.6635616461296463,1,High-Value Customers
13.98746752919676,13.264902659398771,2.5649493574615367,1,High-Value Customers
13.408782963255168,12.403107101515848,3.5263605246161616,1,High-Value Customers
12.476696665641892,11.316431512537987,2.772588722239781,2,Low-Value Customers
13.751842569802895,12.448609799324847,2.70805020110221,1,High-Value Customers
14.505443362949876,13.67114810344255,3.7612001156935624,0,Premium Customers
13.722520379873567,12.210873602471215,2.9444389791664403,1,High-Value Customers
13.744043922100849,12.732514026223306,3.6635616461296463,1,High-Value Customers
13.556919165256813,11.943675790531618,3.295836866004329,2,Low-Value Customers
13.336068187621013,11.989247590409757,3.58351893845611,2,Low-Value Customers
14.093252796032798,13.067622948469504,2.995732273553991,1,High-Value Customers
13.517114791638566,11.939988646419778,3.091042453358316,2,Low-Value Customers
14.782492088561913,13.672356212892424,3.7612001156935624,0,Premium Customers
13.398910586721502,11.827959099675384,3.258096538021482,2,Low-Value Customers
13.576063651254342,12.514904158506132,3.1354942159291497,1,High-Value Customers
13.408301039256251,11.989362107941435,3.258096538021482,2,Low-Value Customers
13.422126607893597,12.611530153609458,3.4965075614664802,1,High-Value Customers
13.607270840702844,12.376466937791335,3.367295829986474,1,High-Value Customers
14.593370261004797,13.350064112962555,3.828641396489095,0,Premium Customers
14.599309626222606,13.451669887133042,3.4965075614664802,0,Premium Customers
13.913368308135603,12.506821104727898,3.295836866004329,1,High-Value Customers
14.313325991037106,13.65182817544685,3.4965075614664802,0,Premium Customers
12.973416378249087,12.057893003522373,3.4965075614664802,2,Low-Value Customers
13.161428482297426,11.93609924487328,2.995732273553991,2,Low-Value Customers
14.789924153336143,14.031806155473182,3.5263605246161616,0,Premium Customers
13.939504876933109,12.460684824692892,3.5553480614894135,1,High-Value Customers
13.319130821445874,12.22729656623176,2.9444389791664403,2,Low-Value Customers
14.54777391255963,13.845254634303648,3.367295829986474,0,Premium Customers
13.721934333989278,12.822968820818854,2.639057329615259,1,High-Value Customers
13.823570538874858,12.742978504059279,3.6635616461296463,1,High-Value Customers
12.24601064944584,10.859550960588559,2.9444389791664403,2,Low-Value Customers
14.6602365983414,13.841271390048894,3.6635616461296463,0,Premium Customers
13.433032164326878,12.2443470456859,3.367295829986474,1,High-Value Customers
14.318516519709284,13.60521070954359,3.295836866004329,0,Premium Customers
14.499851567770177,13.744662284139597,3.044522437723423,0,Premium Customers
13.08454090066275,11.797024651545172,3.367295829986474,2,Low-Value Customers
13.304748182198086,11.194470321350696,3.295836866004329,2,Low-Value Customers
13.345965367619366,12.52198197877572,3.4339872044851463,1,High-Value Customers
12.880422253557152,11.367211247903589,2.833213344056216,2,Low-Value Customers
13.957734233005032,13.157025774896743,3.1354942159291497,1,High-Value Customers
14.020873910214934,13.258637522741457,2.70805020110221,1,High-Value Customers
13.288630498646842,11.72823150305934,3.1780538303479458,2,Low-Value Customers
14.906347906633156,13.523909027796824,3.332204510175204,0,Premium Customers
12.810446780090636,11.880145671665934,3.58351893845611,2,Low-Value Customers
14.471362102420512,13.540699036817276,3.295836866004329,0,Premium Customers
14.155567561623535,13.297535235910022,3.6109179126442243,0,Premium Customers
14.254707922085084,13.184514250377276,3.713572066704308,0,Premium Customers
14.738516599589476,13.63271799426398,3.713572066704308,0,Premium Customers
13.70740853224397,12.10199563915512,3.58351893845611,1,High-Value Customers
13.641676535926088,12.704986414011184,3.091042453358316,1,High-Value Customers
14.023938386198497,12.88345104986589,3.4339872044851463,1,High-Value Customers
13.123182661699278,11.8087009224457,3.1780538303479458,2,Low-Value Customers
12.894745054215257,11.127148271696669,2.8903717578961645,2,Low-Value Customers
14.172981072352895,13.373482248787454,3.4339872044851463,0,Premium Customers
13.781382504776992,12.556314431007012,3.4011973816621555,1,High-Value Customers
14.098704667057568,12.547306243145954,3.4011973816621555,1,High-Value Customers
13.536503653856432,11.967644312319978,2.833213344056216,2,Low-Value Customers
14.259943917872855,12.789437520936731,3.6375861597263857,1,High-Value Customers
13.607777465716824,12.252438683402008,3.1780538303479458,1,High-Value Customers
13.76349193743341,12.418940825571301,2.3978952727983707,1,High-Value Customers
14.74098925491712,14.052989339127649,3.5263605246161616,0,Premium Customers
13.892250315359702,12.70057197773695,3.044522437723423,1,High-Value Customers
13.837283683728993,12.543317476480656,3.5553480614894135,1,High-Value Customers
14.392539886305029,13.427729791049972,3.970291913552122,0,Premium Customers
13.475879341014549,11.621499920386205,3.1354942159291497,2,Low-Value Customers
13.911848563919738,13.168277180238457,3.6635616461296463,1,High-Value Customers
13.838953629227333,12.22258899657785,3.258096538021482,1,High-Value Customers
13.67042359329034,12.286771322624103,3.1780538303479458,1,High-Value Customers
14.53262653800556,13.40827846966569,3.4965075614664802,0,Premium Customers
14.014161085169006,12.814944720275506,2.9444389791664403,1,High-Value Customers
13.481259019766075,11.856288547938929,3.2188758248682006,2,Low-Value Customers
13.80189638422835,12.697002657677077,3.258096538021482,1,High-Value Customers
13.467680525074972,12.711054618378022,3.4011973816621555,1,High-Value Customers
13.837977612910619,12.969523361614918,3.713572066704308,1,High-Value Customers
14.569988929485405,13.731951107125333,3.5553480614894135,0,Premium Customers
14.02585828681123,12.806347452420342,3.4657359027997265,1,High-Value Customers
13.373735059601753,12.481325038582769,2.9444389791664403,1,High-Value Customers
14.736690064283108,13.479425284463176,4.127134385045092,0,Premium Customers
13.864383366337627,12.246263993234521,3.4339872044851463,1,High-Value Customers
14.540949908506317,13.248211297609572,3.9889840465642745,0,Premium Customers
14.21168924711432,13.226932524012254,4.02535169073515,0,Premium Customers
13.402187814337811,11.39468828870761,3.4339872044851463,2,Low-Value Customers
13.594242446912054,12.105366558970072,2.9444389791664403,1,High-Value Customers
12.980171620419137,11.134279487297603,2.639057329615259,2,Low-Value Customers
13.539953466600533,12.110583524716862,2.639057329615259,2,Low-Value Customers
13.318185506634293,12.185928354873715,2.833213344056216,2,Low-Value Customers
13.092142883693262,11.595080770306279,3.091042453358316,2,Low-Value Customers
14.698524855839421,13.810847774063774,3.5553480614894135,0,Premium Customers
13.234431697355927,12.205341128036482,3.2188758248682006,2,Low-Value Customers
14.222008918749658,13.493615630214453,3.8501476017100584,0,Premium Customers
12.303483707843672,11.107345800300712,2.995732273553991,2,Low-Value Customers
14.950554237342834,14.235926825050182,3.828641396489095,0,Premium Customers
13.4412115616251,12.024860972587208,2.833213344056216,2,Low-Value Customers
14.575995760836605,13.85851212429127,3.295836866004329,0,Premium Customers
13.991003494376084,13.134535080765838,3.091042453358316,1,High-Value Customers
13.57067036509073,12.099870664828808,3.091042453358316,1,High-Value Customers
13.310729628169486,11.446305205184224,3.1354942159291497,2,Low-Value Customers
14.992246310658597,13.701405565008447,3.2188758248682006,0,Premium Customers
13.781988251607375,12.631260867969525,3.295836866004329,1,High-Value Customers
13.191265271419622,12.1309499895281,3.044522437723423,2,Low-Value Customers
14.079456432565262,12.586949696415196,3.6109179126442243,1,High-Value Customers
13.634588633228239,12.137603797433265,3.4965075614664802,1,High-Value Customers
13.722797030937198,12.590830565350194,3.1354942159291497,1,High-Value Customers
14.606575524657027,13.311299625478025,3.6635616461296463,0,Premium Customers
12.911726466007288,11.76407858024089,3.091042453358316,2,Low-Value Customers
13.773607083021494,12.784117007939725,3.58351893845611,1,High-Value Customers
14.27763190977199,13.57744276714668,2.772588722239781,0,Premium Customers
12.659383249526938,11.738747186782113,3.367295829986474,2,Low-Value Customers
14.18786506358293,12.990963722440245,3.8066624897703196,0,Premium Customers
13.460709000997,11.516831725590315,3.091042453358316,2,Low-Value Customers
13.461904229576687,12.167077107023179,3.091042453358316,1,High-Value Customers
14.197626851680695,13.164269270694021,3.1354942159291497,0,Premium Customers
12.817315033729143,11.918845669506302,3.5553480614894135,2,Low-Value Customers
14.54913346189954,13.728704821647334,3.5553480614894135,0,Premium Customers
13.845412146108211,12.52781811655972,2.9444389791664403,1,High-Value Customers
14.204011850733957,13.00822182100712,3.6375861597263857,0,Premium Customers
13.076589538548383,11.913505594307615,3.091042453358316,2,Low-Value Customers
14.001952821306558,13.000706370100277,2.70805020110221,1,High-Value Customers
12.31205584727877,10.874120436304723,3.295836866004329,2,Low-Value Customers
14.585496776847936,13.91481840914894,3.6109179126442243,0,Premium Customers
13.958107356595603,12.935195544360928,3.4339872044851463,1,High-Value Customers
13.858031137871233,12.839426190159255,3.1780538303479458,1,High-Value Customers
13.932032647851472,12.975225109709582,3.6109179126442243,1,High-Value Customers
14.068196779351071,12.952221253287824,3.2188758248682006,1,High-Value Customers
13.297206423046815,11.369401570317631,2.8903717578961645,2,Low-Value Customers
13.02506346539513,11.787807895384374,2.8903717578961645,2,Low-Value Customers
14.313067563666669,13.634814515306077,3.6888794541139363,0,Premium Customers
13.892090072624727,12.93385767413309,3.1354942159291497,1,High-Value Customers
14.006984239340737,12.64445069791383,3.044522437723423,1,High-Value Customers
14.53680881251706,13.260124414956081,3.9889840465642745,0,Premium Customers
13.082293100273747,12.237179181452612,3.4965075614664802,2,Low-Value Customers
13.876062998352163,13.127315276489139,3.2188758248682006,1,High-Value Customers
14.557362218070448,13.708652432559688,3.784189633918261,0,Premium Customers
13.182894140698544,11.98806053084624,2.833213344056216,2,Low-Value Customers
13.741965046061663,12.940717416344174,3.091042453358316,1,High-Value Customers
13.240342642695307,11.235184086361484,3.2188758248682006,2,Low-Value Customers
14.53006312972745,13.272971676115906,3.8501476017100584,0,Premium Customers
14.031686024465715,13.157795499825447,3.4011973816621555,1,High-Value Customers
13.936532883673289,12.719866609412376,3.8501476017100584,1,High-Value Customers
14.109781888493973,13.380311505078007,2.833213344056216,0,Premium Customers
14.69930421349434,13.739621149224984,3.6375861597263857,0,Premium Customers
14.890033610140705,14.04025447600824,3.8918202981106265,0,Premium Customers
12.814221693889788,11.378088763658013,3.1354942159291497,2,Low-Value Customers
13.609567145015614,12.443759882862762,2.9444389791664403,1,High-Value Customers
13.347685625633865,11.993474730512947,2.9444389791664403,2,Low-Value Customers
14.420112117911795,13.599657603048323,3.9512437185814275,0,Premium Customers
13.66824584204237,12.387036197319256,3.1780538303479458,1,High-Value Customers
14.131607069385785,12.90063212832166,3.5553480614894135,1,High-Value Customers
12.539509315190706,10.753401488012939,3.1354942159291497,2,Low-Value Customers
14.320245553452663,12.943107779750576,3.58351893845611,0,Premium Customers
13.582036101137547,12.657458376036628,2.9444389791664403,1,High-Value Customers
14.574493839316068,13.489923371645506,4.143134726391533,0,Premium Customers
13.645853885870254,12.053843185644086,3.4339872044851463,1,High-Value Customers
13.980725595693713,12.941044693565143,3.6375861597263857,1,High-Value Customers
14.059713593457863,12.898985823713698,3.258096538021482,1,High-Value Customers
14.234630479982817,13.235971862849336,3.367295829986474,0,Premium Customers
12.50210268900936,11.646570913590118,2.5649493574615367,2,Low-Value Customers
14.665839287765767,13.595266486592502,3.9318256327243257,0,Premium Customers
13.502072468708228,12.113996445770658,3.295836866004329,1,High-Value Customers
13.263996923757317,11.983563892688773,2.70805020110221,2,Low-Value Customers
14.293004533146204,13.343341417691123,3.295836866004329,0,Premium Customers
13.979581132537962,13.000576529678897,3.4657359027997265,1,High-Value Customers
14.350904564165365,13.056476021664896,3.58351893845611,0,Premium Customers
14.584853607361046,13.787616326156348,3.5263605246161616,0,Premium Customers
13.158427807038894,12.080469795919363,3.6109179126442243,2,Low-Value Customers
13.787475646610977,12.910163351680877,3.4657359027997265,1,High-Value Customers
12.993989564427714,11.877923237881307,3.044522437723423,2,Low-Value Customers
14.425736186786102,13.196929293257256,3.332204510175204,0,Premium Customers
14.390290788047754,13.307096773374502,3.4965075614664802,0,Premium Customers
15.11697604325074,13.781838276555881,3.4339872044851463,0,Premium Customers
13.770461663509314,12.470917101010373,2.833213344056216,1,High-Value Customers
13.464510623511778,12.307707554726885,3.258096538021482,1,High-Value Customers
13.420720428979378,12.403785644043097,3.6888794541139363,1,High-Value Customers
13.252783121367601,12.318906297614161,2.833213344056216,2,Low-Value Customers
13.593172619556826,12.419269855583257,2.833213344056216,1,High-Value Customers
12.480833674678802,11.393743313507633,2.995732273553991,2,Low-Value Customers
14.120433221144694,13.127554719042234,2.4849066497880004,1,High-Value Customers
13.226049075337604,11.734632625168473,3.6109179126442243,2,Low-Value Customers
13.84118583879753,13.181530655458076,3.4965075614664802,1,High-Value Customers
12.838429551491519,10.765807091862435,2.772588722239781,2,Low-Value Customers
14.121971984346574,12.819885153117513,3.6109179126442243,1,High-Value Customers
14.342943627513412,13.273984219889918,3.332204510175204,0,Premium Customers
14.721911401718563,13.698531934931285,3.9512437185814275,0,Premium Customers
14.26146912663132,12.737978609381358,3.091042453358316,1,High-Value Customers
14.199624993972963,13.287418269628729,3.5553480614894135,0,Premium Customers
14.362770954290836,13.022211539667438,3.6888794541139363,0,Premium Customers
13.675183509946995,12.175530651113567,3.1354942159291497,1,High-Value Customers
12.501267054588368,11.640942091687853,3.1354942159291497,2,Low-Value Customers
13.949984666092869,12.879362416293406,3.1354942159291497,1,High-Value Customers
12.796959278340692,11.494662405930407,2.639057329615259,2,Low-Value Customers
12.722167860579665,11.325240752130927,2.9444389791664403,2,Low-Value Customers
14.187409313383712,13.283753185684596,3.332204510175204,0,Premium Customers
12.504808857730708,11.118607248778149,3.044522437723423,2,Low-Value Customers
13.035697707923699,12.216837446592612,2.9444389791664403,2,Low-Value Customers
12.2416621102122,11.153186689432045,3.4339872044851463,2,Low-Value Customers
13.640977333221114,12.588534768656297,2.833213344056216,1,High-Value Customers
14.510807541041958,13.64524199512476,3.784189633918261,0,Premium Customers
13.059761411931822,11.810403128580836,3.367295829986474,2,Low-Value Customers
14.391505759334812,13.506974573009616,3.4011973816621555,0,Premium Customers
13.297449051561513,11.881438303726528,3.044522437723423,2,Low-Value Customers
13.091664244232538,11.896551698036205,2.995732273553991,2,Low-Value Customers
13.92665038518258,13.093992523872224,3.1354942159291497,1,High-Value Customers
13.17603645785342,12.113645191675891,2.3978952727983707,2,Low-Value Customers
14.766487190098989,13.914624847504841,3.5553480614894135,0,Premium Customers
13.575171940210184,12.40710603884587,3.295836866004329,1,High-Value Customers
14.139793151843916,13.23192452802851,3.8918202981106265,0,Premium Customers
15.12415781466043,14.450172422385718,3.4965075614664802,0,Premium Customers
13.1995467641902,12.02942973466316,2.995732273553991,2,Low-Value Customers
13.34494155292376,12.265813912597777,3.295836866004329,1,High-Value Customers
13.630303903274992,12.740096126271384,3.1780538303479458,1,High-Value Customers
14.084035124134559,13.219232813663503,3.1780538303479458,0,Premium Customers
13.712671815517451,12.461689117846394,2.833213344056216,1,High-Value Customers
13.352671315103018,12.00881550613939,3.367295829986474,2,Low-Value Customers
14.078557066573373,12.713106911172432,3.044522437723423,1,High-Value Customers
14.025443042158349,12.676628778367686,3.4011973816621555,1,High-Value Customers
13.892717809528868,12.372070229985795,3.4339872044851463,1,High-Value Customers
13.450334884991786,12.146414197442546,3.1354942159291497,1,High-Value Customers
13.914973131907528,12.85271313655691,3.367295829986474,1,High-Value Customers
13.699783786746368,12.095165330339023,2.8903717578961645,1,High-Value Customers
12.694369430058883,11.073997622685003,2.4849066497880004,2,Low-Value Customers
13.341746314464332,12.421006872359717,3.1354942159291497,1,High-Value Customers
13.227507481646894,11.560978309767478,3.091042453358316,2,Low-Value Customers
13.710619843043908,12.780534061221301,2.9444389791664403,1,High-Value Customers
13.637910632703568,12.0268937055392,3.258096538021482,1,High-Value Customers
12.470896267911636,10.719039295250584,2.639057329615259,2,Low-Value Customers
13.468964783200187,12.37152199714388,2.70805020110221,1,High-Value Customers
14.682877140493385,13.622857437897306,3.5263605246161616,0,Premium Customers
12.795866849532084,11.754382221216117,3.1780538303479458,2,Low-Value Customers
14.42633743576569,13.397282665911842,3.6375861597263857,0,Premium Customers
13.306126344866618,12.43848031210746,3.332204510175204,1,High-Value Customers
14.11247041833123,13.32454117116855,3.6109179126442243,0,Premium Customers
13.983136249229254,13.072044239950745,2.8903717578961645,1,High-Value Customers
13.292250816632475,11.863634799995902,3.295836866004329,2,Low-Value Customers
13.852176655093634,12.478921903681456,3.044522437723423,1,High-Value Customers
12.301380961696399,10.40947649841059,2.8903717578961645,2,Low-Value Customers
14.175377785140624,13.430082079183443,3.6109179126442243,0,Premium Customers
14.124220962111949,13.02416170927387,3.58351893845611,1,High-Value Customers
13.104158570912336,11.942763850133753,2.9444389791664403,2,Low-Value Customers
12.887855521296798,10.945999044360804,3.2188758248682006,2,Low-Value Customers
12.969086735494619,12.071454834395292,2.9444389791664403,2,Low-Value Customers
13.507539896956265,12.38401437486749,2.70805020110221,1,High-Value Customers
13.463343481165095,11.887264339057227,2.8903717578961645,2,Low-Value Customers
13.684329931551064,12.42789119942287,3.713572066704308,1,High-Value Customers
14.150526627746125,12.442255020715848,3.4965075614664802,1,High-Value Customers
14.588194893812297,13.789500243586106,3.295836866004329,0,Premium Customers
13.744048025086872,12.398799215272271,3.295836866004329,1,High-Value Customers
13.282090815312342,11.96590284172195,2.833213344056216,2,Low-Value Customers
13.6543962885283,12.829628132487844,3.091042453358316,1,High-Value Customers
13.019010556089867,11.434552054910508,2.3978952727983707,2,Low-Value Customers
14.102412556237292,13.209824689824497,3.1354942159291497,0,Premium Customers
13.92684931825455,12.747623468701885,2.772588722239781,1,High-Value Customers
13.597906733986903,12.584582811408996,3.332204510175204,1,High-Value Customers
12.507378072245913,10.619689175349526,3.1354942159291497,2,Low-Value Customers
14.112728142570575,12.785532264394687,3.4657359027997265,1,High-Value Customers
13.782380436246182,13.014429152596646,3.9512437185814275,1,High-Value Customers
13.27870663463317,11.597265602374057,2.8903717578961645,2,Low-Value Customers
13.02157125517297,11.09502034983561,2.8903717578961645,2,Low-Value Customers
12.576442938582865,11.67401002124641,3.258096538021482,2,Low-Value Customers
13.617048680156215,12.455733874696831,2.8903717578961645,1,High-Value Customers
13.702632825362814,12.881982717035884,3.1354942159291497,1,High-Value Customers
14.28942452561172,12.958389649023166,3.295836866004329,1,High-Value Customers
14.648753503435305,13.748309230703171,3.7612001156935624,0,Premium Customers
13.613158985063263,12.233674485626095,3.295836866004329,1,High-Value Customers
13.748997502048656,12.454321368223113,3.6375861597263857,1,High-Value Customers
14.03547723635724,13.2213660950283,2.70805020110221,1,High-Value Customers
14.46853350571996,13.743096799051226,3.6375861597263857,0,Premium Customers
14.362314723567787,13.616259530962472,2.9444389791664403,0,Premium Customers
12.959592980997282,11.881645326760601,2.8903717578961645,2,Low-Value Customers
14.41138748603187,13.79303373619526,3.6375861597263857,0,Premium Customers
13.626764013067772,12.203199070766097,2.995732273553991,1,High-Value Customers
14.245579513747712,13.417126708458792,3.4657359027997265,0,Premium Customers
14.545611200713065,13.32173888538226,3.912023005428146,0,Premium Customers
13.887253015206683,12.631303909681215,3.5553480614894135,1,High-Value Customers
13.796316158460064,12.756609342972302,3.784189633918261,1,High-Value Customers
13.614732584525825,12.433491723739136,3.367295829986474,1,High-Value Customers
13.320250985487252,11.312632587014942,3.091042453358316,2,Low-Value Customers
14.010584596774237,12.773685769356101,4.02535169073515,1,High-Value Customers
13.724767868277674,12.319543508229492,3.4011973816621555,1,High-Value Customers
13.725859467266746,11.741989614899593,2.9444389791664403,2,Low-Value Customers
14.686415078442616,13.739406641391914,3.367295829986474,0,Premium Customers
13.149718101964794,11.366606834417079,2.3978952727983707,2,Low-Value Customers
13.527515703267893,12.70510238054823,3.4011973816621555,1,High-Value Customers
14.42177763110018,13.306617898152506,3.6635616461296463,0,Premium Customers
13.72599794275747,11.736833603912808,2.302585092994046,2,Low-Value Customers
14.464665144837399,13.283863974577699,3.58351893845611,0,Premium Customers
13.863406531988643,12.907528314808319,3.258096538021482,1,High-Value Customers
14.36972787462573,13.605083964778942,3.1354942159291497,0,Premium Customers
13.956937443986007,12.935238109241538,2.70805020110221,1,High-Value Customers
14.489734905695363,13.758861631960412,3.1354942159291497,0,Premium Customers
14.2734798010965,12.897975076710946,3.5553480614894135,1,High-Value Customers
13.925684208880478,12.505805798635087,3.1780538303479458,1,High-Value Customers
13.044095388984546,11.723036136053967,3.4011973816621555,2,Low-Value Customers
14.57102261932885,13.293116628629674,3.7612001156935624,0,Premium Customers
13.52402002920721,12.352324871678041,3.2188758248682006,1,High-Value Customers
14.032782110790661,12.944118212822575,3.6635616461296463,1,High-Value Customers
13.964334093722071,13.161772265159351,3.1780538303479458,1,High-Value Customers
13.663664901195707,12.921915763724254,2.9444389791664403,1,High-Value Customers
12.27384254949711,11.073660989620548,3.2188758248682006,2,Low-Value Customers
13.856909781056057,12.572510709729958,2.5649493574615367,1,High-Value Customers
13.766510054175015,12.58716028971674,3.7612001156935624,1,High-Value Customers
13.503004640978254,12.162371719193072,3.58351893845611,1,High-Value Customers
13.537829362942947,12.709148134435676,3.4339872044851463,1,High-Value Customers
12.796395896132438,11.707612585408247,3.713572066704308,2,Low-Value Customers
14.198065487335938,12.83655914071483,3.258096538021482,1,High-Value Customers
14.668006052930016,14.040528910739425,3.4965075614664802,0,Premium Customers
13.63375947042179,12.693942715145843,3.4965075614664802,1,High-Value Customers
13.735737203178658,12.684399973974902,3.6635616461296463,1,High-Value Customers
13.090004056568725,11.09760727428013,3.044522437723423,2,Low-Value Customers
13.504221991881327,12.502585053062061,3.4965075614664802,1,High-Value Customers
13.9448502376222,12.434946984467647,3.5553480614894135,1,High-Value Customers
13.751841749183912,12.390311612916992,3.5263605246161616,1,High-Value Customers
14.185054918571579,12.941511180572101,3.5553480614894135,1,High-Value Customers
14.641073967084367,13.318282516626908,2.302585092994046,0,Premium Customers
12.777890061344419,11.023415702069729,2.4849066497880004,2,Low-Value Customers
14.097739099411275,13.203883067648064,3.4657359027997265,0,Premium Customers
12.598008781747584,11.28061401662166,2.995732273553991,2,Low-Value Customers
14.6928603001189,13.503725132940998,3.713572066704308,0,Premium Customers
13.976087130307135,13.05430072313116,3.1354942159291497,1,High-Value Customers
14.435938486267883,13.665470722028141,3.295836866004329,0,Premium Customers
13.881399070578158,12.795562636725839,3.044522437723423,1,High-Value Customers
14.628800680742703,13.546951901804936,2.995732273553991,0,Premium Customers
13.493474155486094,11.55261020506174,3.1354942159291497,2,Low-Value Customers
14.284566625915572,13.010551317439479,3.912023005428146,0,Premium Customers
14.754486206404025,13.809062916525942,3.8066624897703196,0,Premium Customers
13.795844206782084,12.819871214975823,3.367295829986474,1,High-Value Customers
14.223743505402009,13.51471407971615,3.7376696182833684,0,Premium Customers
13.015905993740008,11.39232958948652,2.4849066497880004,2,Low-Value Customers
14.747968269109524,13.877181512183988,3.8066624897703196,0,Premium Customers
14.401119180430866,13.390945333441367,3.7376696182833684,0,Premium Customers
13.872802677865169,12.900736125926265,3.044522437723423,1,High-Value Customers
13.58875118995671,12.68865369018496,3.2188758248682006,1,High-Value Customers
13.197747212441602,11.449308225988563,3.044522437723423,2,Low-Value Customers
13.473400416181423,12.069675149552584,3.091042453358316,2,Low-Value Customers
14.245166761053957,13.360649144520233,3.258096538021482,0,Premium Customers
14.578376968149216,13.700855873909381,3.4011973816621555,0,Premium Customers
12.823014849065475,11.680512922749276,2.833213344056216,2,Low-Value Customers
13.504092864526214,12.150510780057763,2.9444389791664403,1,High-Value Customers
13.846817258924913,12.918212419515076,3.4657359027997265,1,High-Value Customers
14.639027683409994,13.775149238566938,3.091042453358316,0,Premium Customers
14.430060205665663,13.340279336637666,3.367295829986474,0,Premium Customers
12.80686912021953,11.470884811520065,2.302585092994046,2,Low-Value Customers
14.09783804769113,12.857280540966446,2.9444389791664403,1,High-Value Customers
13.476493772723353,12.468829640561228,2.4849066497880004,1,High-Value Customers
13.065154070504645,11.485292054970854,2.8903717578961645,2,Low-Value Customers
13.268719668321664,11.975702356638086,3.091042453358316,2,Low-Value Customers
13.092088029305108,11.864340147963357,3.4011973816621555,2,Low-Value Customers
14.22800118918899,13.129457712990753,3.6375861597263857,0,Premium Customers
14.18365314541134,13.575051021594827,2.9444389791664403,0,Premium Customers
14.415971508151578,13.224618024843,3.332204510175204,0,Premium Customers
14.866164189665,14.092601686339044,3.367295829986474,0,Premium Customers
12.444440713507145,11.19741481124761,2.8903717578961645,2,Low-Value Customers
13.321248006071087,12.151424889115308,2.995732273553991,2,Low-Value Customers
13.266204068623608,12.2370952302881,2.833213344056216,2,Low-Value Customers
14.436788815520357,13.138850435840343,3.6635616461296463,0,Premium Customers
13.020548966877147,11.664907566559055,2.833213344056216,2,Low-Value Customers
14.862481702278364,13.754488077637637,3.8712010109078907,0,Premium Customers
14.677547233560025,13.905333446448878,3.1780538303479458,0,Premium Customers
12.762134095712938,11.388551104179095,3.4965075614664802,2,Low-Value Customers
14.043587925963285,13.212599633875904,3.332204510175204,0,Premium Customers
13.144745302900125,11.778826774404807,2.995732273553991,2,Low-Value Customers
13.512401011659035,11.970041910027721,3.258096538021482,2,Low-Value Customers
14.420179921382076,13.299109822101451,3.4965075614664802,0,Premium Customers
13.911021717570806,12.665324367120878,3.2188758248682006,1,High-Value Customers
13.082857183505297,11.79066287780276,3.044522437723423,2,Low-Value Customers
13.20993754766278,11.25310599975269,2.833213344056216,2,Low-Value Customers
14.51938956096298,13.552349063793617,3.6109179126442243,0,Premium Customers
14.21714569441882,13.455793978653366,2.9444389791664403,0,Premium Customers
13.222835411884478,11.879824365689476,2.8903717578961645,2,Low-Value Customers
13.705044933384631,12.937640507765082,3.7376696182833684,1,High-Value Customers
14.534047244813124,13.164114425021074,3.713572066704308,0,Premium Customers
12.92128259342293,11.219112235328208,2.639057329615259,2,Low-Value Customers
14.911957470563564,14.072673395356532,3.4657359027997265,0,Premium Customers
13.454515395305112,12.626472013694492,3.295836866004329,1,High-Value Customers
14.550526265238576,13.851150492776052,3.6888794541139363,0,Premium Customers
13.73926143055742,12.287156149848464,3.4339872044851463,1,High-Value Customers
13.598677888577711,12.359844039151797,3.1354942159291497,1,High-Value Customers
14.051136463536318,13.0331849996181,3.58351893845611,1,High-Value Customers
14.461400152856173,13.573453633600101,3.7612001156935624,0,Premium Customers
14.038502721819981,13.381888430507681,3.091042453358316,0,Premium Customers
13.526834204712454,12.03295676616621,3.091042453358316,2,Low-Value Customers
12.641264697083164,11.37633201760893,3.1354942159291497,2,Low-Value Customers
14.1628598528955,13.203599692445085,3.784189633918261,0,Premium Customers
13.39751580061942,12.234674971076211,3.258096538021482,1,High-Value Customers
14.190389316484897,13.384191005600638,3.912023005428146,0,Premium Customers
14.085945436467036,12.875751051179813,3.4339872044851463,1,High-Value Customers
14.671312724015959,13.966574470050636,3.6635616461296463,0,Premium Customers
12.959883435381826,11.28064000344281,2.995732273553991,2,Low-Value Customers
13.161965402464368,12.01956684699351,2.9444389791664403,2,Low-Value Customers
13.881910582928018,12.546710657533682,3.4011973816621555,1,High-Value Customers
13.120486857842286,11.970126172967776,2.70805020110221,2,Low-Value Customers
14.309683040711313,13.432641172826361,3.295836866004329,0,Premium Customers
13.616485320215974,12.938513661569898,3.58351893845611,1,High-Value Customers
13.481331068987318,12.334106340973879,3.044522437723423,1,High-Value Customers
13.081351198133433,11.735919645129123,3.332204510175204,2,Low-Value Customers
13.879210192960237,12.402549458950272,2.8903717578961645,1,High-Value Customers
13.193836889556511,11.641442242904736,3.4339872044851463,2,Low-Value Customers
14.03186056532635,12.889398428674678,3.4965075614664802,1,High-Value Customers
14.287566610797027,13.255533327216266,3.6888794541139363,0,Premium Customers
13.14400339409767,11.71448053289611,2.833213344056216,2,Low-Value Customers
12.908755764163764,11.27701944369352,3.4011973816621555,2,Low-Value Customers
12.618281132532154,10.849261938197186,2.70805020110221,2,Low-Value Customers
13.752989999370017,12.645411311588866,3.367295829986474,1,High-Value Customers
12.751029630563599,11.630313756058559,2.302585092994046,2,Low-Value Customers
14.755576287402537,13.556619031555755,3.828641396489095,0,Premium Customers
13.382878533323868,11.462435847547813,3.4657359027997265,2,Low-Value Customers
13.264040666939158,11.958577806180239,3.332204510175204,2,Low-Value Customers
13.865939759130784,12.420696769360523,2.9444389791664403,1,High-Value Customers
14.691361214044598,13.524347594233763,3.4965075614664802,0,Premium Customers
14.412850654283332,13.362100963000795,2.833213344056216,0,Premium Customers
13.154366045340895,11.454433479966456,3.4657359027997265,2,Low-Value Customers
14.506879398214005,13.815401942065781,3.970291913552122,0,Premium Customers
13.329476029743928,11.86661596989789,3.044522437723423,2,Low-Value Customers
14.065307903835155,12.86748268899903,2.995732273553991,1,High-Value Customers
13.832176653837458,12.960600514956992,3.1354942159291497,1,High-Value Customers
14.030600969619458,13.026430305643082,3.5553480614894135,1,High-Value Customers
13.596738973161544,12.476728249338864,3.4965075614664802,1,High-Value Customers
12.996335080312384,11.418200304009005,2.995732273553991,2,Low-Value Customers
13.588394438941306,12.788196249976366,3.58351893845611,1,High-Value Customers
13.094815618259393,11.942912699592124,3.7376696182833684,2,Low-Value Customers
13.734291608789855,12.427233071751038,3.044522437723423,1,High-Value Customers
14.116570175714221,12.414242528933523,3.4965075614664802,1,High-Value Customers
13.935986586480391,12.766987475059874,2.772588722239781,1,High-Value Customers
13.80948031252639,12.189718797352716,3.6375861597263857,1,High-Value Customers
13.873825823504294,12.935109926790973,3.6109179126442243,1,High-Value Customers
14.659571437835488,13.7566969939422,3.7376696182833684,0,Premium Customers
13.34351823257256,12.006814307776713,2.5649493574615367,2,Low-Value Customers
13.38130195011514,11.92305812973473,3.4011973816621555,2,Low-Value Customers
13.310310083339642,12.198289283602998,3.044522437723423,2,Low-Value Customers
14.594370326619245,13.787472139653115,3.912023005428146,0,Premium Customers
13.781667756286916,12.733975716070516,3.4965075614664802,1,High-Value Customers
13.67355699824933,12.688526788209806,2.772588722239781,1,High-Value Customers
14.00336449123599,12.936682721147566,3.367295829986474,1,High-Value Customers
12.932523162203879,11.407966646399101,2.639057329615259,2,Low-Value Customers
13.222773801549856,11.410137082983061,3.1780538303479458,2,Low-Value Customers
14.4862011103814,13.477904610936209,3.4339872044851463,0,Premium Customers
14.584486407287203,13.868833196838708,3.828641396489095,0,Premium Customers
14.017890371143215,12.636771975629417,2.833213344056216,1,High-Value Customers
14.467986013962868,13.410574814717805,3.713572066704308,0,Premium Customers
13.327604740523467,12.326719930859863,3.044522437723423,1,High-Value Customers
14.568927191393277,13.458416869221315,3.091042453358316,0,Premium Customers
13.511717423198002,12.304227638649571,3.091042453358316,1,High-Value Customers
13.394115529739713,11.803819025070753,3.4011973816621555,2,Low-Value Customers
12.84556748818828,11.328898775263069,3.295836866004329,2,Low-Value Customers
13.837642352995037,12.179671584372295,2.5649493574615367,1,High-Value Customers
13.055434075292782,12.193724823991618,3.5553480614894135,2,Low-Value Customers
13.573049455935214,12.713281255782428,3.4339872044851463,1,High-Value Customers
14.201858546162372,13.341501718562029,3.7376696182833684,0,Premium Customers
13.968126094347289,13.080585071597497,3.4011973816621555,1,High-Value Customers
14.364709553298733,13.123466129150058,3.4011973816621555,0,Premium Customers
13.69474696611005,12.757258169867454,3.1780538303479458,1,High-Value Customers
13.183597262993656,12.376841517971334,3.7376696182833684,1,High-Value Customers
14.619953103571676,13.883253165530249,3.8918202981106265,0,Premium Customers
14.751599568105544,13.924656812660746,4.02535169073515,0,Premium Customers
14.495834379575463,13.638485450188401,3.828641396489095,0,Premium Customers
14.926756455461238,13.923734351526754,3.4339872044851463,0,Premium Customers
13.369186798413997,12.271023191148998,2.302585092994046,2,Low-Value Customers
13.147708304020906,11.726272870344166,3.091042453358316,2,Low-Value Customers
13.40391535918429,12.043006095527423,3.1780538303479458,2,Low-Value Customers
13.195790793746756,11.905541577151904,2.70805020110221,2,Low-Value Customers
13.87261434420105,13.242457057021205,3.912023005428146,0,Premium Customers
13.218126799933195,11.941241425628846,2.3978952727983707,2,Low-Value Customers
14.041859414793818,12.672730527751177,3.58351893845611,1,High-Value Customers
13.856111644886242,12.782617833352901,2.833213344056216,1,High-Value Customers
13.908098216887796,12.713736004603405,2.8903717578961645,1,High-Value Customers
13.489044288272277,11.650436615342876,3.044522437723423,2,Low-Value Customers
14.182897923479375,13.282240004092662,3.4657359027997265,0,Premium Customers
13.2301581897563,11.987135484937008,3.912023005428146,2,Low-Value Customers
14.49299895214769,13.393698711989062,3.1780538303479458,0,Premium Customers
13.767254383696853,12.68864335222677,3.4657359027997265,1,High-Value Customers
13.510301175717085,11.842025378390506,3.1780538303479458,2,Low-Value Customers
13.33327013967092,12.265719613127839,3.1780538303479458,1,High-Value Customers
13.130898112715341,12.246615369057915,3.4011973816621555,2,Low-Value Customers
13.64322266716488,12.673282657508357,3.295836866004329,1,High-Value Customers
14.008916620673482,13.208751308425235,2.995732273553991,1,High-Value Customers
13.816539908001701,12.630908751848372,3.258096538021482,1,High-Value Customers
13.48596514342246,12.672554549524861,3.1780538303479458,1,High-Value Customers
13.835386172792877,12.998948525298873,3.332204510175204,1,High-Value Customers
14.31985486328979,13.015365010088336,3.332204510175204,0,Premium Customers
14.106895324475946,13.167163534930765,3.332204510175204,0,Premium Customers
14.19133631485358,12.988189195377814,3.4965075614664802,1,High-Value Customers
12.403293529046195,11.21128320090862,2.772588722239781,2,Low-Value Customers
13.079206784829527,11.663599737661846,2.833213344056216,2,Low-Value Customers
14.242694169323956,13.211543351287043,3.4011973816621555,0,Premium Customers
13.514890090973545,12.074510797792433,3.295836866004329,1,High-Value Customers
14.243661616255324,13.201790560296732,3.6635616461296463,0,Premium Customers
13.207332912920378,11.544272570157082,2.5649493574615367,2,Low-Value Customers
14.132662329173439,12.604945707097277,3.332204510175204,1,High-Value Customers
13.276098902495356,11.399693382996972,3.5553480614894135,2,Low-Value Customers
12.901138933425068,11.7354793224492,3.4657359027997265,2,Low-Value Customers
14.371451705528084,13.298330000983178,3.295836866004329,0,Premium Customers
14.941345890751116,14.213845238219593,3.784189633918261,0,Premium Customers
14.227697146228698,13.339525346672872,3.784189633918261,0,Premium Customers
13.1219672789677,11.319490461966614,3.1780538303479458,2,Low-Value Customers
14.218268518385859,13.056697607827566,3.2188758248682006,1,High-Value Customers
14.10549979187105,12.82385210694209,3.2188758248682006,1,High-Value Customers
13.597862105899043,12.283418890243654,3.5263605246161616,1,High-Value Customers
14.87815818199509,13.632671663374195,3.4965075614664802,0,Premium Customers
13.807159403945946,12.717751365306265,2.70805020110221,1,High-Value Customers
15.025409913539848,13.882683406213275,3.5263605246161616,0,Premium Customers
12.713877742093413,11.912035220540213,3.784189633918261,2,Low-Value Customers
13.791087170379598,12.32151458740819,2.833213344056216,1,High-Value Customers
13.967326334024055,12.77939723695784,3.332204510175204,1,High-Value Customers
14.163496852674738,13.525098174937822,3.784189633918261,0,Premium Customers
13.736060114034602,12.215599421350037,3.367295829986474,1,High-Value Customers
14.097893640535007,12.822052536686279,3.044522437723423,1,High-Value Customers
13.25499064142774,12.09783460487661,2.5649493574615367,2,Low-Value Customers
14.171891151586202,13.377441361283445,3.6888794541139363,0,Premium Customers
13.401757423858344,12.524688036308355,2.995732273553991,1,High-Value Customers
14.00859971881338,12.623091583677803,3.295836866004329,1,High-Value Customers
14.512316218119139,13.687233997351514,3.6635616461296463,0,Premium Customers
13.425342781768363,12.233787223964082,3.367295829986474,1,High-Value Customers
14.077734881871312,13.150988714977048,3.4965075614664802,0,Premium Customers
13.25728540015441,11.84793084056236,2.995732273553991,2,Low-Value Customers
14.375866785991976,13.433976601877246,3.784189633918261,0,Premium Customers
12.996267745150616,11.535563480516007,3.044522437723423,2,Low-Value Customers
14.965270800458507,14.367192775331965,3.044522437723423,0,Premium Customers
14.174322466965846,13.477701794588953,3.8918202981106265,0,Premium Customers
14.137916070498909,13.229530655882769,3.1780538303479458,0,Premium Customers
13.971551048117451,12.82478107231111,3.295836866004329,1,High-Value Customers
14.11147183055928,12.766219663766362,3.58351893845611,1,High-Value Customers
12.046851038590393,11.14688191522921,3.6635616461296463,2,Low-Value Customers
12.507795298584492,10.478396656424229,2.833213344056216,2,Low-Value Customers
13.4596345519325,12.393239279292883,3.332204510175204,1,High-Value Customers
13.32920325517799,12.065247172807053,3.044522437723423,2,Low-Value Customers
13.517773435843168,12.557292105339796,3.58351893845611,1,High-Value Customers
13.829172753691699,12.418473985336474,3.091042453358316,1,High-Value Customers
14.639623025263488,14.002371413203122,3.9889840465642745,0,Premium Customers
13.42395406506797,11.73749032574544,3.1780538303479458,2,Low-Value Customers
13.747579237118726,12.80421670913717,3.58351893845611,1,High-Value Customers
14.084079678589065,12.733274946486054,3.1354942159291497,1,High-Value Customers
13.745210800731183,12.905802363575244,3.332204510175204,1,High-Value Customers
13.949392849016741,12.93657895179498,2.639057329615259,1,High-Value Customers
14.00133024748463,13.170607087533039,3.091042453358316,1,High-Value Customers
13.320627998772167,11.626820061547809,3.091042453358316,2,Low-Value Customers
13.469760604114624,12.413420011430896,3.295836866004329,1,High-Value Customers
13.159830977830026,11.556947422144477,2.70805020110221,2,Low-Value Customers
12.69520937651928,11.395887364280883,3.091042453358316,2,Low-Value Customers
13.051260230852394,11.953407011925234,2.4849066497880004,2,Low-Value Customers
13.318474864544045,11.451625427612061,2.4849066497880004,2,Low-Value Customers
14.381598067630806,13.466446009930758,3.6888794541139363,0,Premium Customers
14.327839265533616,13.526158585338312,2.9444389791664403,0,Premium Customers
13.988339830235821,12.89778845216306,3.4657359027997265,1,High-Value Customers
13.94281209527542,12.950510432974058,3.970291913552122,1,High-Value Customers
13.125104018414525,11.848360735556527,3.091042453358316,2,Low-Value Customers
14.01668747164,12.830522830470443,3.367295829986474,1,High-Value Customers
13.316882819914952,12.411426331383396,2.302585092994046,1,High-Value Customers
14.531765916072258,13.638793104806668,3.4011973816621555,0,Premium Customers
14.378626402121911,13.299766726283615,2.833213344056216,0,Premium Customers
13.643749605174882,12.437515898832228,4.007333185232471,1,High-Value Customers
13.257091488675362,12.140995792851509,2.4849066497880004,2,Low-Value Customers
14.109893881791658,13.082221901278897,2.9444389791664403,1,High-Value Customers
14.265501213167504,13.404088542661935,3.4657359027997265,0,Premium Customers
12.678543229339697,10.979845200177955,2.8903717578961645,2,Low-Value Customers
14.570083150211078,13.301880020770666,3.713572066704308,0,Premium Customers
13.131183763179244,11.580264810135718,3.8066624897703196,2,Low-Value Customers
14.459592512778821,13.708096212418798,3.367295829986474,0,Premium Customers
13.737780233005207,12.609902483980093,3.1780538303479458,1,High-Value Customers
12.575859624783552,11.73964357991273,3.4011973816621555,2,Low-Value Customers
13.048793712644873,11.721169852935027,3.295836866004329,2,Low-Value Customers
14.452431941426756,13.504080262179508,3.4657359027997265,0,Premium Customers
13.385005387912202,11.659924460933055,2.302585092994046,2,Low-Value Customers
13.11053252808415,12.4115014532014,3.828641396489095,1,High-Value Customers
13.673057577491853,12.381061970423671,3.58351893845611,1,High-Value Customers
13.537966811894714,11.905681622062389,2.70805020110221,2,Low-Value Customers
13.466735371470712,12.546111265040995,2.70805020110221,1,High-Value Customers
13.535798890608907,12.344954243994579,3.5553480614894135,1,High-Value Customers
14.551494276887707,13.298308363682967,3.5263605246161616,0,Premium Customers
13.27813097788198,11.860399177111022,3.044522437723423,2,Low-Value Customers
13.699661731768156,12.462107266154678,3.044522437723423,1,High-Value Customers
14.565726445562856,13.95202885409787,3.258096538021482,0,Premium Customers
13.664948982921242,11.66796891758581,3.044522437723423,2,Low-Value Customers
13.241114122456679,12.178224253702412,3.1780538303479458,2,Low-Value Customers
13.7777483358956,12.171991888142935,3.367295829986474,1,High-Value Customers
14.548989022265632,13.713239897118024,3.6888794541139363,0,Premium Customers
13.640954066861951,12.3742656121902,3.332204510175204,1,High-Value Customers
13.865728464329344,13.07330753594581,2.8903717578961645,1,High-Value Customers
13.0170085950634,11.460691412418976,2.995732273553991,2,Low-Value Customers
13.551591287100774,12.643696119069551,3.1354942159291497,1,High-Value Customers
14.366304807434906,13.16386915089445,3.4011973816621555,0,Premium Customers
13.26656650397456,11.5133677671402,3.2188758248682006,2,Low-Value Customers
13.671511946065634,12.593783780416638,2.9444389791664403,1,High-Value Customers
13.838975832317258,13.000253979022531,3.1354942159291497,1,High-Value Customers
13.794126990440391,12.744454115503544,3.4339872044851463,1,High-Value Customers
14.160914226056025,13.032203062254336,3.044522437723423,1,High-Value Customers
14.067729610282779,13.311534753859444,3.9889840465642745,0,Premium Customers
13.114842345214297,11.948727842462286,2.995732273553991,2,Low-Value Customers
14.09328401179292,12.877414023276888,3.295836866004329,1,High-Value Customers
13.960721177129251,12.565653872135155,3.1780538303479458,1,High-Value Customers
13.687898786899197,12.544727997420184,3.5553480614894135,1,High-Value Customers
14.635757786818349,13.578950316534375,2.8903717578961645,0,Premium Customers
13.18627375755265,11.93983394511972,3.044522437723423,2,Low-Value Customers
14.121380108472424,13.198735615600393,2.772588722239781,1,High-Value Customers
13.658470661701298,12.720678335833968,3.4011973816621555,1,High-Value Customers
13.241424191909054,11.938322015606946,2.772588722239781,2,Low-Value Customers
14.069593914777464,13.437653389236505,3.6635616461296463,0,Premium Customers
13.869266088558794,12.44266317955609,2.772588722239781,1,High-Value Customers
14.266920217068405,13.287273819953757,3.4657359027997265,0,Premium Customers
13.851016263630003,12.255063218187912,3.332204510175204,1,High-Value Customers
13.314364881966586,11.624157757953025,3.1780538303479458,2,Low-Value Customers
14.05220073007844,12.55616192651679,3.6635616461296463,1,High-Value Customers
13.553131344385045,12.672379889051877,3.044522437723423,1,High-Value Customers
13.170981145762076,11.143333453764596,3.1354942159291497,2,Low-Value Customers
13.742100147073497,12.490624925286502,3.044522437723423,1,High-Value Customers
13.241183190976257,11.142364266009604,2.772588722239781,2,Low-Value Customers
13.404780946644719,11.748622846179991,3.5263605246161616,2,Low-Value Customers
12.591608954382812,11.777260939172756,3.6109179126442243,2,Low-Value Customers
12.588479885791035,11.598409801627014,3.332204510175204,2,Low-Value Customers
13.36173602561272,11.782765714491864,2.833213344056216,2,Low-Value Customers
14.122147847290835,13.148854995204246,3.58351893845611,0,Premium Customers
14.55867813136623,13.410757611209004,3.6888794541139363,0,Premium Customers
13.93105336172952,13.089888841539848,3.044522437723423,1,High-Value Customers
14.35930774029638,13.31301269527137,3.295836866004329,0,Premium Customers
13.943971343009117,12.303300984490402,2.9444389791664403,1,High-Value Customers
14.819830328168392,14.081787182238495,3.6635616461296463,0,Premium Customers
14.334088524519071,13.226796813456627,3.5263605246161616,0,Premium Customers
13.114278926114704,12.102356665770497,2.3978952727983707,2,Low-Value Customers
13.631833242544786,11.826934642769315,2.5649493574615367,2,Low-Value Customers
12.992265694274689,12.122964857794328,3.4657359027997265,2,Low-Value Customers
13.580573156809505,12.162165741315246,3.4011973816621555,1,High-Value Customers
12.865213562035736,11.847845569085324,3.044522437723423,2,Low-Value Customers
13.373859738023432,12.201391003727048,3.1780538303479458,1,High-Value Customers
13.149426952649803,12.17986192619866,3.1354942159291497,2,Low-Value Customers
14.145174779696447,12.771103033738523,2.772588722239781,1,High-Value Customers
13.47405168873161,12.332127772900712,3.367295829986474,1,High-Value Customers
13.594747683089775,12.536997380320399,2.3978952727983707,1,High-Value Customers
13.49457890057065,12.442142767565807,2.833213344056216,1,High-Value Customers
14.078346403527611,12.627676717122318,3.295836866004329,1,High-Value Customers
14.472835661060316,13.773634643682309,3.6888794541139363,0,Premium Customers
14.855330904016379,13.48829149834986,3.6375861597263857,0,Premium Customers
13.247568172432052,12.297330671893421,2.995732273553991,2,Low-Value Customers
13.915552742336155,12.34422059045974,3.091042453358316,1,High-Value Customers
14.703517039130887,13.645948080822619,3.6888794541139363,0,Premium Customers
14.010722985968583,12.940263875954262,3.6635616461296463,1,High-Value Customers
13.961746023540194,12.743834684628533,3.6888794541139363,1,High-Value Customers
14.015417973111196,12.592850326275492,2.9444389791664403,1,High-Value Customers
13.18524754335067,12.132106678677838,3.4657359027997265,2,Low-Value Customers
13.332826162577316,11.704134081274042,3.4339872044851463,2,Low-Value Customers
14.507970862679008,13.824445581488142,3.258096538021482,0,Premium Customers
14.285316011324467,13.647902749115072,2.639057329615259,0,Premium Customers
14.328375363185799,12.97495900995147,3.4657359027997265,0,Premium Customers
12.786184265817775,11.38406736405901,3.4011973816621555,2,Low-Value Customers
14.164695353647396,13.364291924678053,3.295836866004329,0,Premium Customers
14.472666935191768,13.60320294770997,3.8066624897703196,0,Premium Customers
14.04570326946621,12.761834186818986,3.58351893845611,1,High-Value Customers
13.356615432195154,12.712603429661774,3.828641396489095,1,High-Value Customers
13.866827622069323,13.099853377680628,3.4965075614664802,1,High-Value Customers
13.75251524014238,12.738110373401295,3.295836866004329,1,High-Value Customers
13.33128234938596,11.660186350292772,2.9444389791664403,2,Low-Value Customers
13.936335398194357,12.88965891590288,2.772588722239781,1,High-Value Customers
14.306127570313684,13.548193817205952,3.58351893845611,0,Premium Customers
14.776974815180186,13.902242806834607,3.1354942159291497,0,Premium Customers
12.878769256424613,10.92485696035503,2.772588722239781,2,Low-Value Customers
13.359701215494901,12.116809043275135,3.332204510175204,2,Low-Value Customers
14.698031979073706,13.444399223264128,3.7612001156935624,0,Premium Customers
13.700934655204835,12.330001998266187,3.332204510175204,1,High-Value Customers
14.778356615758998,14.157138708559325,3.6109179126442243,0,Premium Customers
13.922519053956261,12.32780197321221,3.8712010109078907,1,High-Value Customers
12.933338942430225,11.351723080211684,3.044522437723423,2,Low-Value Customers
13.430280527749696,11.950832206258147,3.1354942159291497,2,Low-Value Customers
13.697820669219583,12.569592559120622,3.332204510175204,1,High-Value Customers
13.566862989022143,11.933119435538567,3.044522437723423,2,Low-Value Customers
13.32742536610053,12.310147890581481,2.4849066497880004,2,Low-Value Customers
13.808139095370027,12.570139516733438,3.8501476017100584,1,High-Value Customers
13.96233594753111,13.103248099029747,3.6635616461296463,1,High-Value Customers
14.066493756950369,13.107916278828963,3.5263605246161616,1,High-Value Customers
13.71010481906167,12.735040194860845,3.5263605246161616,1,High-Value Customers
13.787819793153862,12.431890338139274,3.6888794541139363,1,High-Value Customers
14.206414660642967,13.374309188543345,2.8903717578961645,0,Premium Customers
13.558666766606388,12.016417604351732,3.367295829986474,1,High-Value Customers
14.400037030877805,13.279704966575409,2.995732273553991,0,Premium Customers
13.279887776976645,11.874209192132971,2.5649493574615367,2,Low-Value Customers
13.937797869676816,13.025047748029603,2.70805020110221,1,High-Value Customers
13.709215895015586,12.704406774418896,3.044522437723423,1,High-Value Customers
13.315958976018138,12.253726783713986,2.833213344056216,2,Low-Value Customers
14.884655682991895,13.861467034841024,3.713572066704308,0,Premium Customers
13.484636935812476,12.020527277837521,3.7612001156935624,1,High-Value Customers
14.58188501226263,13.553507785150801,3.970291913552122,0,Premium Customers
14.246042068957115,13.511986501304317,3.5263605246161616,0,Premium Customers
13.200752620396702,12.185829121053114,3.5553480614894135,2,Low-Value Customers
14.15131411392554,12.956070063281855,3.044522437723423,1,High-Value Customers
13.94445502797554,12.549071572608815,3.1780538303479458,1,High-Value Customers
13.79153521257627,12.974450389331189,2.8903717578961645,1,High-Value Customers
13.447582549411681,12.144207294953043,3.1780538303479458,1,High-Value Customers
13.043877114508621,12.015785668843261,3.258096538021482,2,Low-Value Customers
13.11500569592932,11.559540026135553,2.4849066497880004,2,Low-Value Customers
14.31669190887657,13.31206903781145,3.8066624897703196,0,Premium Customers
14.080706448054745,13.269834777566741,4.007333185232471,0,Premium Customers
13.272602106950568,12.192471872914545,3.091042453358316,2,Low-Value Customers
14.372718065461749,13.530008467623887,3.1780538303479458,0,Premium Customers
12.33088937554897,10.710203121814775,3.295836866004329,2,Low-Value Customers
13.594947898282186,12.098478748843693,2.8903717578961645,1,High-Value Customers
13.314410751401303,11.683820486857766,3.4339872044851463,2,Low-Value Customers
14.320984257699978,13.442511526730648,3.5553480614894135,0,Premium Customers
12.444633182039961,11.520349538213098,3.4965075614664802,2,Low-Value Customers
12.906895046087705,11.521190515149193,2.9444389791664403,2,Low-Value Customers
13.627369255253234,12.28032966371884,3.4657359027997265,1,High-Value Customers
14.374108685401719,13.40608193048039,3.5553480614894135,0,Premium Customers
13.361833403544342,12.526395247403176,3.295836866004329,1,High-Value Customers
14.582796964118119,13.886709129771457,3.912023005428146,0,Premium Customers
14.385301896084986,13.562110394620891,3.295836866004329,0,Premium Customers
14.578184556769559,13.478935326039228,3.713572066704308,0,Premium Customers
13.907043586031133,12.25092191169468,2.9444389791664403,1,High-Value Customers
14.559913322950758,13.702348567562904,2.302585092994046,0,Premium Customers
14.473411027354624,13.54298003880374,3.6888794541139363,0,Premium Customers
12.968076074911286,11.459246168447418,2.772588722239781,2,Low-Value Customers
13.03322774578258,11.397109144061906,3.6375861597263857,2,Low-Value Customers
14.686182450498364,13.678228288158355,3.6375861597263857,0,Premium Customers
14.282144227769887,12.952265257089419,3.044522437723423,1,High-Value Customers
13.348148013980422,11.982602103260248,3.044522437723423,2,Low-Value Customers
14.770647325116414,13.894553587664712,3.4011973816621555,0,Premium Customers
14.562643823345129,13.839700898095487,3.8501476017100584,0,Premium Customers
12.814321061417326,11.990260590497531,3.6635616461296463,2,Low-Value Customers
13.773687281078098,12.005915923516593,3.1780538303479458,1,High-Value Customers
14.06706717580381,12.596986631021805,3.713572066704308,1,High-Value Customers
13.76519932856143,12.813793083812545,3.044522437723423,1,High-Value Customers
12.792383026817234,11.77062818901332,3.295836866004329,2,Low-Value Customers
13.66581831950025,12.170199738216095,2.9444389791664403,1,High-Value Customers
13.485598444604468,12.22826672474986,3.044522437723423,1,High-Value Customers
13.659233121525908,12.514037928309019,3.044522437723423,1,High-Value Customers
13.717443017131677,12.091632142382712,2.772588722239781,1,High-Value Customers
13.758182374420148,12.658045982840134,2.995732273553991,1,High-Value Customers
14.462449708026426,13.84243689831645,3.828641396489095,0,Premium Customers
13.741500291806396,11.705007318060279,3.091042453358316,2,Low-Value Customers
13.05661326391842,11.218238918365564,2.833213344056216,2,Low-Value Customers
12.697223830583477,11.412402230778747,3.258096538021482,2,Low-Value Customers
13.142693845760059,11.978599359427635,3.6888794541139363,2,Low-Value Customers
13.091832208567578,11.467976528829094,2.8903717578961645,2,Low-Value Customers
13.25316554407758,12.006953739863642,3.091042453358316,2,Low-Value Customers
13.957709632466681,12.821637780170429,2.995732273553991,1,High-Value Customers
14.619538917737374,13.737840238950051,3.828641396489095,0,Premium Customers
13.985613065308135,12.374369058184259,3.2188758248682006,1,High-Value Customers
13.280868477254765,12.342475299635437,2.70805020110221,2,Low-Value Customers
13.727584890411105,12.303207795426738,3.258096538021482,1,High-Value Customers
13.887910435010923,12.579438645550328,3.044522437723423,1,High-Value Customers
13.017605013749924,11.643335641664164,3.332204510175204,2,Low-Value Customers
13.866365750399178,12.984318982200213,3.367295829986474,1,High-Value Customers
14.463557548269588,13.23254436390125,3.4657359027997265,0,Premium Customers
13.76951002166234,12.239389136090974,3.258096538021482,1,High-Value Customers
13.239289726209298,11.706414845495459,3.6635616461296463,2,Low-Value Customers
14.136749838562308,12.967587989154056,2.772588722239781,1,High-Value Customers
12.46424432569363,11.386385120776465,2.833213344056216,2,Low-Value Customers
13.09581761579349,11.9161183936327,3.332204510175204,2,Low-Value Customers
14.306263810816546,12.865426277202616,3.6375861597263857,1,High-Value Customers
14.09438171555687,12.992518939600988,3.044522437723423,1,High-Value Customers
13.470617463229921,12.086325018827942,2.4849066497880004,2,Low-Value Customers
13.412419848738706,12.066599004092305,3.1354942159291497,2,Low-Value Customers
13.837169138384057,12.723647958804596,3.5553480614894135,1,High-Value Customers
14.242953194529395,13.099453048602204,2.639057329615259,1,High-Value Customers
12.452830335407722,11.480885937272108,3.2188758248682006,2,Low-Value Customers
13.73479874065347,12.900545621834413,3.1354942159291497,1,High-Value Customers
13.179948938892618,11.22115692092195,2.3978952727983707,2,Low-Value Customers
14.689652607323378,13.701355326361975,4.04305126783455,0,Premium Customers
13.490487162531947,11.689579072578333,2.9444389791664403,2,Low-Value Customers
14.020632002314775,12.945274466409261,3.295836866004329,1,High-Value Customers
13.587206501619198,12.626083023124373,3.58351893845611,1,High-Value Customers
13.764765755232933,12.28991468045691,3.4657359027997265,1,High-Value Customers
13.319272647567647,11.919498359256645,2.995732273553991,2,Low-Value Customers
14.588297752819967,13.735915076936658,2.833213344056216,0,Premium Customers
14.26794171040356,12.668581540538499,2.772588722239781,1,High-Value Customers
12.549501485918501,10.86295730695625,2.9444389791664403,2,Low-Value Customers
14.103584103780358,12.409368977353987,3.091042453358316,1,High-Value Customers
14.128804198686067,13.201547316441612,3.5553480614894135,0,Premium Customers
15.042969822405196,14.242033231094968,3.044522437723423,0,Premium Customers
14.574340988584556,13.974839029860503,3.6109179126442243,0,Premium Customers
13.234474196413137,12.361085353704212,3.5263605246161616,1,High-Value Customers
13.122776372110273,11.355229825859663,3.044522437723423,2,Low-Value Customers
14.296352261278777,12.888010182134952,3.258096538021482,1,High-Value Customers
13.978589609564372,12.648305364240546,3.4657359027997265,1,High-Value Customers
12.966058816305958,12.153390861320831,3.091042453358316,2,Low-Value Customers
13.907083006600956,12.567346861583287,3.295836866004329,1,High-Value Customers
13.948729848139894,12.945648394362012,3.4339872044851463,1,High-Value Customers
14.36552854832794,13.12494572028504,3.6888794541139363,0,Premium Customers
14.78490025302442,13.923377946788214,3.784189633918261,0,Premium Customers
13.718748943337857,12.388048350857737,2.639057329615259,1,High-Value Customers
13.700771826208863,12.467714071890057,2.5649493574615367,1,High-Value Customers
13.038447995599102,11.334198958232886,2.302585092994046,2,Low-Value Customers
13.918748682943558,13.064255399930321,2.995732273553991,1,High-Value Customers
14.82310468227147,14.16744355864025,3.367295829986474,0,Premium Customers
13.100033899909466,12.021072725120513,3.044522437723423,2,Low-Value Customers
13.520158479408149,12.206111794763832,3.1780538303479458,1,High-Value Customers
13.917191808419286,12.79191483783686,3.5553480614894135,1,High-Value Customers
14.729064716835817,14.06089652649271,3.4011973816621555,0,Premium Customers
14.669079830443811,13.990169800730452,3.4339872044851463,0,Premium Customers
13.462055182790264,12.457992984654469,3.367295829986474,1,High-Value Customers
13.766612518976563,12.455564102096263,3.332204510175204,1,High-Value Customers
14.33266034001874,13.186498535952147,3.258096538021482,0,Premium Customers
13.092303945668748,11.903392190893504,2.639057329615259,2,Low-Value Customers
13.658723744922344,12.633804564560894,3.332204510175204,1,High-Value Customers
14.653609313171918,14.025734967383684,3.713572066704308,0,Premium Customers
13.986016577071132,12.451482610055294,3.091042453358316,1,High-Value Customers
13.508038414137488,12.220239470504378,3.1780538303479458,1,High-Value Customers
13.384121981573568,11.544256191571801,2.772588722239781,2,Low-Value Customers
13.738219008216191,12.561793889841955,3.1780538303479458,1,High-Value Customers
14.256666882231746,13.054306203729894,3.828641396489095,0,Premium Customers
13.777335214221944,12.312359766756433,3.5553480614894135,1,High-Value Customers
13.744966090517492,12.67542281131516,3.6888794541139363,1,High-Value Customers
14.11293583090832,13.206551811972028,3.1780538303479458,0,Premium Customers
13.447956291078526,12.547763775718659,3.332204510175204,1,High-Value Customers
14.79110260823969,13.766377454998054,3.828641396489095,0,Premium Customers
14.534808735934778,13.275243902354866,3.7376696182833684,0,Premium Customers
14.019753272526957,12.373359664600477,3.1780538303479458,1,High-Value Customers
13.241197291805282,11.913993319313256,2.995732273553991,2,Low-Value Customers
12.861162833551266,11.772525990750959,2.5649493574615367,2,Low-Value Customers
14.037681332284329,12.786419341260679,2.995732273553991,1,High-Value Customers
13.862799023720273,12.588645002824546,3.258096538021482,1,High-Value Customers
12.623837105558191,11.195585101328042,2.3978952727983707,2,Low-Value Customers
14.042187132794389,12.891727150975496,3.1780538303479458,1,High-Value Customers
13.819088549312143,13.211792991433754,3.58351893845611,1,High-Value Customers
14.330121000259897,13.529264334188234,3.5263605246161616,0,Premium Customers
12.783531915999587,11.559335560927812,3.6635616461296463,2,Low-Value Customers
14.126354784647392,13.425329383215047,3.713572066704308,0,Premium Customers
13.913742356589964,12.965468415477156,3.9889840465642745,1,High-Value Customers
13.465163493555897,12.02952035447199,2.639057329615259,2,Low-Value Customers
14.009272284095577,13.208202998155679,2.4849066497880004,1,High-Value Customers
13.448457114664176,11.835789166948338,2.8903717578961645,2,Low-Value Customers
12.9161103250969,11.201663560557991,3.091042453358316,2,Low-Value Customers
13.38451648111742,11.835700246887486,3.4011973816621555,2,Low-Value Customers
13.766633100984935,12.924472428198552,3.1354942159291497,1,High-Value Customers
13.913904215325346,13.006866506480755,3.5263605246161616,1,High-Value Customers
13.056814959826301,12.000574187375001,2.639057329615259,2,Low-Value Customers
13.00478186644048,10.950522295894906,2.995732273553991,2,Low-Value Customers
13.66785733719173,12.743154264045588,3.091042453358316,1,High-Value Customers
13.396524522704226,12.381543749796379,2.302585092994046,1,High-Value Customers
14.769825849423647,14.096110423186245,3.58351893845611,0,Premium Customers
13.812582736073653,12.642925529536592,3.2188758248682006,1,High-Value Customers
12.833173822605112,10.726223582851983,3.258096538021482,2,Low-Value Customers
12.905692334144124,11.992138308926236,3.044522437723423,2,Low-Value Customers
14.732312519138459,13.346736620337794,3.4339872044851463,0,Premium Customers
13.176235141679394,11.761807169911119,2.9444389791664403,2,Low-Value Customers
13.236143764250258,12.255899795653296,3.6888794541139363,1,High-Value Customers
14.016003518541607,13.15899815374937,3.1354942159291497,1,High-Value Customers
12.7573376338229,11.491639313796467,3.5553480614894135,2,Low-Value Customers
13.181172139780772,11.85882760001344,2.833213344056216,2,Low-Value Customers
13.876163838193582,12.330053545792964,3.044522437723423,1,High-Value Customers
13.284609888799661,11.67039047490399,3.332204510175204,2,Low-Value Customers
13.778195905522583,12.173855450391319,3.58351893845611,1,High-Value Customers
13.627951175680858,12.737730865991711,3.295836866004329,1,High-Value Customers
13.220251014528081,12.006137190823395,2.833213344056216,2,Low-Value Customers
12.982962219938466,11.303448474329803,2.5649493574615367,2,Low-Value Customers
12.933648088196172,11.81594949541502,2.5649493574615367,2,Low-Value Customers
14.577098496958138,13.374026247194664,3.295836866004329,0,Premium Customers
13.723560617227811,12.794791375924266,2.302585092994046,1,High-Value Customers
14.67131469574573,13.456389725276868,3.8918202981106265,0,Premium Customers
13.998208902098296,12.985433370312478,3.58351893845611,1,High-Value Customers
14.18538171067535,13.083354280258801,3.5553480614894135,0,Premium Customers
13.083817769116468,11.258668497378034,2.8903717578961645,2,Low-Value Customers
14.599464159798373,13.369694937920471,3.5263605246161616,0,Premium Customers
14.234268036448023,13.626155830305514,3.6375861597263857,0,Premium Customers
14.816269959552761,13.774352402781687,3.4011973816621555,0,Premium Customers
13.098767839307607,11.582033436499582,3.367295829986474,2,Low-Value Customers
13.305050733952061,12.120563013084801,3.1780538303479458,2,Low-Value Customers
13.628117185228291,12.298961760557305,3.044522437723423,1,High-Value Customers
12.922284724428211,11.408605740834284,3.58351893845611,2,Low-Value Customers
13.557747973508171,11.986999050695486,3.044522437723423,2,Low-Value Customers
14.288832139214424,13.153282225238225,3.4657359027997265,0,Premium Customers
14.725873229558239,13.882563116260483,3.091042453358316,0,Premium Customers
13.920199276016612,13.221435852708966,3.912023005428146,0,Premium Customers
13.650071781624249,12.724372358574401,2.639057329615259,1,High-Value Customers
13.573720906068969,12.564891958664985,3.4657359027997265,1,High-Value Customers
13.556835575718388,12.49161054588705,3.1780538303479458,1,High-Value Customers
14.13547854565378,12.84148901316695,3.091042453358316,1,High-Value Customers
13.057611734891344,11.096106292736186,2.639057329615259,2,Low-Value Customers
12.790988972729354,11.134294090250611,2.8903717578961645,2,Low-Value Customers
14.520422397735368,13.85750147862409,3.9512437185814275,0,Premium Customers
13.626946304020905,11.824871887589412,3.4965075614664802,2,Low-Value Customers
13.153711044691715,12.199597929723431,2.639057329615259,2,Low-Value Customers
13.848400204836937,12.878817073254625,3.1780538303479458,1,High-Value Customers
14.024560491172936,12.381536072352882,3.295836866004329,1,High-Value Customers
14.305176626984299,13.159768212078552,2.9444389791664403,0,Premium Customers
13.821090958525522,12.598338356949215,3.295836866004329,1,High-Value Customers
13.819591419908877,12.61598806960921,3.2188758248682006,1,High-Value Customers
12.47881186507972,11.8303824813518,3.5263605246161616,2,Low-Value Customers
14.866100124404038,14.15995319637503,3.6635616461296463,0,Premium Customers
13.337509949950382,12.443685765886665,2.302585092994046,1,High-Value Customers
14.09145655632209,13.256903308782627,3.044522437723423,0,Premium Customers
14.143165522150548,13.220294954705649,3.4339872044851463,0,Premium Customers
13.571616942927703,11.930905928273802,3.5263605246161616,2,Low-Value Customers
14.210369842630937,13.011699870152984,2.8903717578961645,1,High-Value Customers
14.06284911515634,13.242831001880889,3.8712010109078907,0,Premium Customers
13.393098294616372,11.988685680732093,2.639057329615259,2,Low-Value Customers
14.10961173630191,13.364292992430176,3.258096538021482,0,Premium Customers
12.543180858447013,11.47162345942978,2.8903717578961645,2,Low-Value Customers
13.981948349681026,13.32684228695114,2.302585092994046,1,High-Value Customers
14.946542704252494,13.824616998188421,3.6375861597263857,0,Premium Customers
13.194557817064815,11.74900601132542,3.1780538303479458,2,Low-Value Customers
14.027478032946169,12.914803935586006,3.367295829986474,1,High-Value Customers
13.879309364955782,12.806565082492266,2.995732273553991,1,High-Value Customers
14.699796054879203,14.088456111842937,3.7612001156935624,0,Premium Customers
13.117727448070482,12.307013308011443,3.784189633918261,1,High-Value Customers
13.564092575750417,12.648431691435281,2.9444389791664403,1,High-Value Customers
12.688633322762207,11.510424941265004,3.6375861597263857,2,Low-Value Customers
14.228577684040184,13.556986948729387,3.8066624897703196,0,Premium Customers
14.44031472012272,13.755660484857527,3.5263605246161616,0,Premium Customers
13.594868051428508,12.101816242338009,2.70805020110221,2,Low-Value Customers
14.518675705703862,13.699051693955512,3.9889840465642745,0,Premium Customers
13.006917306417584,10.963200649690668,2.70805020110221,2,Low-Value Customers
14.622479668237625,13.943985985711933,2.833213344056216,0,Premium Customers
13.375345132700481,12.548308348567616,3.713572066704308,1,High-Value Customers
13.321188350568564,11.899666635786904,2.995732273553991,2,Low-Value Customers
13.440266731638744,12.099902691254169,3.332204510175204,2,Low-Value Customers
14.386343472331108,13.313860327901509,3.58351893845611,0,Premium Customers
14.235512348008784,13.403467729004811,3.1780538303479458,0,Premium Customers
14.43279626064678,13.58303128913342,3.6109179126442243,0,Premium Customers
13.90976301494062,12.855109462054354,2.833213344056216,1,High-Value Customers
14.301292877604805,13.406267778432003,4.110873864173311,0,Premium Customers
14.49355344584817,13.320003536335042,2.70805020110221,0,Premium Customers
14.17644281566862,12.887240282025735,3.713572066704308,1,High-Value Customers
13.705942581120286,12.194881659382402,2.639057329615259,1,High-Value Customers
12.778302455408673,12.025705018571411,3.58351893845611,2,Low-Value Customers
13.20789407539632,11.585147237939607,2.70805020110221,2,Low-Value Customers
14.897439690123946,13.969849357238816,3.6635616461296463,0,Premium Customers
15.060684033263486,13.92431732048587,3.6635616461296463,0,Premium Customers
13.384310431774866,12.233332107284179,3.044522437723423,1,High-Value Customers
13.227179883115573,11.56563754740186,3.295836866004329,2,Low-Value Customers
14.0871712075974,12.704274412655746,3.1780538303479458,1,High-Value Customers
14.178496883169297,13.223267753202245,3.5553480614894135,0,Premium Customers
14.21402081036723,12.903782252376862,3.6888794541139363,1,High-Value Customers
14.096885929922275,13.075345729399556,3.4657359027997265,1,High-Value Customers
14.484463709120591,13.868059999568459,3.4657359027997265,0,Premium Customers
14.193597165378444,12.834941617734902,3.4657359027997265,1,High-Value Customers
14.070109604863344,13.140241290881555,4.04305126783455,0,Premium Customers
13.332166677933877,12.007425955941068,3.4965075614664802,2,Low-Value Customers
14.695776499479061,13.859010965531715,3.5553480614894135,0,Premium Customers
12.72021462410751,11.420782324797386,3.332204510175204,2,Low-Value Customers
13.278788907795889,11.844950039676325,3.2188758248682006,2,Low-Value Customers
13.668727196014618,12.598318293667463,3.367295829986474,1,High-Value Customers
14.4908621165448,13.855550262575553,3.4011973816621555,0,Premium Customers
13.205062811314896,12.117586399637723,3.295836866004329,2,Low-Value Customers
13.493326546743994,12.619992312917407,3.6109179126442243,1,High-Value Customers
13.966054237523323,12.91149806407559,3.332204510175204,1,High-Value Customers
14.235994805350975,13.06654882488401,3.332204510175204,0,Premium Customers
14.4743410075701,13.682300782186937,3.6375861597263857,0,Premium Customers
13.963934080317742,13.223560648774793,3.4011973816621555,1,High-Value Customers
13.492120669039535,12.659682407923786,3.5263605246161616,1,High-Value Customers
13.186772077615528,11.707351219498646,2.833213344056216,2,Low-Value Customers
13.081746674310347,11.290875315674107,2.833213344056216,2,Low-Value Customers
13.074584636573825,11.688479255342674,3.295836866004329,2,Low-Value Customers
14.815340002436054,14.152861379944884,3.4965075614664802,0,Premium Customers
13.740696253339571,12.888723633281417,2.9444389791664403,1,High-Value Customers
14.076986304739881,12.544965022675957,3.091042453358316,1,High-Value Customers
13.27090003089133,11.679224849534288,3.044522437723423,2,Low-Value Customers
14.358163021679209,13.307346505738913,3.6375861597263857,0,Premium Customers
14.043594875566226,13.201807056465277,3.4657359027997265,0,Premium Customers
13.918448670972491,12.949305531635673,3.044522437723423,1,High-Value Customers
13.645263502098746,12.284042390716236,3.044522437723423,1,High-Value Customers
14.132418738971678,13.319783196306792,3.4965075614664802,0,Premium Customers
13.551791804590712,12.037405560681368,2.772588722239781,2,Low-Value Customers
13.149857019543724,12.065056224125126,2.995732273553991,2,Low-Value Customers
13.405007651432213,12.448344910837486,2.833213344056216,1,High-Value Customers
14.877166091191757,13.918417292562232,2.995732273553991,0,Premium Customers
14.007432384347101,12.688938728853474,3.7612001156935624,1,High-Value Customers
14.304159208464272,13.101540294019895,2.833213344056216,1,High-Value Customers
13.111506453720041,11.479298358389666,2.4849066497880004,2,Low-Value Customers
14.719912954787684,13.500904876098417,3.6375861597263857,0,Premium Customers
14.907113323894388,13.928416761181143,3.828641396489095,0,Premium Customers
14.066549610554997,13.153731977865872,3.9512437185814275,0,Premium Customers
13.594078254130544,12.319069177466067,3.258096538021482,1,High-Value Customers
13.688164385935265,12.534650301794452,3.332204510175204,1,High-Value Customers
13.805135563354215,12.717936709930006,3.367295829986474,1,High-Value Customers
13.848422334640913,12.65558876925417,3.332204510175204,1,High-Value Customers
14.179912760591023,13.504385882334725,3.6375861597263857,0,Premium Customers
13.356593263579699,12.2431456212534,3.2188758248682006,1,High-Value Customers
14.035897657754175,12.588064670452932,3.1780538303479458,1,High-Value Customers
13.793349740923041,12.157288568842214,3.58351893845611,1,High-Value Customers
13.715127666687051,12.362413396827774,3.367295829986474,1,High-Value Customers
14.078769337618352,12.740596006674464,3.2188758248682006,1,High-Value Customers
14.280399718081501,13.199700736612817,3.4965075614664802,0,Premium Customers
13.648885692991337,12.227672431478707,3.6375861597263857,1,High-Value Customers
13.501539429951562,12.666322454300811,2.8903717578961645,1,High-Value Customers
12.982609694995057,12.11655846641533,3.2188758248682006,2,Low-Value Customers
14.936988226621947,14.33022720586789,3.4657359027997265,0,Premium Customers
13.235241354014567,11.764533316864881,3.4965075614664802,2,Low-Value Customers
13.504130561388816,12.320892985623948,3.332204510175204,1,High-Value Customers
12.998903586921465,11.32397003260071,3.713572066704308,2,Low-Value Customers
13.853317387439551,12.638847880636416,3.332204510175204,1,High-Value Customers
13.311854868675852,12.308817167458178,4.127134385045092,1,High-Value Customers
14.758681217777776,14.120159431732427,2.995732273553991,0,Premium Customers
14.407519479913836,13.455207139065037,3.713572066704308,0,Premium Customers
13.294397701600095,11.606932978491317,2.4849066497880004,2,Low-Value Customers
13.405233053831205,12.606002696768115,2.5649493574615367,1,High-Value Customers
13.253211553420714,11.279880556603615,2.70805020110221,2,Low-Value Customers
13.626975018307451,12.480720844895176,2.772588722239781,1,High-Value Customers
13.998002675211968,12.710976852259087,3.1780538303479458,1,High-Value Customers
14.339186088904428,13.474672784237168,3.6888794541139363,0,Premium Customers
14.420834230026871,13.051433939124625,3.713572066704308,0,Premium Customers
13.56867359656556,12.566515073579671,2.4849066497880004,1,High-Value Customers
12.731739727968831,11.666998170328986,2.772588722239781,2,Low-Value Customers
13.707986481273077,12.637602984732371,3.5553480614894135,1,High-Value Customers
14.494025522882986,13.714211594137874,2.995732273553991,0,Premium Customers
14.505456645488467,13.669368868712267,3.58351893845611,0,Premium Customers
13.569090255317422,11.731543029440655,2.70805020110221,2,Low-Value Customers
12.774050488116924,11.55864558804908,2.772588722239781,2,Low-Value Customers
14.369756083245978,13.652735442712554,3.9318256327243257,0,Premium Customers
13.143483881017946,12.436226844723809,3.784189633918261,1,High-Value Customers
13.360078123352885,12.208751105252176,2.995732273553991,2,Low-Value Customers
14.46523201348771,13.507222186558742,4.04305126783455,0,Premium Customers
13.24092756565934,12.097078759391037,3.044522437723423,2,Low-Value Customers
14.481633326401198,13.80906129611039,3.2188758248682006,0,Premium Customers
14.20148774405136,12.930135959168426,3.4011973816621555,1,High-Value Customers
14.366982866164605,13.368245367789141,3.295836866004329,0,Premium Customers
13.084498776315284,12.012577819598768,3.091042453358316,2,Low-Value Customers
13.968944875551076,13.150208342934329,3.1354942159291497,1,High-Value Customers
13.07888926495965,12.18198305733404,3.4011973816621555,2,Low-Value Customers
12.76046662351585,11.520489584748281,3.1780538303479458,2,Low-Value Customers
12.76366805100964,11.436484064797346,2.772588722239781,2,Low-Value Customers
12.167183573377937,10.705793351820127,3.2188758248682006,2,Low-Value Customers
14.08231446798927,13.015137166864102,3.4965075614664802,1,High-Value Customers
13.80725271564402,12.184255216884225,3.044522437723423,1,High-Value Customers
14.171923262521265,12.732069482248733,3.4011973816621555,1,High-Value Customers
13.654559093468766,12.22221928411116,3.5553480614894135,1,High-Value Customers
14.09489367666385,12.977394551709475,2.5649493574615367,1,High-Value Customers
14.242373053741781,13.108007077107299,3.367295829986474,0,Premium Customers
14.223294302622646,13.449392049316147,3.091042453358316,0,Premium Customers
14.14504035149891,13.143397814338856,3.1354942159291497,1,High-Value Customers
14.122247559137662,12.814437998171426,3.7612001156935624,1,High-Value Customers
12.75219442605795,11.309816989424155,2.5649493574615367,2,Low-Value Customers
13.36773487920595,12.210390559905923,3.044522437723423,2,Low-Value Customers
14.14346079239938,12.813417327203735,2.833213344056216,1,High-Value Customers
14.461642946698248,13.08707419444801,3.4657359027997265,0,Premium Customers
12.603470164647222,11.60165979848411,2.8903717578961645,2,Low-Value Customers
13.358414103598621,12.439971668830957,3.5263605246161616,1,High-Value Customers
14.203500073529481,13.444439383791748,2.8903717578961645,0,Premium Customers
13.945202673738237,12.8798743532829,2.772588722239781,1,High-Value Customers
14.555291779930654,13.453875805915642,3.9318256327243257,0,Premium Customers
12.781614621495855,11.923110682481077,3.4657359027997265,2,Low-Value Customers
13.774242338900654,12.726035279394647,3.4965075614664802,1,High-Value Customers
13.416727912385614,12.001511062595402,3.258096538021482,2,Low-Value Customers
12.263991728321459,10.79030683635325,3.2188758248682006,2,Low-Value Customers
12.83373859407358,11.717270057944022,3.58351893845611,2,Low-Value Customers
13.152163800938535,12.309338323546973,3.2188758248682006,2,Low-Value Customers
13.856149015642673,12.289188503160474,3.4339872044851463,1,High-Value Customers
14.628484165034774,13.895201452989767,3.713572066704308,0,Premium Customers
14.516220816214092,13.823668828590733,3.295836866004329,0,Premium Customers
14.947327225450646,13.999311644713801,3.8066624897703196,0,Premium Customers
14.174624071174613,13.35747548297419,3.58351893845611,0,Premium Customers
14.353473719152172,13.268163315210932,3.295836866004329,0,Premium Customers
13.157264350825011,12.154175695294878,3.295836866004329,2,Low-Value Customers
14.186888400601294,12.918535006171833,3.6888794541139363,1,High-Value Customers
14.700162904922973,14.003922878341719,3.6635616461296463,0,Premium Customers
12.971466601219278,11.046312720172192,2.995732273553991,2,Low-Value Customers
14.231342603202465,13.22490240239829,3.367295829986474,0,Premium Customers
14.458462015269257,13.766299147583114,3.713572066704308,0,Premium Customers
12.989512621665389,11.749094771583941,3.044522437723423,2,Low-Value Customers
14.685868637291108,13.642564834358033,3.091042453358316,0,Premium Customers
13.827743213026045,12.14924882276721,3.1780538303479458,1,High-Value Customers
14.75396983770462,14.062648526968,3.8066624897703196,0,Premium Customers
13.579116733220642,11.67880204125782,3.258096538021482,2,Low-Value Customers
13.66024753471239,12.003649315100235,3.4657359027997265,1,High-Value Customers
14.754425888488079,13.97887475412351,3.4339872044851463,0,Premium Customers
13.409165332666575,12.189275306826989,3.2188758248682006,1,High-Value Customers
14.667221475048287,13.851513522790576,3.5553480614894135,0,Premium Customers
13.68329522466793,12.508962060464082,3.295836866004329,1,High-Value Customers
13.588041665835739,12.287243332180777,2.4849066497880004,1,High-Value Customers
13.916348820632567,12.851271300143853,3.8066624897703196,1,High-Value Customers
13.837888865346766,12.181076375590575,2.9444389791664403,1,High-Value Customers
14.732184224509588,14.07295494736207,3.6375861597263857,0,Premium Customers
13.22345700081105,11.925510698054127,2.5649493574615367,2,Low-Value Customers
14.037472955991502,12.635282795474092,3.4011973816621555,1,High-Value Customers
14.086076328714196,13.210982659354997,3.1354942159291497,1,High-Value Customers
13.824273421681092,12.363143058784381,2.5649493574615367,1,High-Value Customers
13.9045841396474,12.26038728355882,3.4339872044851463,1,High-Value Customers
13.623896584084418,12.323587467442689,3.5553480614894135,1,High-Value Customers
13.985436201905697,13.245185694526748,3.58351893845611,0,Premium Customers
13.02629271050298,11.560194663533858,3.332204510175204,2,Low-Value Customers
14.772855478839459,13.407342675650305,3.6375861597263857,0,Premium Customers
14.439852035234495,13.73836815118239,3.4011973816621555,0,Premium Customers
12.74174699652928,11.383697485082356,2.3978952727983707,2,Low-Value Customers
13.965202598529894,12.87695052054302,3.6109179126442243,1,High-Value Customers
14.686877030021988,13.521371081282325,3.8501476017100584,0,Premium Customers
13.297597678830163,11.760772087356704,3.1354942159291497,2,Low-Value Customers
13.995770633030803,13.174649765511035,3.367295829986474,1,High-Value Customers
13.119882081534305,11.55219617687355,3.367295829986474,2,Low-Value Customers
13.828541209063006,12.769930878698007,3.58351893845611,1,High-Value Customers
14.646257052799724,13.95378502938544,3.8066624897703196,0,Premium Customers
13.51250039492906,12.470991183523326,3.4657359027997265,1,High-Value Customers
13.784866642700484,12.118991702484518,3.2188758248682006,1,High-Value Customers
13.085529191827343,12.097475954656975,3.332204510175204,2,Low-Value Customers
13.477449537894783,12.317433279422389,2.995732273553991,1,High-Value Customers
13.861674295139533,12.70702461480329,3.044522437723423,1,High-Value Customers
13.747699231035698,12.533773345889651,3.7376696182833684,1,High-Value Customers
14.690851262122274,13.949455527554052,3.9512437185814275,0,Premium Customers
14.183334503172572,13.193510085053331,2.833213344056216,1,High-Value Customers
12.841116236300314,11.454256192711227,2.302585092994046,2,Low-Value Customers
14.518607539674276,13.40905361314866,3.5263605246161616,0,Premium Customers
14.641146285073745,13.43925510377383,3.6375861597263857,0,Premium Customers
13.201440917915392,12.11529768604961,3.044522437723423,2,Low-Value Customers
13.784128894219748,12.601563542833379,3.828641396489095,1,High-Value Customers
14.151027416928985,12.923993728059346,3.4965075614664802,1,High-Value Customers
14.331597411158484,13.615537363636085,3.258096538021482,0,Premium Customers
13.815019817570903,12.539492764890799,3.713572066704308,1,High-Value Customers
14.192992593183739,13.387228880395842,3.828641396489095,0,Premium Customers
14.972696277566971,14.184802093932566,3.6888794541139363,0,Premium Customers
12.934217717399152,11.27629145017126,3.4657359027997265,2,Low-Value Customers
14.03095830842156,12.933639561818584,3.2188758248682006,1,High-Value Customers
13.888102866365491,12.872157137712703,2.8903717578961645,1,High-Value Customers
13.851238051925575,13.13700458983908,3.7612001156935624,1,High-Value Customers
13.791054009758513,12.937159358304559,3.1354942159291497,1,High-Value Customers
14.868591419008695,13.898485893585496,3.091042453358316,0,Premium Customers
12.478466750256517,11.525971790361737,3.044522437723423,2,Low-Value Customers
13.76027926720571,12.790342857173473,3.2188758248682006,1,High-Value Customers
13.670293438128427,12.293395282406753,3.2188758248682006,1,High-Value Customers
14.489990036157032,13.727099714905929,3.7612001156935624,0,Premium Customers
14.002396283077395,12.328918266868998,2.8903717578961645,1,High-Value Customers
14.157289922549987,12.640643702548228,2.639057329615259,1,High-Value Customers
14.168733830734055,13.360590359672365,3.7376696182833684,0,Premium Customers
13.978608315908538,13.179711767642063,3.044522437723423,1,High-Value Customers
13.399666423626208,12.375158622194245,2.9444389791664403,1,High-Value Customers
14.157852810851292,12.628389626508776,3.258096538021482,1,High-Value Customers
13.490735667849584,11.915906623962865,2.9444389791664403,2,Low-Value Customers
13.983667890748443,12.71833665432425,3.044522437723423,1,High-Value Customers
14.299249783018679,13.691206847592264,3.367295829986474,0,Premium Customers
12.731238416139188,10.888015270287674,3.367295829986474,2,Low-Value Customers
13.568921150598166,11.935651148567528,3.1780538303479458,2,Low-Value Customers
13.78846359431318,12.946274986009763,2.8903717578961645,1,High-Value Customers
14.100523373617726,12.897849437536502,3.2188758248682006,1,High-Value Customers
14.737807921850552,13.541106580143412,3.8066624897703196,0,Premium Customers
14.82887658726929,13.524011958496272,3.091042453358316,0,Premium Customers
14.824113478336239,13.85553003855635,3.5263605246161616,0,Premium Customers
13.86203532949695,12.993060631437801,3.58351893845611,1,High-Value Customers
14.224609648486117,13.17508883575531,2.639057329615259,1,High-Value Customers
13.850396775364173,12.570509036363518,3.4965075614664802,1,High-Value Customers
13.374456955402579,12.403526627457694,2.995732273553991,1,High-Value Customers
14.42933741486851,13.22120161718859,2.70805020110221,0,Premium Customers
14.294266845694324,13.557603808001158,3.828641396489095,0,Premium Customers
13.731643374631318,12.537480257133776,3.1354942159291497,1,High-Value Customers
13.612345709130373,12.388599514579457,3.258096538021482,1,High-Value Customers
14.209210412776791,13.453477197606048,3.970291913552122,0,Premium Customers
13.942227222989503,12.860109204876498,3.044522437723423,1,High-Value Customers
13.409772642647606,12.358718922882712,2.995732273553991,1,High-Value Customers
14.276132933026993,13.159836853489079,3.8712010109078907,0,Premium Customers
13.85013894443154,12.649439969751162,3.4657359027997265,1,High-Value Customers
13.57617226435253,12.750730635578591,3.5553480614894135,1,High-Value Customers
14.922092385328243,14.068473211619601,3.4657359027997265,0,Premium Customers
13.623243108347303,12.679533946383781,3.5553480614894135,1,High-Value Customers
14.507328931050491,13.459283428027597,3.5263605246161616,0,Premium Customers
13.232477078755807,11.905419139954587,3.091042453358316,2,Low-Value Customers
13.168795296431556,11.90107688579965,3.258096538021482,2,Low-Value Customers
13.801543744533193,12.599757673481108,2.9444389791664403,1,High-Value Customers
14.090131531913388,12.884057684565713,3.7376696182833684,1,High-Value Customers
13.95653005710944,12.967169670480045,3.1780538303479458,1,High-Value Customers
13.936229856356675,12.37348917219561,2.4849066497880004,1,High-Value Customers
12.687129184446782,11.432008099895405,3.1354942159291497,2,Low-Value Customers
13.948703283247486,12.88714231063315,3.5263605246161616,1,High-Value Customers
13.793417401608146,13.189021937171056,3.332204510175204,1,High-Value Customers
14.855690190702468,14.069150025689412,3.367295829986474,0,Premium Customers
14.099155188405012,13.00369553292004,3.332204510175204,1,High-Value Customers
13.579127271884962,12.216144602649933,3.4339872044851463,1,High-Value Customers
13.72121435091578,12.343397402990163,3.1354942159291497,1,High-Value Customers
14.024926872406914,12.508910425344567,3.4011973816621555,1,High-Value Customers
13.865934139761448,12.805770506311312,3.044522437723423,1,High-Value Customers
14.451251556345172,13.380280691907144,3.4339872044851463,0,Premium Customers
14.808677401442221,14.102000595224325,3.367295829986474,0,Premium Customers
13.912708255286097,12.673956185223435,3.1780538303479458,1,High-Value Customers
14.366741128017994,13.71139051704387,3.9318256327243257,0,Premium Customers
14.133349889468924,13.423130061734568,3.713572066704308,0,Premium Customers
13.05326612904173,11.97157361410281,3.1354942159291497,2,Low-Value Customers
14.367054542080686,13.329135273540423,3.5553480614894135,0,Premium Customers
13.724677571555091,12.88468257036335,3.1354942159291497,1,High-Value Customers
14.733803699677019,13.3633222807298,3.713572066704308,0,Premium Customers
12.839736479333979,11.922675380167238,4.04305126783455,2,Low-Value Customers
13.788870121846736,12.636446245364157,3.091042453358316,1,High-Value Customers
13.675279814719158,12.16266883139679,3.6375861597263857,1,High-Value Customers
13.187886326333821,12.309728268684347,3.367295829986474,1,High-Value Customers
13.162691803739845,12.341330153809546,3.332204510175204,1,High-Value Customers
13.342610530203135,12.290631601124575,3.258096538021482,1,High-Value Customers
13.971589007021258,13.05732738855021,3.044522437723423,1,High-Value Customers
13.710780576811112,12.516227050500543,3.367295829986474,1,High-Value Customers
14.160623491722156,13.278915502880006,3.6635616461296463,0,Premium Customers
13.99132627258686,13.011551787153936,3.58351893845611,1,High-Value Customers
14.608176911711679,13.365709601476057,3.4657359027997265,0,Premium Customers
14.170153369519921,13.34219798820821,3.6375861597263857,0,Premium Customers
14.782105883822776,13.643007149030275,3.4011973816621555,0,Premium Customers
13.722300349675518,12.954642257595403,3.7376696182833684,1,High-Value Customers
13.299693882931084,11.397473198459897,3.2188758248682006,2,Low-Value Customers
12.727989206835879,11.458880915665164,2.833213344056216,2,Low-Value Customers
14.232264427560255,13.320568995239459,3.6375861597263857,0,Premium Customers
13.934143632235445,12.809094824981736,3.258096538021482,1,High-Value Customers
14.753552793311743,13.831985792880118,3.4657359027997265,0,Premium Customers
13.568721402317703,12.259358071804682,3.5553480614894135,1,High-Value Customers
14.4384108006675,13.029263085996941,3.1354942159291497,0,Premium Customers
14.376940322506005,13.327729539163256,3.912023005428146,0,Premium Customers
14.294274336067591,13.668383180243119,3.4657359027997265,0,Premium Customers
13.981744102230072,13.035515572490603,3.4011973816621555,1,High-Value Customers
13.883324035572935,12.7715139464528,2.302585092994046,1,High-Value Customers
14.057963571851674,13.441139703756152,2.70805020110221,0,Premium Customers
12.927792754167879,11.524303093580853,2.995732273553991,2,Low-Value Customers
13.635020391151475,11.84752151408043,2.833213344056216,2,Low-Value Customers
14.151666944710167,12.847720642087705,3.091042453358316,1,High-Value Customers
12.933365302180487,11.966676292576686,3.332204510175204,2,Low-Value Customers
14.516200683849775,13.48269920014158,3.4965075614664802,0,Premium Customers
13.255328517237997,12.39871410184208,3.5553480614894135,1,High-Value Customers
14.339758006701691,13.41822704910852,3.5263605246161616,0,Premium Customers
14.637996776748864,13.754772422205376,3.5263605246161616,0,Premium Customers
14.017004657972203,12.989514197733907,2.833213344056216,1,High-Value Customers
14.244141702656249,12.985692570543286,3.6109179126442243,0,Premium Customers
13.916034902174035,12.769156270704226,3.4011973816621555,1,High-Value Customers
14.024684174551062,12.932261560729051,3.4339872044851463,1,High-Value Customers
14.132362512377718,13.010612106524766,2.995732273553991,1,High-Value Customers
13.629821064031763,12.79040518513744,2.8903717578961645,1,High-Value Customers
14.777332962313997,13.835500324611537,3.713572066704308,0,Premium Customers
14.023619794210628,13.355712007318763,3.4965075614664802,0,Premium Customers
13.014487300373423,11.57825298726451,3.044522437723423,2,Low-Value Customers
14.356848891963676,13.525521332747852,3.1780538303479458,0,Premium Customers
13.544598007788819,11.516422941661995,3.4965075614664802,2,Low-Value Customers
14.0976531884985,13.406152738075221,3.6888794541139363,0,Premium Customers
14.198692012774993,13.073818492151563,3.295836866004329,1,High-Value Customers
12.953238583028122,11.788545406537994,2.995732273553991,2,Low-Value Customers
14.4749161240579,13.153578767910577,3.5553480614894135,0,Premium Customers
14.170406888106836,13.479122507799282,3.6109179126442243,0,Premium Customers
13.914301826288662,12.524671566108209,3.295836866004329,1,High-Value Customers
14.209460075439088,13.147118875822223,3.4339872044851463,0,Premium Customers
13.666953181410978,12.411337358678677,3.6888794541139363,1,High-Value Customers
14.608002061130371,13.526732124728587,3.7376696182833684,0,Premium Customers
14.036912417413392,13.098738535543838,3.58351893845611,1,High-Value Customers
13.2722869412666,11.413408398614475,3.044522437723423,2,Low-Value Customers
13.930052774501453,12.488302016488284,3.091042453358316,1,High-Value Customers
13.78541854078891,12.542991925069952,3.091042453358316,1,High-Value Customers
13.28948713040983,11.329056832070938,3.091042453358316,2,Low-Value Customers
13.902495579606605,12.575857690313518,2.9444389791664403,1,High-Value Customers
13.175949640927705,11.93206879817636,3.2188758248682006,2,Low-Value Customers
14.095508621389424,13.171328078722219,2.995732273553991,1,High-Value Customers
14.237955528800978,13.221862045957344,3.2188758248682006,0,Premium Customers
13.848301500141478,12.856619584759105,3.091042453358316,1,High-Value Customers
13.49560124174556,11.928113221248148,2.772588722239781,2,Low-Value Customers
13.28168126703628,12.474700368905784,3.332204510175204,1,High-Value Customers
13.485077659770498,12.395067800912061,3.58351893845611,1,High-Value Customers
13.753029854067714,12.27073287801062,3.4657359027997265,1,High-Value Customers
14.749193602894964,13.935604131160664,3.4657359027997265,0,Premium Customers
14.007521487472374,13.143285123351603,3.332204510175204,1,High-Value Customers
14.902257389695384,14.162182592197595,3.6635616461296463,0,Premium Customers
12.751735832776088,11.559061443235846,3.044522437723423,2,Low-Value Customers
14.21161264278708,13.267805176203456,3.6375861597263857,0,Premium Customers
14.186052675664408,12.82122560841087,3.2188758248682006,1,High-Value Customers
14.03009181321916,12.595344751798573,3.367295829986474,1,High-Value Customers
13.218705006899665,12.156602425174944,3.258096538021482,2,Low-Value Customers
13.590229135531255,12.547017685663839,3.044522437723423,1,High-Value Customers
13.915847030224876,12.294942494490439,3.1780538303479458,1,High-Value Customers
13.761050486205015,12.452192019520753,3.258096538021482,1,High-Value Customers
14.064057641788322,13.377100350978417,3.091042453358316,0,Premium Customers
13.88422055077816,12.781351974336951,3.091042453358316,1,High-Value Customers
13.978031452460119,12.534229800335142,3.4965075614664802,1,High-Value Customers
14.748126296824484,13.779581583489703,3.6109179126442243,0,Premium Customers
13.689911030475052,12.169184310267662,3.4011973816621555,1,High-Value Customers
13.895305422619575,12.572268649980922,3.1780538303479458,1,High-Value Customers
13.415794343256277,12.43664783369669,3.1780538303479458,1,High-Value Customers
14.048075888591706,12.842493007334905,2.995732273553991,1,High-Value Customers
14.176719134442804,12.915253497039853,3.2188758248682006,1,High-Value Customers
12.070817253386402,10.794940361262844,2.8903717578961645,2,Low-Value Customers
14.832525782127474,13.806784869630253,3.6109179126442243,0,Premium Customers
13.729675550598682,12.025772923450235,2.995732273553991,1,High-Value Customers
14.50902910955746,13.74773292991267,3.5263605246161616,0,Premium Customers
14.253943582713203,12.582158752898202,3.4965075614664802,1,High-Value Customers
14.47552425732412,13.592970974224924,4.07753744390572,0,Premium Customers
13.408951701931862,11.948807324328515,3.1780538303479458,2,Low-Value Customers
13.1793798033867,11.698064964298704,3.091042453358316,2,Low-Value Customers
13.824895233815306,12.677149292636283,3.6888794541139363,1,High-Value Customers
13.983406624215284,12.493636786028254,2.9444389791664403,1,High-Value Customers
13.640782636404523,12.283256254488839,2.70805020110221,1,High-Value Customers
13.960901134165406,12.927410435501018,2.70805020110221,1,High-Value Customers
13.581090211932562,11.970321324247191,3.5553480614894135,1,High-Value Customers
14.886692131107186,13.50918942580891,3.7612001156935624,0,Premium Customers
13.46679715099966,12.36926358168089,3.258096538021482,1,High-Value Customers
12.00358105435432,11.17153511422784,3.7376696182833684,2,Low-Value Customers
13.506315573312516,12.321317752256594,3.295836866004329,1,High-Value Customers
13.635100089876444,12.441000172276004,2.5649493574615367,1,High-Value Customers
12.471646944626897,10.977125734831542,3.5263605246161616,2,Low-Value Customers
14.116227925592511,13.09258517509635,3.258096538021482,1,High-Value Customers
13.371608733297169,12.262366491294383,2.833213344056216,1,High-Value Customers
13.960347617509447,13.142371454182554,3.4011973816621555,1,High-Value Customers
13.796706178652741,12.666958647753654,3.4965075614664802,1,High-Value Customers
13.757158811209274,12.363512367665724,2.639057329615259,1,High-Value Customers
13.294925599770803,12.193925466371848,3.4965075614664802,1,High-Value Customers
13.64159276641015,12.680681591507069,2.9444389791664403,1,High-Value Customers
13.704423398559964,12.391282942560146,2.3978952727983707,1,High-Value Customers
13.53040658602027,12.248000220670885,2.833213344056216,1,High-Value Customers
13.620017180366016,12.742486012844571,3.332204510175204,1,High-Value Customers
12.709923381219475,11.273525237039145,2.4849066497880004,2,Low-Value Customers
14.714853512138456,13.717397736426067,3.4657359027997265,0,Premium Customers
14.263607311785806,13.257572798850664,3.091042453358316,0,Premium Customers
13.263397432040604,11.82022750097736,2.995732273553991,2,Low-Value Customers
14.395269873066106,13.076528589804216,3.6375861597263857,0,Premium Customers
14.216938052536923,13.00315481867256,2.9444389791664403,1,High-Value Customers
13.922870681073904,12.941486161048365,2.5649493574615367,1,High-Value Customers
14.873505494365919,14.002770243771542,3.58351893845611,0,Premium Customers
13.914892744973548,12.669548987057604,3.6109179126442243,1,High-Value Customers
12.379927166261792,10.299222138964652,2.995732273553991,2,Low-Value Customers
14.71948880128619,14.104495638632015,4.07753744390572,0,Premium Customers
13.373268201809019,12.261439327398854,3.2188758248682006,1,High-Value Customers
12.478900818010718,11.622760644371116,2.995732273553991,2,Low-Value Customers
14.565248735024504,13.575619878059687,3.1354942159291497,0,Premium Customers
13.179275251967079,11.470039675623044,2.772588722239781,2,Low-Value Customers
13.315230995159787,11.609569572878556,2.9444389791664403,2,Low-Value Customers
13.356009328935546,12.517118899818295,3.258096538021482,1,High-Value Customers
14.645934412568156,13.947109411938309,3.8501476017100584,0,Premium Customers
13.802338992501195,12.81554339108544,3.258096538021482,1,High-Value Customers
13.722710769489206,12.169692230907387,3.4657359027997265,1,High-Value Customers
13.862793815892015,13.01357414596841,3.58351893845611,1,High-Value Customers
14.357076497360376,12.657238706660284,3.1354942159291497,1,High-Value Customers
13.69451508419942,12.865861058115192,2.639057329615259,1,High-Value Customers
13.749874474725722,12.982885677628415,2.833213344056216,1,High-Value Customers
12.754630981694458,11.519932557853682,3.4657359027997265,2,Low-Value Customers
14.268105462117099,12.912348689162254,3.258096538021482,1,High-Value Customers
14.64074514159746,13.470699812406755,3.367295829986474,0,Premium Customers
13.690331535550857,11.990381319776972,2.9444389791664403,2,Low-Value Customers
13.265473846332013,12.115167369875008,2.9444389791664403,2,Low-Value Customers
13.100793715822228,11.897009620882507,2.9444389791664403,2,Low-Value Customers
13.852250253629693,12.704311142750694,3.367295829986474,1,High-Value Customers
13.914395504306622,12.937118656325636,3.091042453358316,1,High-Value Customers
14.089617498853425,13.371690456659145,3.367295829986474,0,Premium Customers
14.222688624787265,13.534499067627234,3.828641396489095,0,Premium Customers
14.012546500252677,13.168745196217754,3.258096538021482,1,High-Value Customers
14.673596973468362,14.01288187190295,3.1780538303479458,0,Premium Customers
14.34410138193958,12.878310951127562,2.9444389791664403,1,High-Value Customers
14.387921548471695,13.09997000702958,2.8903717578961645,0,Premium Customers
14.455334880702276,13.228882357782707,4.174387269895637,0,Premium Customers
12.320304806508663,11.183670838621182,2.995732273553991,2,Low-Value Customers
13.187118337617273,11.966449231667607,2.9444389791664403,2,Low-Value Customers
13.98356716070745,12.658862241053564,3.912023005428146,1,High-Value Customers
14.049567477252607,12.862597360566152,3.1780538303479458,1,High-Value Customers
12.746091227926065,11.146241887050163,2.995732273553991,2,Low-Value Customers
13.903878624234672,12.646313570810321,3.6888794541139363,1,High-Value Customers
14.182810680242902,12.47677398290014,2.302585092994046,1,High-Value Customers
13.791762553091523,12.944090031536303,3.091042453358316,1,High-Value Customers
14.037668255484286,13.171778032253146,3.091042453358316,1,High-Value Customers
13.555277880051102,12.53549282474322,3.295836866004329,1,High-Value Customers
14.029544389492813,12.700556639233483,2.3978952727983707,1,High-Value Customers
13.38485837178783,11.890585503481736,2.70805020110221,2,Low-Value Customers
12.893309469290998,10.976174327236544,3.1780538303479458,2,Low-Value Customers
13.807848368218473,12.720264018801261,3.1780538303479458,1,High-Value Customers
15.05885804532029,14.036675168466132,3.784189633918261,0,Premium Customers
14.443416458509464,13.188237200379454,3.8918202981106265,0,Premium Customers
13.750983204764342,12.913675931272962,2.833213344056216,1,High-Value Customers
13.969097390287972,13.017972769012124,3.091042453358316,1,High-Value Customers
13.817347529698091,12.36453550026703,3.044522437723423,1,High-Value Customers
14.415184241484985,13.65512931844888,2.4849066497880004,0,Premium Customers
14.3117932602185,13.384245002343174,3.258096538021482,0,Premium Customers
14.124658241834378,12.639001709498881,3.295836866004329,1,High-Value Customers
14.613085355167046,13.737844205354476,3.8066624897703196,0,Premium Customers
14.066619339545792,12.833972093521563,3.9512437185814275,1,High-Value Customers
13.823223069935812,12.780892351628822,3.7376696182833684,1,High-Value Customers
14.63684691752711,13.784026671035676,3.4965075614664802,0,Premium Customers
13.183725515424111,11.959424897055154,2.5649493574615367,2,Low-Value Customers
14.392840030969754,13.73587923399419,3.912023005428146,0,Premium Customers
13.444538597004676,12.583261488261336,2.5649493574615367,1,High-Value Customers
13.823919265483028,12.937006073389028,3.4339872044851463,1,High-Value Customers
12.837770209371454,11.095128025296408,2.70805020110221,2,Low-Value Customers
13.502267584735682,12.441445671050307,3.4011973816621555,1,High-Value Customers
14.22845806299124,13.364962625252964,3.332204510175204,0,Premium Customers
12.249449086671838,11.285922726563632,2.995732273553991,2,Low-Value Customers
13.303078394404022,11.675280511039848,3.044522437723423,2,Low-Value Customers
14.10751879655019,12.866522084027565,3.6888794541139363,1,High-Value Customers
14.757264629732436,13.629958809714743,3.4011973816621555,0,Premium Customers
14.534675618900637,13.413697099460764,3.8066624897703196,0,Premium Customers
14.116922776580228,13.086814165633678,3.828641396489095,0,Premium Customers
13.373342896276005,11.718677618835667,2.772588722239781,2,Low-Value Customers
13.5550003766219,12.670804277186075,3.1354942159291497,1,High-Value Customers
13.94392486309954,13.019772821862357,2.833213344056216,1,High-Value Customers
14.891588290013235,14.089871633595555,3.6888794541139363,0,Premium Customers
14.071932555931213,12.723203479613668,3.044522437723423,1,High-Value Customers
14.187631186789321,12.922912084834847,3.367295829986474,1,High-Value Customers
13.547942332348704,12.633776659163189,2.3978952727983707,1,High-Value Customers
14.433773872365656,13.631793840385962,3.7612001156935624,0,Premium Customers
14.66358058444021,13.964663897575344,3.258096538021482,0,Premium Customers
14.297869420994283,13.013418088562428,3.828641396489095,0,Premium Customers
12.542247730863458,10.865483886682442,2.772588722239781,2,Low-Value Customers
13.598171987598272,12.522117586933676,3.5553480614894135,1,High-Value Customers
14.296626132731506,13.012566011244,3.367295829986474,0,Premium Customers
12.825268018665128,11.986017943804496,3.1780538303479458,2,Low-Value Customers
13.920664987387791,13.050660909703485,3.4339872044851463,1,High-Value Customers
14.061956792461917,12.886960714302212,3.295836866004329,1,High-Value Customers
12.469540992581807,11.076484263237408,2.639057329615259,2,Low-Value Customers
14.168185399148815,12.78360569914982,3.4965075614664802,1,High-Value Customers
14.099873897007368,13.004832030071782,3.1780538303479458,1,High-Value Customers
14.046449589414511,12.839872182340027,3.4339872044851463,1,High-Value Customers
14.013657989034323,13.156943821913446,2.995732273553991,1,High-Value Customers
13.097060810329536,11.172604350913911,3.1354942159291497,2,Low-Value Customers
13.833143607938513,12.339166492445532,3.4965075614664802,1,High-Value Customers
12.625885070232606,11.65549866943383,3.044522437723423,2,Low-Value Customers
13.806761506386149,12.170886976625312,3.2188758248682006,1,High-Value Customers
14.290277443620777,13.37633504542787,2.5649493574615367,0,Premium Customers
13.533897617681147,12.398183670404592,2.5649493574615367,1,High-Value Customers
13.77328188703851,12.864439465961588,3.5553480614894135,1,High-Value Customers
14.014053639842802,12.950058533418627,2.9444389791664403,1,High-Value Customers
12.497011321986143,11.675205866022356,3.1354942159291497,2,Low-Value Customers
13.429893664348471,12.297440062851727,3.1354942159291497,1,High-Value Customers
14.326435622785839,13.358787518001192,3.044522437723423,0,Premium Customers
13.933232133954274,12.71281337747429,3.4657359027997265,1,High-Value Customers
13.050254319934973,12.10602692573476,2.772588722239781,2,Low-Value Customers
14.358972254024572,13.1185593512626,3.912023005428146,0,Premium Customers
13.349809164814689,11.884095012757015,3.1354942159291497,2,Low-Value Customers
14.563307979805295,13.946624220232778,3.58351893845611,0,Premium Customers
13.399348556544526,11.599761018170428,2.70805020110221,2,Low-Value Customers
14.63166746453938,13.641462683669502,3.2188758248682006,0,Premium Customers
14.686640366599871,14.03508473864758,3.58351893845611,0,Premium Customers
13.541083304321774,12.483124251764158,2.833213344056216,1,High-Value Customers
13.67453139657854,12.829872641841813,2.639057329615259,1,High-Value Customers
14.75726358468399,13.656320552035178,3.044522437723423,0,Premium Customers
13.29317553780045,11.30203787657484,3.1354942159291497,2,Low-Value Customers
13.23784647244603,11.575931531248429,2.639057329615259,2,Low-Value Customers
13.090425076600203,12.00002149579354,3.091042453358316,2,Low-Value Customers
13.711695769276972,12.114126256831609,3.4011973816621555,1,High-Value Customers
12.804809251519638,11.915893925713112,3.5553480614894135,2,Low-Value Customers
12.978596304189702,11.515854072410075,3.1354942159291497,2,Low-Value Customers
14.050638212198663,13.317024026848562,3.784189633918261,0,Premium Customers
13.426941474720186,12.241733182616892,2.833213344056216,1,High-Value Customers
13.459394143733068,11.946805873874855,2.772588722239781,2,Low-Value Customers
14.331731878740484,13.409226224382538,3.7376696182833684,0,Premium Customers
13.567464484217663,12.395869691102204,3.4339872044851463,1,High-Value Customers
14.444087867561914,13.331640658814468,3.4657359027997265,0,Premium Customers
14.554109966549506,13.625038314385904,3.6635616461296463,0,Premium Customers
13.323718540383316,11.528741332159502,2.8903717578961645,2,Low-Value Customers
14.086811296017107,12.888912436999245,3.258096538021482,1,High-Value Customers
13.967788662759627,12.906889637742912,3.1780538303479458,1,High-Value Customers
13.418712883891521,11.387284574579754,2.8903717578961645,2,Low-Value Customers
13.827428081337695,12.766689018427748,2.639057329615259,1,High-Value Customers
13.183873291939381,11.871969181151451,2.772588722239781,2,Low-Value Customers
14.031923710874322,12.709740261777004,3.6109179126442243,1,High-Value Customers
13.165832284957458,11.266143336000603,2.5649493574615367,2,Low-Value Customers
13.695819526991935,12.370284583579856,3.4339872044851463,1,High-Value Customers
13.70538465028505,12.372479397641904,3.6375861597263857,1,High-Value Customers
13.309403384781238,12.017666515205535,2.995732273553991,2,Low-Value Customers
13.743032430737584,12.79134838291282,3.044522437723423,1,High-Value Customers
13.553264951456649,12.681647445693413,3.044522437723423,1,High-Value Customers
13.50243033242028,12.381595896117794,3.5263605246161616,1,High-Value Customers
14.78208660618676,14.159946096025536,3.828641396489095,0,Premium Customers
12.62050066646167,10.717292743161288,3.1780538303479458,2,Low-Value Customers
13.073207817486,11.770922051156383,3.2188758248682006,2,Low-Value Customers
12.91426052061487,11.842651353214562,3.1780538303479458,2,Low-Value Customers
13.658868209841513,12.542866044858837,2.995732273553991,1,High-Value Customers
13.63474373194983,12.464926177659258,2.772588722239781,1,High-Value Customers
14.465637266622577,13.83160176724559,3.091042453358316,0,Premium Customers
13.310007262116494,11.647902587024149,2.995732273553991,2,Low-Value Customers
13.344896614514708,11.747948495035622,2.9444389791664403,2,Low-Value Customers
14.454674191808685,13.656413906961918,3.7612001156935624,0,Premium Customers
13.13157547543465,11.795777039329007,3.1354942159291497,2,Low-Value Customers
13.889322794964094,12.597153190090571,3.4339872044851463,1,High-Value Customers
14.617458366205579,13.231454507657984,2.5649493574615367,0,Premium Customers
14.060682892144728,12.937200106763498,3.367295829986474,1,High-Value Customers
13.43366822696189,11.971407664207602,3.4657359027997265,2,Low-Value Customers
14.07133217359866,12.665508380769866,3.258096538021482,1,High-Value Customers
13.620863643051393,12.658180057250297,2.995732273553991,1,High-Value Customers
13.575719820459113,12.498987490615413,2.995732273553991,1,High-Value Customers
13.358316486894577,11.903613866656258,3.258096538021482,2,Low-Value Customers
13.874772708508702,13.076294286754148,3.4657359027997265,1,High-Value Customers
14.627832640640472,13.774588600114518,2.9444389791664403,0,Premium Customers
14.792619824146739,13.682411677507163,3.5263605246161616,0,Premium Customers
13.497803657897991,12.460569310675739,3.58351893845611,1,High-Value Customers
14.850785118920395,13.48860794409253,3.332204510175204,0,Premium Customers
13.68511739024254,12.81075723295918,2.639057329615259,1,High-Value Customers
13.972317774642251,12.803151311322505,3.258096538021482,1,High-Value Customers
13.188274106633594,12.263745338217195,3.2188758248682006,2,Low-Value Customers
14.547280037086276,13.899579334749411,3.4965075614664802,0,Premium Customers
13.72232347778809,12.708464081317311,3.4339872044851463,1,High-Value Customers
13.51921724833971,12.447030692252703,3.332204510175204,1,High-Value Customers
14.402213702737079,13.186347770041056,3.4011973816621555,0,Premium Customers
13.504563488726905,12.289728540849277,2.833213344056216,1,High-Value Customers
13.409271545469347,12.257251525872688,3.295836866004329,1,High-Value Customers
14.51261421633341,13.694406324480987,3.1354942159291497,0,Premium Customers
14.897478447279944,13.849605831541323,3.6635616461296463,0,Premium Customers
13.54938542930439,12.3805568201219,3.6375861597263857,1,High-Value Customers
14.089462745438206,12.756365134843767,3.6375861597263857,1,High-Value Customers
14.486970792514102,13.242631269911874,3.713572066704308,0,Premium Customers
13.579169146778215,12.270199644504114,3.7376696182833684,1,High-Value Customers
14.316460606362835,13.553106253695201,3.8066624897703196,0,Premium Customers
13.64217537846059,12.179629589306863,3.4657359027997265,1,High-Value Customers
13.475498092120125,12.288077841647553,2.9444389791664403,1,High-Value Customers
13.779189647516176,12.683811189296636,3.091042453358316,1,High-Value Customers
14.742553378405887,13.756396317447527,3.58351893845611,0,Premium Customers
13.350635005627648,11.9845352411711,3.2188758248682006,2,Low-Value Customers
14.544631522642407,13.45041115629279,3.5263605246161616,0,Premium Customers
13.719986318250761,11.870405554692086,2.772588722239781,2,Low-Value Customers
14.914501554913349,14.241268225619793,3.5553480614894135,0,Premium Customers
14.166828577168383,12.625502918539107,3.5263605246161616,1,High-Value Customers
12.94015248648668,11.845715502036485,3.1780538303479458,2,Low-Value Customers
14.025520349809089,12.594841781687343,3.4657359027997265,1,High-Value Customers
14.997023018632602,14.265118884816637,3.2188758248682006,0,Premium Customers
13.107235099893211,11.933585411258269,3.091042453358316,2,Low-Value Customers
13.6385714617055,12.09919820669096,3.091042453358316,1,High-Value Customers
13.605535371893684,12.345199951783815,3.1780538303479458,1,High-Value Customers
13.341966316140766,12.210408531974094,3.4965075614664802,1,High-Value Customers
14.041527664660729,12.776226908159947,3.2188758248682006,1,High-Value Customers
13.545246480983204,12.369330429507741,3.295836866004329,1,High-Value Customers
13.713010325571156,12.298643713754805,2.639057329615259,1,High-Value Customers
14.834300634647887,14.103176637788174,3.4339872044851463,0,Premium Customers
12.592725371887163,11.439207770494418,3.58351893845611,2,Low-Value Customers
14.780949633663393,13.854410921734248,4.02535169073515,0,Premium Customers
12.652637053705856,11.471504019982104,2.9444389791664403,2,Low-Value Customers
12.779414146267463,11.562754898436003,2.9444389791664403,2,Low-Value Customers
13.94141337435125,13.038829300320861,3.4657359027997265,1,High-Value Customers
13.456247095271127,12.217658272221321,2.995732273553991,1,High-Value Customers
14.107659163091231,12.914316520381627,3.091042453358316,1,High-Value Customers
13.476613812595597,12.329215292774423,2.9444389791664403,1,High-Value Customers
14.524607054283162,13.656450264014559,3.2188758248682006,0,Premium Customers
13.306970470369535,12.197761200968905,2.9444389791664403,2,Low-Value Customers
13.541121079561718,12.6775977417578,2.995732273553991,1,High-Value Customers
13.64496199471668,12.439144626467622,3.2188758248682006,1,High-Value Customers
13.7325968830053,12.428473601188466,3.044522437723423,1,High-Value Customers
15.05279471393211,14.380705195140921,3.4011973816621555,0,Premium Customers
13.352349782898017,12.439170369274331,3.713572066704308,1,High-Value Customers
13.195016858012162,11.863664093804566,3.6375861597263857,2,Low-Value Customers
14.690861455041949,13.483118512032334,3.6635616461296463,0,Premium Customers
14.534926858992264,13.889240133535038,3.6635616461296463,0,Premium Customers
13.871583188109948,12.549500918451177,3.1354942159291497,1,High-Value Customers
14.123576720982639,12.788602154661929,3.58351893845611,1,High-Value Customers
14.218498988303114,13.10036180820654,3.970291913552122,0,Premium Customers
13.909567270688692,12.195375130604496,2.833213344056216,1,High-Value Customers
14.211886524689147,13.284175904458637,3.1354942159291497,0,Premium Customers
13.64394983911742,13.026235399294107,3.1780538303479458,1,High-Value Customers
13.652160106377222,12.435265264289592,3.258096538021482,1,High-Value Customers
13.550653195308545,11.96849599889601,3.4339872044851463,2,Low-Value Customers
13.913337903410948,12.816678651930278,3.6109179126442243,1,High-Value Customers
13.047620736198498,11.895925308106614,3.4011973816621555,2,Low-Value Customers
12.545516854320939,11.715579982265055,3.332204510175204,2,Low-Value Customers
13.884630316067446,12.280473885391004,3.4657359027997265,1,High-Value Customers
13.703167677791681,12.204347057559248,2.8903717578961645,1,High-Value Customers
13.15145537167886,11.454189807935926,2.4849066497880004,2,Low-Value Customers
14.029243156854614,12.36020552519901,2.995732273553991,1,High-Value Customers
14.414677998791875,13.338760236889494,3.713572066704308,0,Premium Customers
13.00453834586613,11.947696916270367,2.833213344056216,2,Low-Value Customers
13.750997412504738,12.545488260446097,3.1354942159291497,1,High-Value Customers
12.504501427186241,11.237453741862256,3.58351893845611,2,Low-Value Customers
13.950178189824438,12.48513547883302,2.9444389791664403,1,High-Value Customers
12.914652896251221,12.029473583983181,3.332204510175204,2,Low-Value Customers
14.414585684425832,13.38089845835888,3.7376696182833684,0,Premium Customers
14.688643577986321,13.797253548385395,3.1354942159291497,0,Premium Customers
14.348103565862324,13.567565270605945,3.713572066704308,0,Premium Customers
13.403202359228109,12.630998067449982,2.302585092994046,1,High-Value Customers
13.641051474757674,11.98763599933737,3.367295829986474,1,High-Value Customers
14.500830082202583,13.01130333917042,3.1354942159291497,0,Premium Customers
14.540730146001835,13.589211809245748,3.7376696182833684,0,Premium Customers
14.78022204102138,13.848921001065879,3.6109179126442243,0,Premium Customers
14.067146051364924,12.49145525123355,3.6109179126442243,1,High-Value Customers
13.251545796939592,11.648337350858455,3.332204510175204,2,Low-Value Customers
14.346648273345103,13.150764091845257,3.295836866004329,0,Premium Customers
13.723178875030936,12.716987085351901,3.332204510175204,1,High-Value Customers
14.11226416434921,13.50117906996473,3.4965075614664802,0,Premium Customers
14.13916865014423,13.329396814895707,2.9444389791664403,0,Premium Customers
12.551236075503311,10.924840215496172,3.332204510175204,2,Low-Value Customers
13.149757644554338,11.528822731163338,3.4657359027997265,2,Low-Value Customers
13.942513202115716,12.701948678943301,3.6888794541139363,1,High-Value Customers
13.061153730744227,12.041712256880857,3.044522437723423,2,Low-Value Customers
13.567548330489014,12.610454900898207,3.9889840465642745,1,High-Value Customers
13.9573138327932,12.789414530349617,3.044522437723423,1,High-Value Customers
13.105906421502747,11.916966559652375,3.6888794541139363,2,Low-Value Customers
14.4936432125537,13.318810464157187,3.4339872044851463,0,Premium Customers
12.86559998473036,11.331409703436055,3.332204510175204,2,Low-Value Customers
12.402868443263557,11.13057733855386,3.4011973816621555,2,Low-Value Customers
14.06145213607896,13.0391403645839,2.70805020110221,1,High-Value Customers
13.570657999616204,12.110638423032873,2.3978952727983707,2,Low-Value Customers
13.64646814971341,12.22531335027156,3.295836866004329,1,High-Value Customers
13.416955008779384,12.374539500993313,3.091042453358316,1,High-Value Customers
12.957516516847022,11.966360527952254,3.5553480614894135,2,Low-Value Customers
13.411355446435788,12.602234344153077,3.6635616461296463,1,High-Value Customers
13.746942842514256,12.53638419402287,2.833213344056216,1,High-Value Customers
13.942410741389569,13.063561691779622,2.5649493574615367,1,High-Value Customers
12.931658095189857,11.543032078300923,3.091042453358316,2,Low-Value Customers
12.272630361096889,11.626646484018568,3.4657359027997265,2,Low-Value Customers
12.931911579588341,11.671566078513772,2.639057329615259,2,Low-Value Customers
13.3553372840581,12.013098086467306,3.2188758248682006,2,Low-Value Customers
14.04492075278767,12.386076643858939,3.044522437723423,1,High-Value Customers
13.724645189334943,12.47821136856976,3.5263605246161616,1,High-Value Customers
14.9984959982305,13.627404909517434,3.5553480614894135,0,Premium Customers
13.649234485116866,12.349491415293647,3.5263605246161616,1,High-Value Customers
13.636018215167343,12.477681317716776,2.833213344056216,1,High-Value Customers
14.210906912540915,12.9855148090308,2.8903717578961645,1,High-Value Customers
14.441836314879868,13.733054857196446,3.6888794541139363,0,Premium Customers
13.137674816750364,11.515539345805271,2.5649493574615367,2,Low-Value Customers
14.063164188137417,12.459469476327376,3.295836866004329,1,High-Value Customers
13.934237725565573,12.81515031755891,2.833213344056216,1,High-Value Customers
14.464782880421089,13.837262079050287,3.2188758248682006,0,Premium Customers
12.56608358883021,11.498412864774993,2.9444389791664403,2,Low-Value Customers
14.497392371890394,13.796562124940268,3.295836866004329,0,Premium Customers
13.238643666725043,12.303385545823096,2.9444389791664403,2,Low-Value Customers
13.646803450538753,12.496590356256892,3.044522437723423,1,High-Value Customers
14.904547253289676,13.872996990222521,3.6888794541139363,0,Premium Customers
13.58527195871916,12.182655747619693,3.367295829986474,1,High-Value Customers
12.989274355490883,11.394020299962131,3.4657359027997265,2,Low-Value Customers
13.117204995800952,11.669235468921062,2.772588722239781,2,Low-Value Customers
13.885512617383071,12.951672608012117,3.4657359027997265,1,High-Value Customers
13.261409463615593,11.418602807405271,2.9444389791664403,2,Low-Value Customers
14.644999316376895,13.871035137824085,3.4011973816621555,0,Premium Customers
13.661080297391294,12.635902312424944,3.4011973816621555,1,High-Value Customers
15.0232445880042,14.06842053268371,3.4011973816621555,0,Premium Customers
13.72362745701104,12.592652545384587,2.639057329615259,1,High-Value Customers
14.61395239351328,13.813526711441403,3.7612001156935624,0,Premium Customers
13.833630829717164,12.678711861065086,3.044522437723423,1,High-Value Customers
14.360111093387438,13.475053321768872,3.4657359027997265,0,Premium Customers
13.354201358386575,11.249835577301887,2.70805020110221,2,Low-Value Customers
13.81804149244585,12.831556989357534,2.772588722239781,1,High-Value Customers
13.293245401534334,12.000479493522244,3.044522437723423,2,Low-Value Customers
14.439305790076851,13.646425033141226,3.2188758248682006,0,Premium Customers
14.884791353554155,13.984764867280068,3.4011973816621555,0,Premium Customers
13.887377805139216,13.02364696296397,3.4657359027997265,1,High-Value Customers
13.21875230242648,12.130079166155161,3.4011973816621555,2,Low-Value Customers
13.592719044677406,12.573756894064866,3.4339872044851463,1,High-Value Customers
13.360170223219258,11.737570288810694,2.3978952727983707,2,Low-Value Customers
13.41121674861781,11.93407053083236,2.833213344056216,2,Low-Value Customers
13.14501281144332,11.41010150730514,3.1780538303479458,2,Low-Value Customers
12.355943623340327,11.390976903043185,3.044522437723423,2,Low-Value Customers
13.687050683424161,12.801482375345676,3.367295829986474,1,High-Value Customers
12.730942140860288,11.453844239005434,2.995732273553991,2,Low-Value Customers
13.755911486965783,12.630838653783309,2.995732273553991,1,High-Value Customers
13.477114644262173,12.248353335636534,2.8903717578961645,1,High-Value Customers
14.387769173198484,13.07065498634976,3.1354942159291497,0,Premium Customers
13.180742713393188,11.84652343197614,2.833213344056216,2,Low-Value Customers
12.957752567331605,11.994084639100901,3.4011973816621555,2,Low-Value Customers
14.072737324985589,13.289103843663614,3.4011973816621555,0,Premium Customers
12.900747907978076,11.57758222911682,3.258096538021482,2,Low-Value Customers
13.384615897167075,11.869640148119348,3.295836866004329,2,Low-Value Customers
13.98700903934096,13.001926403166335,3.4657359027997265,1,High-Value Customers
13.595352208996491,12.555242496583132,3.7376696182833684,1,High-Value Customers
13.751879411704246,12.810341726038454,3.091042453358316,1,High-Value Customers
13.589730496609935,12.451306323464953,3.2188758248682006,1,High-Value Customers
14.088870433141413,12.984943795559534,2.995732273553991,1,High-Value Customers
14.431861852549227,13.52870763228303,3.828641396489095,0,Premium Customers
14.872200354425512,14.254916026772818,3.6888794541139363,0,Premium Customers
13.72915263288298,12.667907028412165,3.4339872044851463,1,High-Value Customers
13.967749983937502,13.234670541135783,3.5553480614894135,0,Premium Customers
13.317123668057164,11.980327086929218,3.5263605246161616,2,Low-Value Customers
13.099228272768489,11.738164978220802,3.091042453358316,2,Low-Value Customers
13.276449540864737,11.7408205100379,3.044522437723423,2,Low-Value Customers
13.170735701909974,11.803699477445107,3.58351893845611,2,Low-Value Customers
13.66979443206769,12.340821740204529,3.8918202981106265,1,High-Value Customers
13.235528942265057,12.015659741901045,2.772588722239781,2,Low-Value Customers
14.09877355316109,12.43290163725827,3.295836866004329,1,High-Value Customers
13.008318932002174,11.806893787484709,2.995732273553991,2,Low-Value Customers
13.300621456109102,11.904012840396659,2.8903717578961645,2,Low-Value Customers
13.85420980825635,12.32968872475091,3.295836866004329,1,High-Value Customers
13.162956859417589,12.06857786619757,2.5649493574615367,2,Low-Value Customers
14.898148899776315,13.668304549653591,4.110873864173311,0,Premium Customers
13.291175305386007,12.183611829378364,2.639057329615259,2,Low-Value Customers
13.927592761378259,12.324382075949854,2.833213344056216,1,High-Value Customers
13.128948925005336,12.157960968636186,3.332204510175204,2,Low-Value Customers
14.25933497627342,13.41496837733941,2.833213344056216,0,Premium Customers
14.592054737344846,13.515572972567481,3.332204510175204,0,Premium Customers
13.93974265586561,13.155435379765768,3.6888794541139363,1,High-Value Customers
14.319379111339911,13.192867935051124,3.2188758248682006,0,Premium Customers
12.8934095038128,11.762676905755642,3.1780538303479458,2,Low-Value Customers
13.664612863106276,12.602542214826146,3.295836866004329,1,High-Value Customers
14.320986586125551,13.553109048803208,3.332204510175204,0,Premium Customers
14.778787198746377,13.684453279336903,3.912023005428146,0,Premium Customers
12.903728919829941,11.649784851175777,2.833213344056216,2,Low-Value Customers
14.256350615542072,12.85885470635335,3.258096538021482,1,High-Value Customers
12.734139412909938,10.662057472572364,2.3978952727983707,2,Low-Value Customers
14.063516650844743,13.201408763302409,3.044522437723423,1,High-Value Customers
13.703687046514546,12.402921090947201,3.4339872044851463,1,High-Value Customers
13.578485832394955,11.80914169270443,3.4657359027997265,2,Low-Value Customers
14.26164924637985,13.284349292875362,2.8903717578961645,0,Premium Customers
13.499228304979635,12.117479053862429,3.044522437723423,2,Low-Value Customers
13.958405084323001,12.569618699234555,3.367295829986474,1,High-Value Customers
12.850964150306318,11.709362429007841,3.091042453358316,2,Low-Value Customers
14.457574737812877,13.42566981624711,3.784189633918261,0,Premium Customers
12.994252490117775,12.017276715137964,2.3978952727983707,2,Low-Value Customers
13.53377292891418,12.446523871195021,2.8903717578961645,1,High-Value Customers
13.95433150121686,12.372829489867964,2.302585092994046,1,High-Value Customers
13.549563492925033,12.104265033052634,2.70805020110221,2,Low-Value Customers
14.336340734875755,13.333412096224567,2.8903717578961645,0,Premium Customers
14.721714638174001,13.855394282046458,3.4657359027997265,0,Premium Customers
13.377805523812167,12.19189273409849,3.2188758248682006,1,High-Value Customers
13.860370676276986,12.955722978070677,3.5553480614894135,1,High-Value Customers
13.192133477437572,11.497596575568823,3.2188758248682006,2,Low-Value Customers
13.521060286170881,12.322939394857759,2.4849066497880004,1,High-Value Customers
13.694373454957471,12.469186897917172,2.302585092994046,1,High-Value Customers
12.586053709615381,10.69801418482433,2.772588722239781,2,Low-Value Customers
13.550519773210283,12.937927186346501,3.828641396489095,1,High-Value Customers
13.468375054251236,12.183257753917825,2.833213344056216,2,Low-Value Customers
13.74388942490751,12.625395391510592,3.4965075614664802,1,High-Value Customers
13.1088281075292,12.072489880157523,3.6375861597263857,2,Low-Value Customers
14.319861107610983,13.45167247705059,2.3978952727983707,0,Premium Customers
14.198331204587884,13.134065776449626,3.091042453358316,1,High-Value Customers
12.778562181451488,11.333889584425362,2.833213344056216,2,Low-Value Customers
14.294293436575247,13.370938936181819,3.8918202981106265,0,Premium Customers
13.359830952305312,11.902279957910082,3.1354942159291497,2,Low-Value Customers
13.894567216574258,12.803316147700347,3.1354942159291497,1,High-Value Customers
14.07221505148668,13.360782351120754,3.295836866004329,0,Premium Customers
14.510577359871645,13.512080710978047,3.4657359027997265,0,Premium Customers
14.744003661161601,13.760166163677868,3.5553480614894135,0,Premium Customers
12.986196606647965,10.870439078811884,2.9444389791664403,2,Low-Value Customers
14.671694083639444,13.421257608032603,3.1780538303479458,0,Premium Customers
13.622190191415198,12.586318265606808,2.8903717578961645,1,High-Value Customers
13.307238737132518,11.70522383741514,3.4011973816621555,2,Low-Value Customers
12.997067193600781,11.822704662696173,3.044522437723423,2,Low-Value Customers
13.889527324530322,12.584057746537516,3.6109179126442243,1,High-Value Customers
13.011331677605083,11.572673278973603,2.772588722239781,2,Low-Value Customers
12.325580104624569,10.853013040493854,3.2188758248682006,2,Low-Value Customers
14.835381141454633,14.182181211924544,3.091042453358316,0,Premium Customers
13.082158088515392,11.200921601165382,2.4849066497880004,2,Low-Value Customers
14.842085792748959,14.206403404534447,3.7612001156935624,0,Premium Customers
14.46037256782412,13.140390900723489,3.367295829986474,0,Premium Customers
13.241392942486657,11.946588449680595,3.1780538303479458,2,Low-Value Customers
13.12203010187421,11.073139527646665,2.995732273553991,2,Low-Value Customers
14.251412859114831,13.00902534805367,3.7612001156935624,0,Premium Customers
14.367769625757164,12.69838281124211,2.9444389791664403,1,High-Value Customers
14.706340722946623,14.098996692266883,3.5263605246161616,0,Premium Customers
13.19213030656466,12.335476431293849,3.367295829986474,1,High-Value Customers
13.074813488775108,12.22820598597562,3.258096538021482,2,Low-Value Customers
13.984158446462457,12.99389637337357,3.4965075614664802,1,High-Value Customers
13.001422200064166,11.722398965442773,2.70805020110221,2,Low-Value Customers
14.271015607674764,13.546585939354157,3.044522437723423,0,Premium Customers
13.611557068915609,12.679878630400692,3.6109179126442243,1,High-Value Customers
13.87190540925341,12.451746864358649,3.4965075614664802,1,High-Value Customers
13.261783139503363,11.708434763309329,2.772588722239781,2,Low-Value Customers
13.296832484253324,12.102611768859592,2.995732273553991,2,Low-Value Customers
13.490594407824876,11.538839770014768,3.2188758248682006,2,Low-Value Customers
13.758011532004955,12.478620458131862,3.4657359027997265,1,High-Value Customers
13.3315150655449,12.329799006807544,3.4657359027997265,1,High-Value Customers
13.735689082483757,11.968928098611263,2.639057329615259,2,Low-Value Customers
14.066632292125306,12.888223588467106,3.4339872044851463,1,High-Value Customers
12.90623081655927,11.784276305853565,3.4657359027997265,2,Low-Value Customers
14.101961720657375,13.176543238646275,3.2188758248682006,1,High-Value Customers
12.588953061987436,11.044373421663666,2.772588722239781,2,Low-Value Customers
13.485762092048938,12.351311475382007,3.4011973816621555,1,High-Value Customers
13.024170777415426,11.706319165394262,3.2188758248682006,2,Low-Value Customers
13.520949935771872,12.59077465123358,3.1354942159291497,1,High-Value Customers
13.594898063321986,12.705444676610893,3.091042453358316,1,High-Value Customers
13.262170814396766,12.198945054495784,2.8903717578961645,2,Low-Value Customers
13.526208066676075,11.952158175783312,3.6888794541139363,2,Low-Value Customers
13.652662350731124,12.83002718465048,3.1780538303479458,1,High-Value Customers
14.031169432839626,12.784156977991643,3.4011973816621555,1,High-Value Customers
13.103553128737552,11.931648497116223,2.995732273553991,2,Low-Value Customers
14.305124682079349,12.916517480324082,3.4657359027997265,1,High-Value Customers
12.078917623434746,10.579690995278181,2.833213344056216,2,Low-Value Customers
12.380377739508855,10.845203116667271,3.4011973816621555,2,Low-Value Customers
14.00978279506288,13.10587441863932,3.5263605246161616,1,High-Value Customers
13.927500651328131,12.842800680100813,2.639057329615259,1,High-Value Customers
14.248985936624097,12.981912005427189,3.4339872044851463,1,High-Value Customers
14.071403242241395,13.242812349625158,3.58351893845611,0,Premium Customers
14.306882573359893,13.49391864414728,2.639057329615259,0,Premium Customers
14.012138825631954,12.414733831820953,3.258096538021482,1,High-Value Customers
14.298257155859414,13.44359618150164,3.091042453358316,0,Premium Customers
13.486577496209355,12.561036987222776,3.1780538303479458,1,High-Value Customers
13.031534869887247,11.87191442949698,3.367295829986474,2,Low-Value Customers
13.993557039632728,12.838049094245244,3.4657359027997265,1,High-Value Customers
13.23634650922877,11.872699382127376,3.6635616461296463,2,Low-Value Customers
13.277686877780047,11.792071584614478,3.4657359027997265,2,Low-Value Customers
13.154842280929183,12.330840430928916,3.6375861597263857,1,High-Value Customers
14.524078549276828,13.430421824292623,3.295836866004329,0,Premium Customers
13.962351800250712,12.896153153653263,2.995732273553991,1,High-Value Customers
13.677640865654192,12.667025975335429,3.332204510175204,1,High-Value Customers
13.649097833949027,12.828643111700215,2.995732273553991,1,High-Value Customers
12.32530312202735,10.41250153627285,2.995732273553991,2,Low-Value Customers
14.029100845823622,12.759572224677783,3.58351893845611,1,High-Value Customers
13.885043085144227,12.56323692472488,3.1780538303479458,1,High-Value Customers
13.469203863196391,12.4809955650789,3.4011973816621555,1,High-Value Customers
12.90935147713745,11.971555724448034,2.4849066497880004,2,Low-Value Customers
13.498469991607895,12.490875878096054,3.1780538303479458,1,High-Value Customers
12.637337428006372,11.458674749088068,2.833213344056216,2,Low-Value Customers
13.68509614251527,12.34026047265442,3.6109179126442243,1,High-Value Customers
12.614864414162268,10.86779862853476,3.1780538303479458,2,Low-Value Customers
13.062305491212918,11.969606554477371,2.70805020110221,2,Low-Value Customers
13.393482345833615,12.22932558814653,3.2188758248682006,1,High-Value Customers
12.828575126800777,11.814874873219512,2.833213344056216,2,Low-Value Customers
13.925237290807868,12.304695967177333,2.4849066497880004,1,High-Value Customers
13.084585889500291,11.992451672705043,2.3978952727983707,2,Low-Value Customers
14.865902891362953,13.74665842657297,3.1780538303479458,0,Premium Customers
13.30900671516814,11.826131414172673,3.091042453358316,2,Low-Value Customers
12.073044212114747,10.92347249254852,3.4965075614664802,2,Low-Value Customers
12.466944874388995,11.11864833735244,3.4011973816621555,2,Low-Value Customers
13.924016830536445,12.462989136249861,3.367295829986474,1,High-Value Customers
14.641987438310109,13.6143830159414,2.70805020110221,0,Premium Customers
13.798585544562947,12.664725440863497,2.8903717578961645,1,High-Value Customers
13.617302272724528,12.688879648166532,2.639057329615259,1,High-Value Customers
12.890475959665974,11.488242634832009,2.995732273553991,2,Low-Value Customers
14.026823506862145,12.976607789970652,3.4339872044851463,1,High-Value Customers
13.878857203475196,12.865182109972068,2.9444389791664403,1,High-Value Customers
14.377116775109112,13.32696729487025,3.4657359027997265,0,Premium Customers
13.148706899663829,12.06853369048678,3.4339872044851463,2,Low-Value Customers
14.05679472875352,12.662430119331386,3.1354942159291497,1,High-Value Customers
14.42229799826416,13.704984144224154,3.6375861597263857,0,Premium Customers
13.064467110241084,12.00056055496041,3.6109179126442243,2,Low-Value Customers
13.885979823045647,12.621511516560208,3.8712010109078907,1,High-Value Customers
13.765164740894086,12.627534028309844,2.995732273553991,1,High-Value Customers
13.239798050167183,11.712695245639582,3.367295829986474,2,Low-Value Customers
13.564669330563312,12.257560880915493,3.2188758248682006,1,High-Value Customers
14.008965689196911,13.114364551925267,2.4849066497880004,1,High-Value Customers
13.568640342381363,11.959796525062295,3.2188758248682006,2,Low-Value Customers
14.581360136535547,13.800393498828576,3.58351893845611,0,Premium Customers
14.606351915257392,13.774651916939211,3.6888794541139363,0,Premium Customers
13.61965825206267,12.712584659042433,3.258096538021482,1,High-Value Customers
12.96355405292353,11.701236217339483,3.1354942159291497,2,Low-Value Customers
13.479867345607463,12.174942749266494,3.091042453358316,1,High-Value Customers
12.783074838724797,11.438473325905562,3.6375861597263857,2,Low-Value Customers
13.338149819437941,12.190201817570706,3.091042453358316,2,Low-Value Customers
13.150717512578215,12.150993562500412,3.2188758248682006,2,Low-Value Customers
13.594646007753129,11.972888606798815,2.639057329615259,2,Low-Value Customers
13.6542512818288,12.795844948857962,3.258096538021482,1,High-Value Customers
13.667187274168343,12.702179233823419,3.5263605246161616,1,High-Value Customers
13.553142550489778,12.035901749562198,3.044522437723423,2,Low-Value Customers
13.632001720631637,12.797432529983874,3.6109179126442243,1,High-Value Customers
14.48481232808174,13.293886372365579,3.8712010109078907,0,Premium Customers
13.370141533772847,12.143200042646567,2.8903717578961645,2,Low-Value Customers
15.009465128951721,14.314335897477648,3.4339872044851463,0,Premium Customers
13.63278668825333,12.569089750382089,3.6375861597263857,1,High-Value Customers
13.804256518151771,12.164132317574795,2.3978952727983707,1,High-Value Customers
13.846108577314169,12.312723143802545,3.091042453358316,1,High-Value Customers
13.599240629088236,12.458629046687822,2.5649493574615367,1,High-Value Customers
13.582271101576485,12.648997494112043,3.6375861597263857,1,High-Value Customers
13.291256525338111,11.787127767168812,3.332204510175204,2,Low-Value Customers
12.121800477117246,10.887433942225421,2.3978952727983707,2,Low-Value Customers
13.14571759230093,11.945834584090171,3.8918202981106265,2,Low-Value Customers
14.548371551237773,13.572946174710761,3.044522437723423,0,Premium Customers
13.014071435979998,11.989599857617357,3.258096538021482,2,Low-Value Customers
14.21205800163572,13.289383613802341,3.7376696182833684,0,Premium Customers
13.331971431790873,12.263767426610604,3.295836866004329,1,High-Value Customers
14.708583032152529,13.934727897847724,3.7376696182833684,0,Premium Customers
13.062269832041826,12.17496023506412,3.7612001156935624,2,Low-Value Customers
14.402804601548434,13.766908407619136,3.7376696182833684,0,Premium Customers
13.522638480707144,12.02890172142478,3.4965075614664802,1,High-Value Customers
14.426753847005388,13.4161203701058,2.9444389791664403,0,Premium Customers
13.33063197917145,11.724009795284807,2.8903717578961645,2,Low-Value Customers
13.851684750567458,12.521347292347265,3.5263605246161616,1,High-Value Customers
13.845785404755594,12.892288258183662,3.6109179126442243,1,High-Value Customers
13.796839544351746,12.404463644457659,2.772588722239781,1,High-Value Customers
13.079857027653901,11.161744259918304,2.639057329615259,2,Low-Value Customers
14.289750986785826,13.437165591660575,3.4657359027997265,0,Premium Customers
14.235549135317713,13.419586503897643,3.5553480614894135,0,Premium Customers
12.757458632794009,11.312891810998497,3.044522437723423,2,Low-Value Customers
13.231384979100582,11.755207030617479,3.6888794541139363,2,Low-Value Customers
13.927076342059378,13.039960789068173,3.6888794541139363,1,High-Value Customers
13.805500322316849,12.788975291895898,3.1354942159291497,1,High-Value Customers
14.529777801542304,13.568658326401966,3.367295829986474,0,Premium Customers
13.029697739713988,12.204940054390901,3.6375861597263857,2,Low-Value Customers
13.796267808107467,12.936834057234204,3.2188758248682006,1,High-Value Customers
13.45879189878433,12.406079598036424,2.70805020110221,1,High-Value Customers
13.538265958418775,12.400235977591416,2.5649493574615367,1,High-Value Customers
13.38165316666658,12.176923404407024,2.8903717578961645,2,Low-Value Customers
14.443892781085218,13.670562412958763,3.5553480614894135,0,Premium Customers
13.799694003115157,12.768239035056931,2.995732273553991,1,High-Value Customers
13.263652223034391,12.168210796702429,2.8903717578961645,2,Low-Value Customers
14.713735204440209,13.431603300551933,3.7612001156935624,0,Premium Customers
13.456633619986613,12.267110593680215,3.58351893845611,1,High-Value Customers
13.108777627616252,11.629452868205616,2.995732273553991,2,Low-Value Customers
13.044166673150881,11.717460792204664,3.295836866004329,2,Low-Value Customers
12.562339596250991,11.19887943066837,2.995732273553991,2,Low-Value Customers
13.973457596778735,12.617664645842803,3.295836866004329,1,High-Value Customers
13.894545668951952,12.906766875334512,2.833213344056216,1,High-Value Customers
12.762110956203674,11.036189303001484,3.2188758248682006,2,Low-Value Customers
13.546842985324318,12.050891843642658,2.8903717578961645,2,Low-Value Customers
13.803707748030762,12.830641475820233,3.4965075614664802,1,High-Value Customers
14.228020367127675,13.268911666437168,3.58351893845611,0,Premium Customers
13.946216338554445,12.900650726863145,3.5263605246161616,1,High-Value Customers
14.153417036996517,13.033052988802469,3.332204510175204,1,High-Value Customers
14.013248002011311,13.352121293498413,3.4339872044851463,0,Premium Customers
14.052115859953929,12.96794064390716,3.2188758248682006,1,High-Value Customers
14.048160381156018,13.020861275153324,3.4011973816621555,1,High-Value Customers
13.188728273453421,11.94919242118843,3.6888794541139363,2,Low-Value Customers
13.050661425384463,11.690245032648777,2.995732273553991,2,Low-Value Customers
14.617719408950837,13.417603922495688,3.713572066704308,0,Premium Customers
14.510355451593508,13.845905893709226,3.7612001156935624,0,Premium Customers
15.164825879901295,14.521823384805167,3.2188758248682006,0,Premium Customers
13.177874940373929,11.480241929831834,3.1780538303479458,2,Low-Value Customers
12.769125690751142,11.412219876088196,2.639057329615259,2,Low-Value Customers
14.631652772533593,13.32586463576812,3.4339872044851463,0,Premium Customers
13.939291861323444,12.899002277428124,3.713572066704308,1,High-Value Customers
14.366906403118325,13.634033752267621,3.5263605246161616,0,Premium Customers
14.294733353550313,13.350723809103537,3.6635616461296463,0,Premium Customers
14.05822440370512,13.106193080003273,3.2188758248682006,1,High-Value Customers
14.99261206827109,14.307843032693073,3.6109179126442243,0,Premium Customers
14.402400682205004,13.75264477036091,3.5553480614894135,0,Premium Customers
14.512679669705017,13.61837949172784,3.9512437185814275,0,Premium Customers
14.51024825298523,13.704190430154462,2.639057329615259,0,Premium Customers
14.899145263864229,14.222599187448102,3.367295829986474,0,Premium Customers
13.16152674275941,11.619028195118721,2.3978952727983707,2,Low-Value Customers
13.154045593509016,12.112387210113564,3.4657359027997265,2,Low-Value Customers
13.1445909836296,12.0345180167762,3.1780538303479458,2,Low-Value Customers
14.09365510244805,12.409003489476863,3.258096538021482,1,High-Value Customers
13.505034900959757,12.829140328724764,3.7612001156935624,1,High-Value Customers
14.032033827492183,13.016032746892773,2.772588722239781,1,High-Value Customers
13.407986130913631,12.700119316684821,3.367295829986474,1,High-Value Customers
14.322243891721985,13.482807730186888,3.8918202981106265,0,Premium Customers
14.0846670414592,12.863043352533866,3.332204510175204,1,High-Value Customers
13.942789713524867,13.053282587766976,3.258096538021482,1,High-Value Customers
12.067579822482285,10.480938206664584,2.3978952727983707,2,Low-Value Customers
12.863962062070637,11.063977794919074,3.1354942159291497,2,Low-Value Customers
13.596253581623285,12.74095963879209,3.4339872044851463,1,High-Value Customers
13.05099123483828,11.919334394205741,2.772588722239781,2,Low-Value Customers
12.266289607794155,10.6035515069684,2.639057329615259,2,Low-Value Customers
14.47957399702345,13.373596800182156,3.2188758248682006,0,Premium Customers
13.991524999993233,12.869646669245547,3.713572066704308,1,High-Value Customers
13.707318916226152,12.271113196879487,2.772588722239781,1,High-Value Customers
13.640567723319924,12.120954910831353,3.091042453358316,1,High-Value Customers
13.818178236543568,12.298745942722395,3.6888794541139363,1,High-Value Customers
13.849999449455485,12.54425089037717,2.772588722239781,1,High-Value Customers
13.296019497514937,12.008966046678866,3.7612001156935624,2,Low-Value Customers
13.425903100070274,12.207040876643111,3.044522437723423,1,High-Value Customers
13.045711939536162,11.348866055424462,3.4657359027997265,2,Low-Value Customers
15.070800676239289,14.452503570260841,3.6888794541139363,0,Premium Customers
13.341458681612359,12.247295007892527,3.8066624897703196,1,High-Value Customers
13.137950721098026,11.755299950783662,2.9444389791664403,2,Low-Value Customers
14.90922049974218,13.99534176641331,3.58351893845611,0,Premium Customers
13.767363456485702,12.845086265119415,3.1354942159291497,1,High-Value Customers
13.494434680773585,11.971711979455765,2.3978952727983707,2,Low-Value Customers
14.270829968607654,13.399763026466319,3.332204510175204,0,Premium Customers
12.233698318344537,11.275264037431084,3.2188758248682006,2,Low-Value Customers
13.481025725147171,12.59852552729717,2.70805020110221,1,High-Value Customers
12.971385894325461,11.195853029423567,3.332204510175204,2,Low-Value Customers
13.661103648646376,12.466512020123725,3.295836866004329,1,High-Value Customers
13.302221786472417,12.10696548129539,3.4657359027997265,2,Low-Value Customers
13.780347075906514,12.527168773350619,3.2188758248682006,1,High-Value Customers
14.908870875812998,13.929714636788258,3.9318256327243257,0,Premium Customers
13.427426839497144,12.286330422382369,3.2188758248682006,1,High-Value Customers
13.087340742377062,11.517307549597394,3.258096538021482,2,Low-Value Customers
12.694632537446994,10.967713516872864,3.044522437723423,2,Low-Value Customers
14.228915482145053,13.17413915637747,3.713572066704308,0,Premium Customers
13.693963093227286,12.008161073517078,2.639057329615259,2,Low-Value Customers
13.812100319706175,12.950849455160819,3.7376696182833684,1,High-Value Customers
13.862254095888925,12.930418302748022,3.091042453358316,1,High-Value Customers
13.60069033395742,12.113214152883296,2.8903717578961645,1,High-Value Customers
13.303244347050713,12.195142023348428,2.8903717578961645,2,Low-Value Customers
14.610661195561052,13.365558591669432,3.5263605246161616,0,Premium Customers
13.399559322089408,11.87919933149082,3.5553480614894135,2,Low-Value Customers
13.526859696387815,12.499335180695397,3.4657359027997265,1,High-Value Customers
13.15976911756706,12.001000935349843,3.828641396489095,2,Low-Value Customers
14.229872769208638,13.4323747060649,3.6375861597263857,0,Premium Customers
13.35001593186776,11.838503070026663,2.639057329615259,2,Low-Value Customers
13.19597338416529,12.046580894207516,3.1354942159291497,2,Low-Value Customers
13.195411327933591,11.976774317375739,2.4849066497880004,2,Low-Value Customers
14.697324033166078,13.715039159957987,3.6888794541139363,0,Premium Customers
13.132231506859252,11.583185213629303,2.833213344056216,2,Low-Value Customers
13.066394897664843,11.759149793981228,3.1780538303479458,2,Low-Value Customers
13.94412352870769,12.658419812818465,3.6635616461296463,1,High-Value Customers
12.454959886128357,10.858680100567476,3.4965075614664802,2,Low-Value Customers
14.734585350741828,13.681047703092025,3.091042453358316,0,Premium Customers
12.866851167898187,11.567188530219715,2.995732273553991,2,Low-Value Customers
13.638324651115749,12.201386181190854,2.70805020110221,1,High-Value Customers
14.421692449563428,13.57411937671857,3.258096538021482,0,Premium Customers
13.747083280070536,12.856656942100761,3.044522437723423,1,High-Value Customers
14.580615189964982,13.216917071145211,3.4657359027997265,0,Premium Customers
14.488985467031354,13.68414571952251,3.6109179126442243,0,Premium Customers
14.148461738651505,13.506073226671555,3.5553480614894135,0,Premium Customers
14.196823865217034,13.413635328524162,3.5553480614894135,0,Premium Customers
13.174746583622136,11.738651837927112,3.2188758248682006,2,Low-Value Customers
14.448280573587805,13.619563676592271,3.367295829986474,0,Premium Customers
14.131935811293955,13.24635082361534,3.258096538021482,0,Premium Customers
13.382778497369413,12.282269042548634,3.6635616461296463,1,High-Value Customers
13.686758685215791,13.042649425684631,3.8918202981106265,1,High-Value Customers
13.851812737492386,12.143536757783076,2.9444389791664403,1,High-Value Customers
14.28936828188644,13.273451354800073,3.367295829986474,0,Premium Customers
13.858317994589276,12.65296916242799,2.639057329615259,1,High-Value Customers
13.210305589365968,12.027444479762814,2.8903717578961645,2,Low-Value Customers
14.06987856044954,13.071542434599097,3.4965075614664802,1,High-Value Customers
13.428678363892631,12.05655210504495,3.1354942159291497,2,Low-Value Customers
13.121798037629908,11.239317091779798,2.8903717578961645,2,Low-Value Customers
14.338863294777298,13.69217126611556,3.713572066704308,0,Premium Customers
14.64633986741203,13.807047497076628,3.7612001156935624,0,Premium Customers
13.608025052118368,12.278514834608755,3.295836866004329,1,High-Value Customers
14.510638919688127,13.754951085900547,3.58351893845611,0,Premium Customers
13.867381039747128,12.432834881500208,3.332204510175204,1,High-Value Customers
14.389555159528328,13.483770413314222,3.295836866004329,0,Premium Customers
13.145102141010899,11.76398499410044,3.258096538021482,2,Low-Value Customers
13.466135235416193,12.405133564178426,3.258096538021482,1,High-Value Customers
13.571872598628765,12.494445541808219,3.332204510175204,1,High-Value Customers
13.805603666367608,12.557469243478343,3.6635616461296463,1,High-Value Customers
13.19917322192564,11.440704603410415,2.995732273553991,2,Low-Value Customers
14.581277485605876,13.743876147110745,3.258096538021482,0,Premium Customers
14.086988870720214,13.429326087998476,3.6375861597263857,0,Premium Customers
12.495548358446731,11.009858002030619,2.5649493574615367,2,Low-Value Customers
14.732834555835213,14.095648870172464,3.4657359027997265,0,Premium Customers
13.971006307065847,13.031988678054397,3.091042453358316,1,High-Value Customers
12.705618056241534,11.795576100947601,3.4011973816621555,2,Low-Value Customers
13.714872639933569,12.41139522237662,3.2188758248682006,1,High-Value Customers
13.529573136057616,12.377061015349351,2.302585092994046,1,High-Value Customers
13.513066501601005,11.803025885858755,2.995732273553991,2,Low-Value Customers
14.275204044882456,13.195856895105287,3.4339872044851463,0,Premium Customers
13.88317064568939,12.263800180723171,3.6375861597263857,1,High-Value Customers
13.292142033204225,11.595219482696308,2.5649493574615367,2,Low-Value Customers
14.350598438316139,13.474242403291074,3.332204510175204,0,Premium Customers
14.094684627283,13.055713573076089,2.8903717578961645,1,High-Value Customers
13.543399006668782,12.231101347977486,2.639057329615259,1,High-Value Customers
13.981234025441221,12.283379599053935,3.7376696182833684,1,High-Value Customers
13.258723069117591,12.425176648845468,3.6109179126442243,1,High-Value Customers
14.528484610624531,13.406567634260172,3.8712010109078907,0,Premium Customers
14.139201872600752,13.205181951869214,3.1780538303479458,0,Premium Customers
13.762456176931446,12.269248222656383,2.302585092994046,1,High-Value Customers
14.926886750328205,13.96144435433564,3.6109179126442243,0,Premium Customers
12.56762362227552,10.903039806139153,3.258096538021482,2,Low-Value Customers
14.377654929193882,13.519305790302433,4.143134726391533,0,Premium Customers
13.29274997844596,11.696493744282597,2.639057329615259,2,Low-Value Customers
13.038316394979514,12.159607047462238,3.4965075614664802,2,Low-Value Customers
12.313866218901097,11.173699119269916,3.1780538303479458,2,Low-Value Customers
14.122941756281058,12.843718585438697,2.8903717578961645,1,High-Value Customers
13.641271759492058,12.658524705695996,3.5553480614894135,1,High-Value Customers
14.007498502663148,12.781915151001073,3.7376696182833684,1,High-Value Customers
13.58692133083653,11.91617425218603,2.4849066497880004,2,Low-Value Customers
14.130149056694288,13.303113984235624,2.302585092994046,1,High-Value Customers
13.580483830554432,12.177410739456986,2.9444389791664403,1,High-Value Customers
14.373959534010815,13.512784584695469,3.5263605246161616,0,Premium Customers
14.077357026860312,12.907310235291547,3.367295829986474,1,High-Value Customers
13.480321823301907,12.328890054105134,3.58351893845611,1,High-Value Customers
12.439783090059157,10.996535053118448,2.833213344056216,2,Low-Value Customers
14.517027489235277,13.541148183173696,3.6888794541139363,0,Premium Customers
13.946801689326378,12.966254307849795,3.4339872044851463,1,High-Value Customers
13.44242750568247,12.261061463052767,2.833213344056216,1,High-Value Customers
14.084552989139395,12.771233999777774,2.9444389791664403,1,High-Value Customers
13.591561257121082,12.780930565448486,2.833213344056216,1,High-Value Customers
14.59650736200374,13.62863960433988,3.091042453358316,0,Premium Customers
13.701524941725388,12.7061506297769,2.9444389791664403,1,High-Value Customers
13.521597124178195,11.842040345357763,2.9444389791664403,2,Low-Value Customers
14.089546717001854,13.15773947873046,2.302585092994046,1,High-Value Customers
14.089710800077613,12.559840167009376,2.8903717578961645,1,High-Value Customers
14.053790084279054,13.347293332149366,3.4339872044851463,0,Premium Customers
13.959975796394911,13.12685609004009,2.8903717578961645,1,High-Value Customers
14.390788384767536,13.201636724580577,3.6635616461296463,0,Premium Customers
14.304527348548167,13.440991217001466,3.091042453358316,0,Premium Customers
13.87147064242762,12.641369107731016,3.2188758248682006,1,High-Value Customers
14.881070964919406,14.255914648763758,3.7612001156935624,0,Premium Customers
13.984957204321546,12.847460975979898,2.9444389791664403,1,High-Value Customers
14.00351727357424,12.892125395020194,2.995732273553991,1,High-Value Customers
13.02887495319515,11.857516086715078,3.5553480614894135,2,Low-Value Customers
12.942876048389646,11.488570167982552,3.6635616461296463,2,Low-Value Customers
13.715582747293531,12.743142691840552,3.4011973816621555,1,High-Value Customers
12.544027853434285,11.305935858284236,2.833213344056216,2,Low-Value Customers
13.830801050284641,12.911564071420356,3.5553480614894135,1,High-Value Customers
13.198712120012855,12.10362288949831,2.8903717578961645,2,Low-Value Customers
14.203325724884012,12.96021275654319,3.5263605246161616,1,High-Value Customers
13.801199643570838,12.853615555318594,3.4339872044851463,1,High-Value Customers
13.341829455093704,12.166467462477812,2.8903717578961645,2,Low-Value Customers
13.604829846823407,12.231100177638497,3.332204510175204,1,High-Value Customers
13.219641728179768,12.330385427029341,2.8903717578961645,2,Low-Value Customers
12.889959178350868,11.137399960376008,2.70805020110221,2,Low-Value Customers
13.308908336399712,11.199656556896477,3.295836866004329,2,Low-Value Customers
12.341166710296344,10.784172660938983,2.639057329615259,2,Low-Value Customers
14.090577432356273,13.108792102839828,3.5263605246161616,0,Premium Customers
14.6499051292484,14.021963317755201,3.9889840465642745,0,Premium Customers
15.001405122203456,14.067209231302481,3.1354942159291497,0,Premium Customers
13.717958432877694,12.521091246977166,2.9444389791664403,1,High-Value Customers
13.990953586833824,13.157021717976374,3.295836866004329,1,High-Value Customers
13.651227921107479,11.97101819019463,2.995732273553991,2,Low-Value Customers
13.778897464413905,12.650874549797317,2.9444389791664403,1,High-Value Customers
13.881409032071463,13.038344282705706,3.1354942159291497,1,High-Value Customers
14.011683826966653,12.751728821317366,3.1780538303479458,1,High-Value Customers
14.333174248768252,13.084118205855564,3.970291913552122,0,Premium Customers
13.677504712747506,12.705469256231112,3.4657359027997265,1,High-Value Customers
13.190800619891407,11.246753841702036,2.8903717578961645,2,Low-Value Customers
14.971398453419786,13.922777901469793,3.5553480614894135,0,Premium Customers
14.063484429459901,13.069402925660865,3.5263605246161616,1,High-Value Customers
13.999667138405346,12.835183072379548,3.2188758248682006,1,High-Value Customers
13.626726874532826,12.554651302813095,3.4965075614664802,1,High-Value Customers
14.449741303800138,13.324459783330875,3.4339872044851463,0,Premium Customers
14.739780657837603,13.684706517018359,3.332204510175204,0,Premium Customers
14.10615084557981,13.377289245468013,3.4011973816621555,0,Premium Customers
13.656606451818876,12.507348847674054,2.833213344056216,1,High-Value Customers
14.044694485419315,13.125637571376371,3.6109179126442243,0,Premium Customers
14.38687701274223,13.29038431605197,3.5553480614894135,0,Premium Customers
13.517660041674418,12.184480299642688,2.9444389791664403,1,High-Value Customers
14.304233139306971,13.041562782606887,3.332204510175204,0,Premium Customers
13.262340966091367,11.909008835212257,3.5553480614894135,2,Low-Value Customers
13.0690217972373,11.091077131741114,2.9444389791664403,2,Low-Value Customers
14.624096446167561,13.861500089735662,3.5263605246161616,0,Premium Customers
13.42455580362693,12.249068100373398,3.295836866004329,1,High-Value Customers
12.94450162886486,11.799577156762133,3.091042453358316,2,Low-Value Customers
14.930091522609757,14.06145299624329,4.060443010546419,0,Premium Customers
13.293835238537802,12.206131993769032,2.995732273553991,2,Low-Value Customers
13.598609022173477,12.4391823295529,3.091042453358316,1,High-Value Customers
13.717145009270583,12.754731972919371,3.5553480614894135,1,High-Value Customers
14.228519347491085,13.472503030776158,3.367295829986474,0,Premium Customers
13.517165167210837,12.136912099272308,2.833213344056216,2,Low-Value Customers
14.125616759747663,12.850216933045504,2.8903717578961645,1,High-Value Customers
12.861557236431723,11.674624668584524,2.9444389791664403,2,Low-Value Customers
14.850494819313932,14.090389273627123,3.1354942159291497,0,Premium Customers
13.82263322146432,12.762417833737521,3.1780538303479458,1,High-Value Customers
13.022784073845118,12.18904636760686,3.1354942159291497,2,Low-Value Customers
13.35998629886337,12.055025079394946,3.4339872044851463,2,Low-Value Customers
13.918577043345577,12.96863209961574,3.4965075614664802,1,High-Value Customers
14.917309656688172,13.912046522551009,3.4339872044851463,0,Premium Customers
13.907893430108492,13.094890674942796,2.772588722239781,1,High-Value Customers
14.094499108522532,13.14172849724337,3.295836866004329,1,High-Value Customers
13.38939543843139,12.07923434695278,3.044522437723423,2,Low-Value Customers
13.462050739964539,11.668581126030608,2.772588722239781,2,Low-Value Customers
13.108479582012745,11.95805061279055,2.995732273553991,2,Low-Value Customers
14.482363238346739,13.787364970963498,4.007333185232471,0,Premium Customers
12.999696635845803,11.640674584931052,3.1354942159291497,2,Low-Value Customers
15.224906153909242,14.514967524887105,3.713572066704308,0,Premium Customers
13.335286089441265,12.129918280943013,3.295836866004329,2,Low-Value Customers
13.45442725432776,11.913461444861264,2.4849066497880004,2,Low-Value Customers
13.55229471800928,11.855152397236411,3.4339872044851463,2,Low-Value Customers
13.942240886946367,12.674632232648761,2.4849066497880004,1,High-Value Customers
14.05316818858925,13.200723753828806,3.258096538021482,1,High-Value Customers
14.289792627865964,13.409697769422271,2.8903717578961645,0,Premium Customers
14.668827483096548,13.656602747579335,3.258096538021482,0,Premium Customers
12.753760983399694,11.362565026428141,3.2188758248682006,2,Low-Value Customers
12.884865443120361,11.341458503326546,2.70805020110221,2,Low-Value Customers
14.47905865587143,13.306742499292003,2.995732273553991,0,Premium Customers
13.753506763025664,12.957868261241204,3.58351893845611,1,High-Value Customers
14.210457335204467,13.269723113739705,3.6375861597263857,0,Premium Customers
13.268458060365713,11.558173936171396,2.639057329615259,2,Low-Value Customers
13.673584577747365,12.572776689496928,3.5553480614894135,1,High-Value Customers
13.76161809919992,12.212244907867845,3.258096538021482,1,High-Value Customers
13.973950010700392,12.759076738588384,3.091042453358316,1,High-Value Customers
13.855009222870002,12.389652993047877,3.367295829986474,1,High-Value Customers
13.176523724864543,11.830697072586325,3.5263605246161616,2,Low-Value Customers
13.512444679230533,11.757177848946363,2.5649493574615367,2,Low-Value Customers
13.435902681575254,12.259855373704546,2.70805020110221,1,High-Value Customers
13.23853172348419,11.914459054778513,3.5553480614894135,2,Low-Value Customers
14.309569230742758,12.793262771427164,2.9444389791664403,1,High-Value Customers
14.52749187247228,13.409319956749616,3.4965075614664802,0,Premium Customers
14.024028498556735,12.999736089782969,3.1354942159291497,1,High-Value Customers
13.569609252263726,11.486386604111903,2.4849066497880004,2,Low-Value Customers
13.672369275044407,12.75497761980438,3.6635616461296463,1,High-Value Customers
13.720431660412148,12.437556916135943,3.4965075614664802,1,High-Value Customers
14.960696406742837,14.29749530733684,3.4657359027997265,0,Premium Customers
14.252349784032223,12.985746819118111,3.7376696182833684,0,Premium Customers
13.100514990167515,11.758290206693628,2.70805020110221,2,Low-Value Customers
13.179267014346955,12.142812773239301,3.044522437723423,2,Low-Value Customers
13.665415170977242,12.271391362236015,2.9444389791664403,1,High-Value Customers
13.635524132627436,12.44871418950885,3.4339872044851463,1,High-Value Customers
13.28275117164568,11.602301252869399,2.639057329615259,2,Low-Value Customers
13.268664414957763,11.851633129730555,2.3978952727983707,2,Low-Value Customers
13.286348562423898,11.952528454603753,2.772588722239781,2,Low-Value Customers
14.349728376460805,13.586367269166477,3.091042453358316,0,Premium Customers
14.616469465507402,13.82134204176328,3.6109179126442243,0,Premium Customers
13.193458525558349,12.069192394591044,2.639057329615259,2,Low-Value Customers
14.328211787681209,13.641867513704335,3.713572066704308,0,Premium Customers
13.044384668219685,11.747594343802705,3.332204510175204,2,Low-Value Customers
13.206819868450571,12.126609761393144,2.70805020110221,2,Low-Value Customers
13.448911042269177,12.133689838269545,3.295836866004329,1,High-Value Customers
13.70702617923406,12.340414971759143,2.9444389791664403,1,High-Value Customers
13.323801198550319,11.74977048104733,3.4011973816621555,2,Low-Value Customers
14.77405446580976,14.114919842077118,2.995732273553991,0,Premium Customers
14.816013209334246,13.823508449393977,3.5553480614894135,0,Premium Customers
13.654052171773937,12.34861883871405,3.044522437723423,1,High-Value Customers
14.030909315639029,12.38962577695799,3.4657359027997265,1,High-Value Customers
14.072141634457022,13.190938204189436,3.295836866004329,0,Premium Customers
13.092910591142891,11.492406176934075,2.3978952727983707,2,Low-Value Customers
13.234414890330934,11.333333499450152,3.295836866004329,2,Low-Value Customers
13.42386986082025,12.041530317400191,3.6109179126442243,2,Low-Value Customers
14.38663817833231,13.345166854899992,2.4849066497880004,0,Premium Customers
14.156721492059948,12.793176021488007,3.044522437723423,1,High-Value Customers
12.994631818893144,10.955180301325717,3.091042453358316,2,Low-Value Customers
14.783429145853997,14.078510820142338,3.7376696182833684,0,Premium Customers
12.57181675002732,11.332440700240426,2.8903717578961645,2,Low-Value Customers
13.192400391584522,12.334192647957492,3.4657359027997265,1,High-Value Customers
14.555028244346714,13.923211679266316,3.784189633918261,0,Premium Customers
13.310877007018215,12.104846460625858,3.4011973816621555,2,Low-Value Customers
14.333081055839413,13.583323777131055,3.367295829986474,0,Premium Customers
13.45727513997612,12.610061531224671,3.2188758248682006,1,High-Value Customers
12.779091974750878,11.5058887653681,2.772588722239781,2,Low-Value Customers
13.822470233142697,12.46483940827967,2.995732273553991,1,High-Value Customers
13.692889781788622,12.010021690394048,3.1354942159291497,1,High-Value Customers
14.270069612666745,13.475286594408528,3.258096538021482,0,Premium Customers
13.269583335167516,11.905688981643024,3.295836866004329,2,Low-Value Customers
14.115316179801425,12.906562651442778,3.258096538021482,1,High-Value Customers
13.335718716083502,12.197072465141055,2.995732273553991,2,Low-Value Customers
13.934671577098513,12.477116441343219,3.258096538021482,1,High-Value Customers
13.525577714426573,12.134699031609312,3.044522437723423,1,High-Value Customers
13.302722109116871,11.645142143737104,2.8903717578961645,2,Low-Value Customers
14.058869490595688,12.412925379120216,2.9444389791664403,1,High-Value Customers
13.427128706542781,12.223192215861673,2.5649493574615367,2,Low-Value Customers
13.69149739153373,12.127175747832263,2.772588722239781,1,High-Value Customers
13.101262899864757,11.728453693177597,2.4849066497880004,2,Low-Value Customers
12.078634082436825,10.930562664286997,3.258096538021482,2,Low-Value Customers
13.286824125351743,11.789085437236334,3.258096538021482,2,Low-Value Customers
13.912583909739674,12.90453694015183,3.2188758248682006,1,High-Value Customers
12.80212756181611,12.116882296303865,3.1780538303479458,2,Low-Value Customers
14.485261217019806,13.777427974495623,3.9512437185814275,0,Premium Customers
13.406766274231734,12.421185879984108,3.4339872044851463,1,High-Value Customers
13.458139829166244,11.973595483776661,3.5263605246161616,2,Low-Value Customers
14.40171264030052,13.368129873217844,3.5553480614894135,0,Premium Customers
12.645795305271848,11.499227068887828,2.995732273553991,2,Low-Value Customers
14.008648877081914,13.077789331902697,3.332204510175204,1,High-Value Customers
12.542633521079983,10.841797668570706,2.8903717578961645,2,Low-Value Customers
13.37840303750588,12.1647891382793,2.639057329615259,2,Low-Value Customers
14.933407264517859,14.180044561433224,3.4657359027997265,0,Premium Customers
13.493989897371808,12.025468153736009,3.4011973816621555,2,Low-Value Customers
13.628295575870212,12.690252379801908,3.6635616461296463,1,High-Value Customers
14.618790877077345,13.833331517170253,3.912023005428146,0,Premium Customers
13.130349483400584,12.124547573029922,3.4965075614664802,2,Low-Value Customers
13.41509070611953,11.752944304277214,3.4965075614664802,2,Low-Value Customers
14.324249019120963,13.058205626431263,3.713572066704308,0,Premium Customers
14.18814769652187,12.760386546124511,3.2188758248682006,1,High-Value Customers
12.866059473796229,11.810755175541491,2.639057329615259,2,Low-Value Customers
13.321034679046475,12.220857065403944,2.3978952727983707,2,Low-Value Customers
14.60580092824802,13.868216217993746,3.1354942159291497,0,Premium Customers
14.077994369131927,12.882943228039922,3.8501476017100584,1,High-Value Customers
14.13521712577326,12.94944419938502,3.1354942159291497,1,High-Value Customers
13.270342268004518,11.718212859784266,2.9444389791664403,2,Low-Value Customers
12.790530804876399,11.538956498548664,3.58351893845611,2,Low-Value Customers
14.538631372187039,13.653616339176477,3.6109179126442243,0,Premium Customers
13.139640032804252,11.359223900942036,2.9444389791664403,2,Low-Value Customers
13.539158708760578,12.145927711770025,3.258096538021482,1,High-Value Customers
13.09799275147069,11.387890673778783,2.9444389791664403,2,Low-Value Customers
14.429948393194561,13.585869631851667,3.4011973816621555,0,Premium Customers
13.87493978322592,13.2383729124489,3.970291913552122,0,Premium Customers
14.121620931405378,12.881168196402477,3.713572066704308,1,High-Value Customers
14.626084030555162,13.906392264722385,3.9889840465642745,0,Premium Customers
13.431858540110703,12.37305003879109,3.295836866004329,1,High-Value Customers
12.820471650980952,11.650915664823088,2.9444389791664403,2,Low-Value Customers
13.983995605234998,13.15941630028953,2.995732273553991,1,High-Value Customers
13.980125464865958,12.790400195698396,3.6635616461296463,1,High-Value Customers
13.61081527358671,12.791906432584813,3.1354942159291497,1,High-Value Customers
13.982700591847465,12.528433026653795,3.5553480614894135,1,High-Value Customers
14.854902181931774,13.920221989012255,3.5553480614894135,0,Premium Customers
14.179220653092464,13.153511401600326,3.295836866004329,0,Premium Customers
14.700905587103529,13.492825720827721,3.4965075614664802,0,Premium Customers
13.987212601802653,13.068355222167398,2.8903717578961645,1,High-Value Customers
14.049808673167744,12.494662830522918,2.833213344056216,1,High-Value Customers
14.761100559375148,13.740275814318839,3.4965075614664802,0,Premium Customers
13.751287048538636,12.713979443666123,3.828641396489095,1,High-Value Customers
14.058894562283626,12.887627291558312,3.295836866004329,1,High-Value Customers
14.44666555671124,13.395764313136583,3.332204510175204,0,Premium Customers
13.782799952003545,12.6459640753759,3.1780538303479458,1,High-Value Customers
12.640167451256666,11.52994510570212,2.833213344056216,2,Low-Value Customers
13.019532836437639,11.587714333832594,2.5649493574615367,2,Low-Value Customers
14.011473808957275,13.166876254629363,3.367295829986474,1,High-Value Customers
14.149933517679742,13.040659512439346,2.9444389791664403,1,High-Value Customers
14.203314474664868,12.925596069359106,2.302585092994046,1,High-Value Customers
14.650497807055194,13.93952394019667,3.6635616461296463,0,Premium Customers
13.455068355380707,12.470509069284228,2.8903717578961645,1,High-Value Customers
14.725164341944254,13.452458279127493,3.8066624897703196,0,Premium Customers
14.721246911825503,14.026652586248266,3.8501476017100584,0,Premium Customers
13.207467323069578,12.101120324327432,3.1354942159291497,2,Low-Value Customers
13.631873340067687,12.735721740905248,3.4339872044851463,1,High-Value Customers
13.910888280942054,13.278913125735473,4.04305126783455,0,Premium Customers
13.596630392989201,11.925196559717932,3.1354942159291497,2,Low-Value Customers
13.342902644512348,12.671463276239892,3.4339872044851463,1,High-Value Customers
13.6372621426555,12.2198500497276,3.295836866004329,1,High-Value Customers
13.663339713635333,12.864536503393849,2.9444389791664403,1,High-Value Customers
13.418417079770913,12.239641600234947,3.1354942159291497,1,High-Value Customers
13.976285486075321,13.014707496075832,3.332204510175204,1,High-Value Customers
12.820954752072577,11.191855777720098,2.5649493574615367,2,Low-Value Customers
14.436694973766885,13.474477749727402,2.8903717578961645,0,Premium Customers
14.297299986026133,13.040368219940571,3.295836866004329,0,Premium Customers
14.092641828441183,13.056561210202261,3.4011973816621555,1,High-Value Customers
13.465717408635598,12.168858821227628,3.1354942159291497,1,High-Value Customers
13.880817480680722,12.784463137671828,2.639057329615259,1,High-Value Customers
15.1519972101416,14.229530819497583,3.258096538021482,0,Premium Customers
14.21973384199466,12.657180175209277,3.4011973816621555,1,High-Value Customers
13.453506482250619,11.83397132452824,3.367295829986474,2,Low-Value Customers
14.36810874575614,13.183526338995783,3.367295829986474,0,Premium Customers
14.808728463734402,14.183583249099998,3.5553480614894135,0,Premium Customers
12.595280382488374,11.243454688959568,3.258096538021482,2,Low-Value Customers
13.392719208683179,12.253888335053377,2.833213344056216,1,High-Value Customers
13.068822211076219,11.98416695275286,3.7376696182833684,2,Low-Value Customers
13.006278965768969,12.068086315821406,3.4011973816621555,2,Low-Value Customers
13.634214435233055,12.74643297415999,3.295836866004329,1,High-Value Customers
13.666910277797431,12.65105605071426,3.4339872044851463,1,High-Value Customers
12.821431783082192,11.47310088952881,2.70805020110221,2,Low-Value Customers
14.76285218612079,13.414366620137418,3.5553480614894135,0,Premium Customers
14.800795416257927,14.06232898659098,3.7376696182833684,0,Premium Customers
14.525779840144818,13.887770724690867,3.713572066704308,0,Premium Customers
13.5971999217792,12.117924313360977,3.091042453358316,1,High-Value Customers
13.311554319187703,12.019169348576673,3.1354942159291497,2,Low-Value Customers
13.039423257950974,12.174980866880485,3.58351893845611,2,Low-Value Customers
14.589184738140249,13.315931965226403,2.8903717578961645,0,Premium Customers
14.518413609877305,13.78283513359753,3.044522437723423,0,Premium Customers
12.643679850603188,10.52524586850876,3.091042453358316,2,Low-Value Customers
14.332962642166244,13.681207782185966,3.8918202981106265,0,Premium Customers
14.168566935782414,13.03607127621928,3.1354942159291497,1,High-Value Customers
13.133800345239193,11.474086398980402,2.9444389791664403,2,Low-Value Customers
13.578842359532475,12.356165948180815,3.6888794541139363,1,High-Value Customers
14.123125374246712,13.163619882311272,3.5263605246161616,0,Premium Customers
14.031862433976347,13.194412913860766,3.258096538021482,1,High-Value Customers
14.58391401719301,13.508383069608726,3.8501476017100584,0,Premium Customers
14.292204891942667,12.971895354929469,3.091042453358316,1,High-Value Customers
14.426330068561535,13.551867095672003,3.6635616461296463,0,Premium Customers
13.693980178527374,12.026161102319119,3.7612001156935624,1,High-Value Customers
14.864043036727262,13.883280284380856,3.7612001156935624,0,Premium Customers
13.34862309243322,11.92044738971342,3.4339872044851463,2,Low-Value Customers
13.076619770762145,11.920847153213073,2.4849066497880004,2,Low-Value Customers
13.075560679913924,11.711023417401735,3.2188758248682006,2,Low-Value Customers
13.252613020976272,11.76273190124696,3.4657359027997265,2,Low-Value Customers
14.433902769420795,13.825877613856688,3.6635616461296463,0,Premium Customers
13.56383209343021,11.7989087452914,2.4849066497880004,2,Low-Value Customers
14.436011951472034,13.37436530707976,2.8903717578961645,0,Premium Customers
14.175981222034226,12.831692282271714,3.332204510175204,1,High-Value Customers
13.681408499683933,12.098839043407322,3.713572066704308,1,High-Value Customers
13.338300496649612,12.380294740056453,3.295836866004329,1,High-Value Customers
13.829084395189643,12.218156589699884,3.4011973816621555,1,High-Value Customers
13.208188809772885,12.052248279123566,3.258096538021482,2,Low-Value Customers
14.20324417489236,13.400830628499504,3.4965075614664802,0,Premium Customers
14.616327001971625,13.669826233856087,3.091042453358316,0,Premium Customers
13.829856244775423,12.730647849101956,2.9444389791664403,1,High-Value Customers
13.501552269684145,12.319708649681331,3.258096538021482,1,High-Value Customers
14.333910541703732,13.507179569815282,3.7612001156935624,0,Premium Customers
14.637321338898724,13.735387763750563,3.7376696182833684,0,Premium Customers
13.580431346709663,12.712806720313909,3.5263605246161616,1,High-Value Customers
14.029837040920734,12.705340373402434,3.258096538021482,1,High-Value Customers
13.551435266524647,12.132049285181388,3.58351893845611,1,High-Value Customers
13.31474897145792,12.149361913818566,2.833213344056216,2,Low-Value Customers
14.311637939864877,13.134204256677771,3.4965075614664802,0,Premium Customers
13.967661568356041,12.425490183871501,3.1780538303479458,1,High-Value Customers
12.490517220437786,11.333756453678632,2.8903717578961645,2,Low-Value Customers
12.710503546569884,11.23983481799937,3.258096538021482,2,Low-Value Customers
14.269111737004442,13.29214328210378,2.833213344056216,0,Premium Customers
13.574312729598502,12.318111168578508,3.713572066704308,1,High-Value Customers
14.85900553420933,13.938803461934658,3.091042453358316,0,Premium Customers
14.321341993507136,13.498360841249267,3.5263605246161616,0,Premium Customers
13.128594881191777,12.03118947521793,3.044522437723423,2,Low-Value Customers
14.025457568703272,12.574710962100133,3.4657359027997265,1,High-Value Customers
14.451311408793892,13.252758316496836,2.995732273553991,0,Premium Customers
13.165151623184983,11.665023525329058,2.772588722239781,2,Low-Value Customers
14.617257115403723,13.41381439843802,3.367295829986474,0,Premium Customers
13.740428898084321,12.927407591803089,3.1354942159291497,1,High-Value Customers
12.923355137075331,11.541813071136287,2.772588722239781,2,Low-Value Customers
13.750276883263442,12.694953872648577,3.295836866004329,1,High-Value Customers
14.559568006066353,13.277178767691204,2.772588722239781,0,Premium Customers
13.54054082030081,12.467473869499914,3.1780538303479458,1,High-Value Customers
14.243132976441553,13.310231075882097,3.367295829986474,0,Premium Customers
14.128235540181791,13.221344773675597,3.332204510175204,0,Premium Customers
14.692704285832855,13.75653808559701,3.4339872044851463,0,Premium Customers
13.840856888541792,12.895999320825554,3.58351893845611,1,High-Value Customers
14.724529860961018,13.623029301761084,3.4339872044851463,0,Premium Customers
12.568715461244443,11.096313055925945,2.995732273553991,2,Low-Value Customers
13.122281374042146,12.303768386709853,2.8903717578961645,2,Low-Value Customers
14.561368208244268,13.954856787856015,3.4011973816621555,0,Premium Customers
13.93874389592421,12.24144311947775,3.1780538303479458,1,High-Value Customers
13.726312686883123,12.848796337522312,3.8501476017100584,1,High-Value Customers
13.295966488762605,12.010155992789109,2.70805020110221,2,Low-Value Customers
14.559770641142153,13.860457489223203,3.6109179126442243,0,Premium Customers
13.205529184659872,11.65214386835048,2.70805020110221,2,Low-Value Customers
14.196408967387912,13.189259529644286,2.833213344056216,1,High-Value Customers
14.533291846964232,13.248073717677395,3.5553480614894135,0,Premium Customers
13.695135282856505,12.640763231725144,3.4657359027997265,1,High-Value Customers
14.211335199073174,13.241451143751547,3.828641396489095,0,Premium Customers
13.253730021149801,12.614426178121088,3.1354942159291497,1,High-Value Customers
14.33386007413149,13.059456377944489,3.258096538021482,0,Premium Customers
12.814346452849868,11.38784625182735,3.044522437723423,2,Low-Value Customers
13.636577712995267,12.824947471195525,3.7376696182833684,1,High-Value Customers
13.571246531373566,11.922456363207287,3.4965075614664802,2,Low-Value Customers
13.149096560272854,12.097907088308034,2.995732273553991,2,Low-Value Customers
14.697338577983201,14.048037285270329,3.258096538021482,0,Premium Customers
14.506416273316946,13.435938872892265,3.5263605246161616,0,Premium Customers
13.81392751561366,12.639602527754104,3.6888794541139363,1,High-Value Customers
13.95949094669174,12.496398582390302,2.8903717578961645,1,High-Value Customers
13.412014529944841,12.789674510804424,3.6635616461296463,1,High-Value Customers
14.189870146680395,13.049871778215701,3.044522437723423,1,High-Value Customers
14.755186265405019,13.986494587192448,3.5553480614894135,0,Premium Customers
14.01527458980388,13.23482087977022,3.6109179126442243,0,Premium Customers
13.877112847590103,12.480832914924852,3.044522437723423,1,High-Value Customers
13.184185832120642,12.50621312622541,3.2188758248682006,1,High-Value Customers
14.471718700768747,13.242834335137097,3.2188758248682006,0,Premium Customers
13.384600172209446,11.870294967647187,2.995732273553991,2,Low-Value Customers
13.44782909245642,12.020000443853057,2.8903717578961645,2,Low-Value Customers
13.847486436721423,12.569233723946287,2.772588722239781,1,High-Value Customers
13.363550645331985,12.427746437276756,3.2188758248682006,1,High-Value Customers
13.332843030990722,12.286219763137419,3.1780538303479458,1,High-Value Customers
13.50794779436941,12.43622763913459,3.5263605246161616,1,High-Value Customers
12.459613637621569,11.344968363619282,3.258096538021482,2,Low-Value Customers
12.98354649831615,11.839508824564234,3.2188758248682006,2,Low-Value Customers
13.385242186394157,12.1858418255726,3.091042453358316,2,Low-Value Customers
13.902701859599826,13.226658922181922,3.784189633918261,0,Premium Customers
13.68221696563445,12.14614067127802,3.258096538021482,1,High-Value Customers
14.306660470219937,13.189624657218047,3.4011973816621555,0,Premium Customers
14.329689636609874,13.176768434233324,3.258096538021482,0,Premium Customers
13.701544352684591,12.603776277826519,3.5553480614894135,1,High-Value Customers
13.077953391233576,12.010217967748629,2.772588722239781,2,Low-Value Customers
13.049446667723322,11.686232765156783,2.639057329615259,2,Low-Value Customers
12.782717666636456,11.587231967415509,3.044522437723423,2,Low-Value Customers
13.401311580413653,12.046287270583145,3.4339872044851463,2,Low-Value Customers
14.183866644927335,13.204315663748341,3.6375861597263857,0,Premium Customers
12.651399863616794,11.151240563554936,2.995732273553991,2,Low-Value Customers
12.681424634268888,11.742011087161965,3.4965075614664802,2,Low-Value Customers
13.506386861394532,12.606063564233418,3.4965075614664802,1,High-Value Customers
13.065001707615172,11.952745557493465,3.4657359027997265,2,Low-Value Customers
12.933675381777235,11.779127739461067,2.8903717578961645,2,Low-Value Customers
12.111584917419714,10.837062448922032,2.70805020110221,2,Low-Value Customers
13.915301040750904,13.100374381745771,3.367295829986474,1,High-Value Customers
14.707449173372671,13.708531243870096,3.258096538021482,0,Premium Customers
13.124205918881742,12.070287171514762,3.4339872044851463,2,Low-Value Customers
13.640138985978526,12.245747053825172,3.58351893845611,1,High-Value Customers
14.343089800815587,13.444634815433567,3.5553480614894135,0,Premium Customers
14.548880363058165,13.73466933906549,3.4339872044851463,0,Premium Customers
13.154503640922249,11.872011639554444,2.302585092994046,2,Low-Value Customers
13.753880464580678,12.658665361924154,3.6109179126442243,1,High-Value Customers
13.834868792414932,12.300992249069518,3.367295829986474,1,High-Value Customers
14.178036431781049,13.094495387134254,3.970291913552122,0,Premium Customers
13.211649777897719,11.610933184957466,2.70805020110221,2,Low-Value Customers
13.991789268483943,13.044424624864137,2.833213344056216,1,High-Value Customers
14.467829421067307,13.408113750325336,3.713572066704308,0,Premium Customers
13.478288936624459,12.414906134558182,3.091042453358316,1,High-Value Customers
14.444588318008412,13.593699555911801,3.1354942159291497,0,Premium Customers
12.885196076369718,11.69167121953015,3.2188758248682006,2,Low-Value Customers
12.819274344939931,10.90851106227225,3.1780538303479458,2,Low-Value Customers
13.040433800712547,12.08005722282227,3.7376696182833684,2,Low-Value Customers
13.675179356091668,12.618119777846474,3.7612001156935624,1,High-Value Customers
14.902970284021473,14.1303061152073,3.6635616461296463,0,Premium Customers
14.279828391163502,13.40242529508273,3.367295829986474,0,Premium Customers
12.996948011978242,12.261467001556886,2.995732273553991,2,Low-Value Customers
13.380799660520914,12.515371067136853,3.295836866004329,1,High-Value Customers
13.758896681719168,12.539870129616597,3.044522437723423,1,High-Value Customers
12.98216135120649,11.593512885799075,2.833213344056216,2,Low-Value Customers
13.93319457538518,13.09790153118535,3.5553480614894135,1,High-Value Customers
14.692955458088333,14.042124496512672,3.7612001156935624,0,Premium Customers
14.597503747796381,13.923431567757378,3.5263605246161616,0,Premium Customers
14.016242130664278,13.050281317856975,3.4339872044851463,1,High-Value Customers
14.155658886614853,13.069512829020667,2.3978952727983707,1,High-Value Customers
13.735413797996605,12.166652116415012,3.6635616461296463,1,High-Value Customers
13.527693556409972,12.711815996398249,3.4657359027997265,1,High-Value Customers
13.645878069345459,11.998621693770312,3.1780538303479458,1,High-Value Customers
13.977439712579029,12.764089040833102,3.367295829986474,1,High-Value Customers
14.460042937977688,13.636792624313905,3.7612001156935624,0,Premium Customers
14.198114325679121,13.16607642719405,3.784189633918261,0,Premium Customers
13.265218808267083,11.724673452785497,2.833213344056216,2,Low-Value Customers
13.704420537775578,12.594352360395186,3.332204510175204,1,High-Value Customers
12.91666332479021,11.616577572128945,3.6635616461296463,2,Low-Value Customers
13.241606182634031,11.35834085767673,2.9444389791664403,2,Low-Value Customers
13.91477659395101,12.678519786966909,3.58351893845611,1,High-Value Customers
13.923674033656766,12.926854667054073,3.091042453358316,1,High-Value Customers
14.326960990496609,12.740205600876484,3.4965075614664802,1,High-Value Customers
12.61095541744686,10.826753500927166,2.8903717578961645,2,Low-Value Customers
13.937137547266486,12.695860550188009,3.332204510175204,1,High-Value Customers
13.394002984880546,12.25573695133598,2.4849066497880004,2,Low-Value Customers
14.603082176174754,13.713839007477628,3.6635616461296463,0,Premium Customers
13.4497868543492,12.155288116436452,3.367295829986474,1,High-Value Customers
14.495941032882309,13.858650695513573,2.3978952727983707,0,Premium Customers
14.204581140594026,13.117572097532713,3.2188758248682006,0,Premium Customers
14.677033025783961,14.058413661137127,3.6375861597263857,0,Premium Customers
13.499043394812299,12.075244624074212,3.044522437723423,2,Low-Value Customers
13.757034911071312,12.647987387305125,2.639057329615259,1,High-Value Customers
13.321528104920324,12.046578255146212,3.4339872044851463,2,Low-Value Customers
14.546502962857105,13.587262412851173,3.5263605246161616,0,Premium Customers
13.453163069810854,11.74432650915498,3.1354942159291497,2,Low-Value Customers
14.710658679726142,13.775591686755364,3.6109179126442243,0,Premium Customers
13.353147060442174,12.18260701863489,2.995732273553991,2,Low-Value Customers
14.490344352457631,13.48169077647166,3.8501476017100584,0,Premium Customers
13.180830530027508,11.769956069188346,3.1354942159291497,2,Low-Value Customers
14.296841453315949,13.116053773654007,2.4849066497880004,1,High-Value Customers
15.00441112565358,13.772575593110316,3.091042453358316,0,Premium Customers
13.455439525267233,12.600715166813846,3.332204510175204,1,High-Value Customers
12.982889586509545,11.16117850142268,2.70805020110221,2,Low-Value Customers
13.307530963744707,11.495287425263077,3.1780538303479458,2,Low-Value Customers
13.99003122511697,12.78155365547975,2.8903717578961645,1,High-Value Customers
14.234092009517363,12.929792264913917,2.833213344056216,1,High-Value Customers
14.118728336455275,13.358637669967976,3.7612001156935624,0,Premium Customers
13.790245189630642,12.87034390063514,3.1780538303479458,1,High-Value Customers
14.393869936423867,13.635051833021183,3.713572066704308,0,Premium Customers
13.121152144157413,11.915951601203087,3.091042453358316,2,Low-Value Customers
13.277406573106488,11.945933493662483,2.5649493574615367,2,Low-Value Customers
14.294484879958581,12.74033642709435,3.367295829986474,1,High-Value Customers
12.36311908573624,11.273198922763584,3.044522437723423,2,Low-Value Customers
14.667813085515446,13.526273356926618,3.1780538303479458,0,Premium Customers
14.733844820406807,13.95323727414919,3.58351893845611,0,Premium Customers
12.714312338657704,11.520457428384185,2.70805020110221,2,Low-Value Customers
14.567338500503997,13.543591028005018,3.1780538303479458,0,Premium Customers
13.351104894827841,12.005642248971705,3.091042453358316,2,Low-Value Customers
13.768209064674293,13.040151757673941,3.4011973816621555,1,High-Value Customers
13.488066276443424,12.31220572768164,3.5553480614894135,1,High-Value Customers
13.880689686369188,12.46115802150887,3.044522437723423,1,High-Value Customers
13.576475845835148,12.356172833178505,3.2188758248682006,1,High-Value Customers
14.769907401284717,13.961127223602524,4.02535169073515,0,Premium Customers
13.860468971296367,12.38781757777481,2.8903717578961645,1,High-Value Customers
14.04286440951228,13.272769357444142,3.8712010109078907,0,Premium Customers
13.665147481104198,12.671867837965218,3.044522437723423,1,High-Value Customers
13.419905563768564,12.092183587243555,2.70805020110221,2,Low-Value Customers
12.531934180086854,11.361603729902766,3.5263605246161616,2,Low-Value Customers
13.3987110020048,12.400520052806232,3.8066624897703196,1,High-Value Customers
12.94719439584807,11.510717429052116,3.1354942159291497,2,Low-Value Customers
14.667980292552373,13.499183356677584,3.7376696182833684,0,Premium Customers
13.71134048899908,12.861738080056693,3.4011973816621555,1,High-Value Customers
14.048229740237444,12.453495260520555,3.4965075614664802,1,High-Value Customers
13.262856269961606,12.327375656575681,3.58351893845611,1,High-Value Customers
14.04802702197272,12.512253738599108,3.044522437723423,1,High-Value Customers
14.189502755961355,13.20210973963343,3.2188758248682006,0,Premium Customers
14.099413807148208,12.520395857788822,2.995732273553991,1,High-Value Customers
14.73470368182096,13.425516326298839,3.4339872044851463,0,Premium Customers
13.605001738697952,12.33399508107374,3.044522437723423,1,High-Value Customers
14.57446679437812,13.760980747493889,3.8918202981106265,0,Premium Customers
13.50618875978386,12.602239962834595,3.332204510175204,1,High-Value Customers
13.931951502307763,13.064996158236653,3.6635616461296463,1,High-Value Customers
13.939412461772818,12.968993269518178,3.7376696182833684,1,High-Value Customers
13.400985350828977,12.574884834212446,3.2188758248682006,1,High-Value Customers
13.337879723398418,11.895795073342244,2.639057329615259,2,Low-Value Customers
14.43441630669592,13.290858116134595,3.8501476017100584,0,Premium Customers
14.271862544884366,13.152931960907262,3.295836866004329,0,Premium Customers
13.896578423061252,12.80366403112486,3.258096538021482,1,High-Value Customers
13.822325314672542,12.645699312620302,3.4657359027997265,1,High-Value Customers
14.366096268626142,13.693905432419198,3.8501476017100584,0,Premium Customers
13.392680075743954,12.503361796861597,3.091042453358316,1,High-Value Customers
14.711440186303422,14.079102745149072,3.6375861597263857,0,Premium Customers
13.710719879918152,12.4421773569355,2.995732273553991,1,High-Value Customers
14.101187135755318,12.737671043494679,3.4011973816621555,1,High-Value Customers
14.233076185263107,12.701972948778682,3.367295829986474,1,High-Value Customers
14.55136720983891,13.925619682113307,3.8712010109078907,0,Premium Customers
13.36282023276797,12.213197950147762,3.1354942159291497,1,High-Value Customers
14.801860020295843,13.706039516771114,3.9889840465642745,0,Premium Customers
14.294137493152993,13.33941255569543,3.713572066704308,0,Premium Customers
13.955762110895403,13.320221218680643,3.6109179126442243,0,Premium Customers
12.957660535493146,11.39261666726068,2.833213344056216,2,Low-Value Customers
13.834794903917055,12.833836281353985,3.828641396489095,1,High-Value Customers
14.365249466863164,13.663605222131121,3.5263605246161616,0,Premium Customers
14.805397892407866,13.587550601369385,2.995732273553991,0,Premium Customers
14.24147989686052,13.335919790622896,3.332204510175204,0,Premium Customers
13.58420148432813,12.278329165517889,3.044522437723423,1,High-Value Customers
12.905521230473363,11.727638458790477,3.6888794541139363,2,Low-Value Customers
14.771966652823377,13.629403726047325,3.4965075614664802,0,Premium Customers
13.791783678653369,12.90491366040622,3.1780538303479458,1,High-Value Customers
15.075246544079773,13.974048991790092,3.5263605246161616,0,Premium Customers
13.422272543352744,11.786032358677769,3.332204510175204,2,Low-Value Customers
13.902721307577862,12.676772188821548,3.091042453358316,1,High-Value Customers
14.737932431915366,14.062796264053283,3.6375861597263857,0,Premium Customers
13.05940327923488,12.11597445468349,3.044522437723423,2,Low-Value Customers
13.676871204750055,13.025495629219911,3.4965075614664802,1,High-Value Customers
13.72910294049336,12.703702902103135,3.1780538303479458,1,High-Value Customers
13.836657154278386,12.792103436454104,3.1780538303479458,1,High-Value Customers
14.234102662149278,13.596835147126583,3.6109179126442243,0,Premium Customers
14.584000679575551,13.435223135023657,3.367295829986474,0,Premium Customers
13.593565413273906,12.598360649012397,3.5263605246161616,1,High-Value Customers
13.535540114321375,11.887693674117063,2.995732273553991,2,Low-Value Customers
12.523132933530354,11.234172872447573,3.8918202981106265,2,Low-Value Customers
14.494982274168605,13.690341474992627,3.1780538303479458,0,Premium Customers
13.060921305316443,11.975356809194126,2.3978952727983707,2,Low-Value Customers
14.668282920169357,13.917602056202279,3.1780538303479458,0,Premium Customers
13.952861544144925,12.982372929923867,3.2188758248682006,1,High-Value Customers
15.043443104445416,14.262085702304697,3.091042453358316,0,Premium Customers
14.723321279973394,13.693489037608737,3.6375861597263857,0,Premium Customers
13.229052534027712,11.569388403690079,2.995732273553991,2,Low-Value Customers
13.536211569072988,12.194388804516107,3.258096538021482,1,High-Value Customers
14.376718454964033,13.705574479253961,3.8501476017100584,0,Premium Customers
14.619740260236314,13.842335734048225,3.4965075614664802,0,Premium Customers
13.300553444670166,11.652385361734204,2.4849066497880004,2,Low-Value Customers
14.695174723853897,13.902907574751984,3.6635616461296463,0,Premium Customers
13.891256398079673,12.644473082003916,3.295836866004329,1,High-Value Customers
13.737056711548583,12.083366109312086,3.295836866004329,1,High-Value Customers
13.206299002448112,11.718532710141323,3.1780538303479458,2,Low-Value Customers
13.123548594756674,11.941585870129176,3.295836866004329,2,Low-Value Customers
14.885180848428114,14.171079094059518,3.4011973816621555,0,Premium Customers
13.262441478491706,11.539642271399682,3.091042453358316,2,Low-Value Customers
13.669301427061495,12.568467260917355,3.091042453358316,1,High-Value Customers
13.292769729243686,12.305301636752946,3.6109179126442243,1,High-Value Customers
13.180384179280797,11.63605860769082,2.772588722239781,2,Low-Value Customers
13.845081243630355,12.920300998444217,2.8903717578961645,1,High-Value Customers
14.626893271788116,13.423296545009963,3.6109179126442243,0,Premium Customers
14.72104991235306,13.436203047368444,3.784189633918261,0,Premium Customers
13.812637986077402,12.146733543953415,3.332204510175204,1,High-Value Customers
14.448170822538401,13.555852038664606,2.70805020110221,0,Premium Customers
14.55229380024068,13.531972620046218,3.4965075614664802,0,Premium Customers
13.68326439621946,12.554400045466378,3.1780538303479458,1,High-Value Customers
12.496915480006617,10.601178146145921,2.70805020110221,2,Low-Value Customers
13.172254516231058,12.113453282229795,2.5649493574615367,2,Low-Value Customers
14.05771855830576,13.406632733157274,3.9318256327243257,0,Premium Customers
13.276723103951227,12.464798645687218,4.04305126783455,1,High-Value Customers
14.363909939396603,13.425280943066488,3.4965075614664802,0,Premium Customers
14.077525961586897,13.168938308804051,2.833213344056216,1,High-Value Customers
14.619017386670686,13.885021191389377,3.4657359027997265,0,Premium Customers
13.582698618047445,11.644329797004461,2.639057329615259,2,Low-Value Customers
13.269750504460074,11.594323131195765,3.295836866004329,2,Low-Value Customers
14.106640711446243,12.66509513970157,3.6109179126442243,1,High-Value Customers
14.377959272229099,13.51248971237831,3.4339872044851463,0,Premium Customers
14.2007870334858,12.992178037638796,3.295836866004329,1,High-Value Customers
13.344201004370412,12.071908767214454,3.4339872044851463,2,Low-Value Customers
14.667021801003807,13.672074065692208,3.713572066704308,0,Premium Customers
14.081741636660041,13.138663348143114,3.1780538303479458,1,High-Value Customers
13.225944657160289,12.213413535147028,2.772588722239781,2,Low-Value Customers
13.771831830615614,12.701747706946545,3.6375861597263857,1,High-Value Customers
14.513248146461791,13.907731771821835,3.7376696182833684,0,Premium Customers
13.418421110874162,11.336186377160475,2.639057329615259,2,Low-Value Customers
14.25053312850726,13.212155103970739,4.02535169073515,0,Premium Customers
13.734443930430333,12.459030539248293,3.1354942159291497,1,High-Value Customers
13.547040899451344,11.892941337654477,2.833213344056216,2,Low-Value Customers
14.107933947586519,12.713983385146097,3.5553480614894135,1,High-Value Customers
14.71417948992859,13.977167753275774,3.4339872044851463,0,Premium Customers
14.547936007713428,13.233048177868806,2.70805020110221,0,Premium Customers
13.681985748175228,12.088489177458856,2.639057329615259,1,High-Value Customers
13.883661954176858,13.050750548252212,3.4657359027997265,1,High-Value Customers
14.534391218979737,13.658171916984486,3.6109179126442243,0,Premium Customers
13.315157933716913,11.997235640790485,2.9444389791664403,2,Low-Value Customers
14.92556857697001,14.322367551123163,3.784189633918261,0,Premium Customers
13.808292943538044,12.447736983325706,2.995732273553991,1,High-Value Customers
13.558946188541414,11.696524954859738,3.332204510175204,2,Low-Value Customers
13.37382597248577,11.473328344984782,2.3978952727983707,2,Low-Value Customers
13.960912781397818,12.64532043824961,3.044522437723423,1,High-Value Customers
14.646049404447067,13.50080145695884,3.5553480614894135,0,Premium Customers
14.081968455149166,12.725012946069791,3.7612001156935624,1,High-Value Customers
12.815513137144375,11.554585795988222,2.833213344056216,2,Low-Value Customers
14.259793374953482,13.568601186017819,3.6109179126442243,0,Premium Customers
13.531402982711995,12.510703939951133,2.5649493574615367,1,High-Value Customers
14.148813728395508,13.298072000202277,3.044522437723423,0,Premium Customers
12.733386881894985,11.738353684441458,2.3978952727983707,2,Low-Value Customers
14.142822639603978,13.077503156880447,3.1354942159291497,1,High-Value Customers
13.304747998876332,11.49045477957036,2.5649493574615367,2,Low-Value Customers
15.202992865696096,14.535242696085273,3.8501476017100584,0,Premium Customers
12.35334009015398,10.599603571730192,2.833213344056216,2,Low-Value Customers
13.192097142361918,11.668613134452078,2.9444389791664403,2,Low-Value Customers
13.909265301431729,12.731873557836394,2.995732273553991,1,High-Value Customers
12.667284017159501,11.515307126561332,2.302585092994046,2,Low-Value Customers
14.226490922380545,13.364216629576376,3.367295829986474,0,Premium Customers
13.591101443662952,12.763651245520904,3.4339872044851463,1,High-Value Customers
13.195073693291413,12.074323150097747,2.833213344056216,2,Low-Value Customers
13.942992046770701,12.866495193642189,3.258096538021482,1,High-Value Customers
13.13603495404379,12.158452806263316,3.7376696182833684,2,Low-Value Customers
14.51695985538301,13.350091284483515,3.7612001156935624,0,Premium Customers
13.66375820152559,12.151775264441826,3.295836866004329,1,High-Value Customers
14.453345854093133,13.195019350202724,3.295836866004329,0,Premium Customers
13.530038388543723,12.167645333550926,2.9444389791664403,1,High-Value Customers
13.551085700933402,12.330683121085801,3.044522437723423,1,High-Value Customers
13.98462058388494,13.367948862136949,3.295836866004329,0,Premium Customers
14.065157631425818,13.29326288356331,2.772588722239781,1,High-Value Customers
12.393666156122476,10.996853603734284,3.1354942159291497,2,Low-Value Customers
14.394095135453714,13.154672626705844,3.4965075614664802,0,Premium Customers
13.139255459444524,11.92479846528098,3.4339872044851463,2,Low-Value Customers
13.792877113082124,12.23856752163485,2.639057329615259,1,High-Value Customers
13.55645664124465,11.992012712949007,3.295836866004329,2,Low-Value Customers
13.918094844461725,12.887666694938535,4.060443010546419,1,High-Value Customers
14.453206374492389,13.59452881825061,3.713572066704308,0,Premium Customers
13.651966043910873,12.446324727731431,3.332204510175204,1,High-Value Customers
12.93574079243512,11.550006101330323,3.091042453358316,2,Low-Value Customers
13.256085394358879,12.3693054576531,3.044522437723423,1,High-Value Customers
13.392944162852634,12.192189722161546,2.995732273553991,2,Low-Value Customers
14.025410251274193,12.745439165297373,3.1354942159291497,1,High-Value Customers
14.29105266523611,13.615357366351681,3.4657359027997265,0,Premium Customers
13.940797740283903,13.013957406830537,2.5649493574615367,1,High-Value Customers
13.761907260731265,12.680863298672197,3.295836866004329,1,High-Value Customers
13.545199885258825,12.590126391021123,3.6109179126442243,1,High-Value Customers
12.97745745944296,12.001509774258206,2.995732273553991,2,Low-Value Customers
13.313426713264676,11.705901560050627,2.8903717578961645,2,Low-Value Customers
13.9619854052477,12.747728980764721,2.995732273553991,1,High-Value Customers
14.364149965237411,13.616105993952637,3.784189633918261,0,Premium Customers
12.79771232248317,11.344537108744342,3.1780538303479458,2,Low-Value Customers
14.175686772295942,13.106739375878334,3.091042453358316,1,High-Value Customers
13.13652559806058,11.965306792032566,3.4965075614664802,2,Low-Value Customers
13.211332970836029,11.111878482555339,2.9444389791664403,2,Low-Value Customers
14.572176460155493,13.736599116834048,3.2188758248682006,0,Premium Customers
12.963844226352473,11.745221246561833,3.1354942159291497,2,Low-Value Customers
13.834979109855636,12.952236830285976,3.8501476017100584,1,High-Value Customers
14.340952027962642,13.676119160428897,3.1780538303479458,0,Premium Customers
14.778324100742143,13.927531343700537,3.4965075614664802,0,Premium Customers
14.528082225706987,13.616269685373595,3.1354942159291497,0,Premium Customers
13.945156101697773,12.964361899428413,3.4965075614664802,1,High-Value Customers
12.62735027417295,11.783144950095457,2.995732273553991,2,Low-Value Customers
14.824139450292527,13.93028139929277,3.367295829986474,0,Premium Customers
13.19475767348217,12.360773402608626,3.4965075614664802,1,High-Value Customers
14.111880555859827,12.83376907566457,3.258096538021482,1,High-Value Customers
13.818834696887492,12.115613002827336,2.995732273553991,1,High-Value Customers
12.612812673915325,11.282137771504262,2.8903717578961645,2,Low-Value Customers
14.391817588836119,13.689124513571015,3.6635616461296463,0,Premium Customers
13.069396029939929,12.432871189214508,4.2626798770413155,1,High-Value Customers
14.484202824806232,13.402084943937567,3.6375861597263857,0,Premium Customers
12.53981473010418,11.035203485747783,2.995732273553991,2,Low-Value Customers
13.567166589211132,12.446576707344395,2.8903717578961645,1,High-Value Customers
13.593638073502227,12.708554476469434,3.2188758248682006,1,High-Value Customers
13.862217296165424,12.184194913693048,2.772588722239781,1,High-Value Customers
13.271853774965399,11.328068416532274,2.8903717578961645,2,Low-Value Customers
12.575615161034605,11.718479218873313,2.995732273553991,2,Low-Value Customers
13.557596974506097,11.957721857041573,3.4011973816621555,2,Low-Value Customers
12.851131915283064,11.833540350021474,3.5553480614894135,2,Low-Value Customers
13.197442853209806,12.309617508888488,3.4339872044851463,1,High-Value Customers
13.281409585980798,12.216229192743048,3.4011973816621555,1,High-Value Customers
13.955021407948811,13.2592098216683,3.8501476017100584,0,Premium Customers
12.73915109827742,11.6322003650211,3.6109179126442243,2,Low-Value Customers
13.777635217790769,12.785597693731741,3.6375861597263857,1,High-Value Customers
13.174978711512134,12.221767287774453,2.4849066497880004,2,Low-Value Customers
14.647205905441455,13.56280183238822,3.5553480614894135,0,Premium Customers
14.831798244082593,13.949444069728058,3.4339872044851463,0,Premium Customers
13.417963588491851,12.171858820964458,3.258096538021482,1,High-Value Customers
14.643218189611414,13.851068812882309,3.4657359027997265,0,Premium Customers
12.684432947816918,10.641693659131947,2.3978952727983707,2,Low-Value Customers
14.057062950019022,12.794845185408926,3.332204510175204,1,High-Value Customers
14.654153869838213,13.639960562311872,3.8918202981106265,0,Premium Customers
13.865928282652522,12.976116744800079,2.995732273553991,1,High-Value Customers
14.870751518515316,13.609057811952349,3.6888794541139363,0,Premium Customers
13.280735130240592,12.00309464584322,3.258096538021482,2,Low-Value Customers
14.055912019173071,13.199514104252689,3.1354942159291497,1,High-Value Customers
15.09753798025317,14.326308925358813,3.6109179126442243,0,Premium Customers
13.677271966700406,12.47884749287749,3.6109179126442243,1,High-Value Customers
13.921608503653726,12.446172620680807,3.258096538021482,1,High-Value Customers
14.68399497413134,13.893761572282678,3.713572066704308,0,Premium Customers
14.098577278546358,13.212941049264698,3.7376696182833684,0,Premium Customers
13.656378885229534,12.762630562941357,3.258096538021482,1,High-Value Customers
12.812819098979531,11.932954600880526,3.044522437723423,2,Low-Value Customers
14.125515403006185,12.74368915701555,3.1354942159291497,1,High-Value Customers
13.70952028849758,12.134785751928257,3.1780538303479458,1,High-Value Customers
14.016905358471805,13.057430986710326,3.8066624897703196,1,High-Value Customers
13.608753302474748,12.669713544219462,3.091042453358316,1,High-Value Customers
13.858475445248926,13.009155104047515,2.8903717578961645,1,High-Value Customers
13.499670038182835,11.569094244839532,3.091042453358316,2,Low-Value Customers
14.5625733546188,13.795848388203472,3.4965075614664802,0,Premium Customers
14.837418896045648,13.854615408636526,3.8501476017100584,0,Premium Customers
13.584561976492918,12.724027158276401,3.713572066704308,1,High-Value Customers
13.041355188804042,12.163458577454891,2.8903717578961645,2,Low-Value Customers
14.431150239907396,13.190585399863494,3.912023005428146,0,Premium Customers
13.929668827642416,12.670753163373842,2.772588722239781,1,High-Value Customers
14.196312283221541,13.476012345693158,3.8501476017100584,0,Premium Customers
13.8937329883995,12.546731036539445,3.4339872044851463,1,High-Value Customers
13.982994318764964,12.57456483496778,3.1780538303479458,1,High-Value Customers
13.641262189114405,12.79217992883787,3.2188758248682006,1,High-Value Customers
14.463745233009472,13.361777159736723,3.1780538303479458,0,Premium Customers
13.674845034983088,12.375028148274783,3.6375861597263857,1,High-Value Customers
13.957980604027314,13.104438095192588,3.1780538303479458,1,High-Value Customers
13.925552571291576,12.602441911605592,3.332204510175204,1,High-Value Customers
14.159185719695676,13.104722752495785,2.5649493574615367,1,High-Value Customers
14.29754854546379,13.538663349143585,3.8712010109078907,0,Premium Customers
13.04265068193744,11.438503058771918,2.833213344056216,2,Low-Value Customers
13.615979853576421,12.699675545983922,3.2188758248682006,1,High-Value Customers
14.593092545255718,13.994573887496005,3.6109179126442243,0,Premium Customers
13.572346157795293,12.894102253625421,3.258096538021482,1,High-Value Customers
13.926980785264654,12.639417541946544,3.4339872044851463,1,High-Value Customers
13.550473383453351,12.271299648359825,2.995732273553991,1,High-Value Customers
14.228930581665526,13.578166720642773,3.4011973816621555,0,Premium Customers
14.714561950670445,13.823526474489423,2.995732273553991,0,Premium Customers
13.016819289342564,11.270790334871059,2.772588722239781,2,Low-Value Customers
12.35341789226803,11.26856478892987,2.9444389791664403,2,Low-Value Customers
13.39476796105977,12.419000231113396,3.2188758248682006,1,High-Value Customers
14.087026067916934,12.722458154450015,2.70805020110221,1,High-Value Customers
14.855063541360197,14.217167116077684,3.6635616461296463,0,Premium Customers
13.315582571990094,12.129296023387818,2.772588722239781,2,Low-Value Customers
13.230792005587707,11.933636625787868,3.2188758248682006,2,Low-Value Customers
14.542295351871244,13.916524268940371,3.258096538021482,0,Premium Customers
14.054895241188106,12.502382788896009,3.332204510175204,1,High-Value Customers
13.333789037610726,11.888426844198454,3.6635616461296463,2,Low-Value Customers
13.377759249693934,12.377437016012077,3.1780538303479458,1,High-Value Customers
14.010165593755717,12.759537756775023,3.2188758248682006,1,High-Value Customers
13.7022676801757,12.607090680048197,3.5263605246161616,1,High-Value Customers
12.328522198261554,10.867445914011563,3.6109179126442243,2,Low-Value Customers
13.462850031174057,11.892858998657942,3.332204510175204,2,Low-Value Customers
13.952501394805385,12.879651585823153,3.7376696182833684,1,High-Value Customers
14.86174166948684,14.094337398323297,3.8712010109078907,0,Premium Customers
13.210046948420924,12.000259550567105,2.772588722239781,2,Low-Value Customers
13.068062047621682,10.958478794099808,3.044522437723423,2,Low-Value Customers
13.74346465213583,12.855905535670665,2.833213344056216,1,High-Value Customers
13.312730134610673,12.067282248551908,3.4339872044851463,2,Low-Value Customers
14.140000796292993,13.239985066711757,3.258096538021482,0,Premium Customers
14.411092201813458,13.630823208889336,3.784189633918261,0,Premium Customers
13.269401963285018,11.538928730474826,2.5649493574615367,2,Low-Value Customers
14.275193543361947,12.886442872349843,2.8903717578961645,1,High-Value Customers
13.59373709265345,12.165498276598171,3.091042453358316,1,High-Value Customers
14.45261622072361,13.774135952449353,3.2188758248682006,0,Premium Customers
12.72961206538824,11.340007951227568,3.2188758248682006,2,Low-Value Customers
14.037300938155258,13.01555494735753,3.4965075614664802,1,High-Value Customers
13.369813218891135,12.554435020601126,3.9889840465642745,1,High-Value Customers
14.060294176858632,12.636345709169953,3.2188758248682006,1,High-Value Customers
13.14895773175649,11.899541167322171,3.2188758248682006,2,Low-Value Customers
13.511227379872349,12.24124406558161,2.833213344056216,1,High-Value Customers
13.32320747783097,11.297518037535452,2.70805020110221,2,Low-Value Customers
13.058779046216031,11.31766418995377,2.772588722239781,2,Low-Value Customers
15.125513223186523,13.975012346466281,3.7376696182833684,0,Premium Customers
12.915246067101162,11.812902345562051,3.2188758248682006,2,Low-Value Customers
13.346775867275358,12.41353533220176,3.713572066704308,1,High-Value Customers
13.457306803132337,12.154338253873526,3.4657359027997265,1,High-Value Customers
13.687515798432043,12.762001043391264,3.044522437723423,1,High-Value Customers
14.415962539176292,13.524268128289291,3.58351893845611,0,Premium Customers
14.475780186519803,13.749115413033566,3.295836866004329,0,Premium Customers
14.41530561048474,13.753696982122039,3.5263605246161616,0,Premium Customers
13.458826028265312,12.644308544022149,3.4965075614664802,1,High-Value Customers
13.39948587830351,12.268060666906655,2.833213344056216,1,High-Value Customers
14.541381473679598,13.289622090360467,3.9318256327243257,0,Premium Customers
12.567545043262678,11.849422344144955,3.6888794541139363,2,Low-Value Customers
13.309966528657254,11.217742799938073,2.995732273553991,2,Low-Value Customers
14.23650000420023,12.943274079229765,3.6635616461296463,1,High-Value Customers
13.232498181985731,11.903816011598794,2.833213344056216,2,Low-Value Customers
14.39188800118265,13.340842981405249,3.6109179126442243,0,Premium Customers
14.765427007075289,14.132494700675638,3.6888794541139363,0,Premium Customers
13.575887576163584,12.530136212056918,3.58351893845611,1,High-Value Customers
13.698157709763997,12.264797958919381,3.5553480614894135,1,High-Value Customers
14.142697115802187,13.01306531979294,3.6635616461296463,1,High-Value Customers
14.234327229273802,12.986688912897959,3.6109179126442243,0,Premium Customers
12.669746345477915,11.58724190110811,3.5553480614894135,2,Low-Value Customers
13.379934712576441,11.75824020886293,3.332204510175204,2,Low-Value Customers
14.907654287205526,14.167205228905551,3.367295829986474,0,Premium Customers
13.662499671658853,12.445337468021375,3.6375861597263857,1,High-Value Customers
13.709165791423757,13.066486520842465,3.6888794541139363,1,High-Value Customers
14.624588686791778,13.925239746061234,3.4339872044851463,0,Premium Customers
14.276780162668826,13.66765504029298,3.4965075614664802,0,Premium Customers
14.648709469341433,13.267356759730045,3.4657359027997265,0,Premium Customers
13.208277662809003,11.46477039908318,2.772588722239781,2,Low-Value Customers
14.620408867643542,13.323026314654568,3.9889840465642745,0,Premium Customers
14.24888297590096,13.063671963237244,3.1780538303479458,1,High-Value Customers
13.545943087588224,11.962307613000405,3.58351893845611,2,Low-Value Customers
13.283399464033835,11.745418612277101,3.2188758248682006,2,Low-Value Customers
14.599908645161285,13.960082254037637,3.4339872044851463,0,Premium Customers
14.184012542910741,13.080591890592235,3.8066624897703196,0,Premium Customers
14.918722375894648,14.317264257984586,3.6635616461296463,0,Premium Customers
14.005342317453373,13.110114829271788,3.4011973816621555,1,High-Value Customers
14.51091477948986,13.602844488138878,3.6109179126442243,0,Premium Customers
14.204080842215124,13.029230377822193,3.784189633918261,0,Premium Customers
12.935281492204483,12.268442566954223,4.02535169073515,2,Low-Value Customers
13.600035094076693,12.640279490781502,3.091042453358316,1,High-Value Customers
13.594059698238997,12.337153143414387,2.995732273553991,1,High-Value Customers
12.789397147552394,11.643507487475539,3.044522437723423,2,Low-Value Customers
13.45716557743326,11.977049153697852,2.8903717578961645,2,Low-Value Customers
14.089370622559787,12.707562587107798,3.4339872044851463,1,High-Value Customers
12.834712771124149,11.274538698923324,2.9444389791664403,2,Low-Value Customers
13.44460276297325,12.249154500640891,3.7376696182833684,1,High-Value Customers
14.242645327153623,13.610738033715071,3.7612001156935624,0,Premium Customers
14.761096457331387,13.466505978564204,3.091042453358316,0,Premium Customers
13.444453499739915,12.02397692323369,2.639057329615259,2,Low-Value Customers
13.660843066279437,12.78100485028602,3.4339872044851463,1,High-Value Customers
13.335254616913712,12.258686490107388,2.8903717578961645,2,Low-Value Customers
14.660088220537226,13.97547180086854,3.4657359027997265,0,Premium Customers
13.899744724572733,12.288429841937836,2.772588722239781,1,High-Value Customers
14.254373948907377,12.949640707536142,3.6635616461296463,0,Premium Customers
13.689092230262043,12.061090976553604,3.367295829986474,1,High-Value Customers
13.344266271421452,11.843755672378615,3.332204510175204,2,Low-Value Customers
13.810588715545002,12.935318724330612,3.6375861597263857,1,High-Value Customers
12.766704517077759,11.874609900427853,3.332204510175204,2,Low-Value Customers
13.609382026686719,12.781681291790843,3.6375861597263857,1,High-Value Customers
14.039290106989057,12.843257332146932,3.091042453358316,1,High-Value Customers
13.503434626624124,12.254909094342741,3.332204510175204,1,High-Value Customers
13.039532377721741,11.409174098381758,2.639057329615259,2,Low-Value Customers
13.558952198564466,12.329292386595563,3.1354942159291497,1,High-Value Customers
14.139145483483707,12.928522576135622,3.258096538021482,1,High-Value Customers
13.776199847961397,12.948656804839416,2.833213344056216,1,High-Value Customers
14.536618385755304,13.724782190607913,3.8918202981106265,0,Premium Customers
13.661943954198046,12.350672734740346,3.4339872044851463,1,High-Value Customers
14.232066217913646,13.249966429592755,2.772588722239781,0,Premium Customers
14.032830714179143,12.56804190978916,3.1780538303479458,1,High-Value Customers
13.532848782705964,12.581812194493635,3.258096538021482,1,High-Value Customers
13.690646704885252,11.664911088467841,3.258096538021482,2,Low-Value Customers
14.694469148689846,13.826625754652177,3.044522437723423,0,Premium Customers
14.025623247177387,12.654092869435905,3.7612001156935624,1,High-Value Customers
13.462318541585438,12.568889439633676,3.091042453358316,1,High-Value Customers
13.78272102914124,12.589238121418564,3.6888794541139363,1,High-Value Customers
13.84532114403959,12.818206036652604,3.4011973816621555,1,High-Value Customers
12.81044096074008,11.99953052471339,3.044522437723423,2,Low-Value Customers
12.981270716015235,11.825902261389865,3.1780538303479458,2,Low-Value Customers
14.031634932393198,13.058684838376118,3.828641396489095,0,Premium Customers
13.210646616900497,11.95970997986865,2.8903717578961645,2,Low-Value Customers
13.976017122012232,13.174872218715286,3.044522437723423,1,High-Value Customers
13.689908445343846,12.764974407180919,2.9444389791664403,1,High-Value Customers
13.94209523417859,12.64830446460004,3.4339872044851463,1,High-Value Customers
14.33735706211302,13.523090934351263,2.833213344056216,0,Premium Customers
14.598991565891271,13.49277255745588,3.4965075614664802,0,Premium Customers
15.038162758999034,13.934817933446373,3.332204510175204,0,Premium Customers
13.45724914195825,11.900378593615025,3.1354942159291497,2,Low-Value Customers
14.098807474659282,13.0321376836655,2.995732273553991,1,High-Value Customers
14.571167903938468,13.77500389913716,3.6109179126442243,0,Premium Customers
14.361497649977627,13.550804008487743,3.091042453358316,0,Premium Customers
14.245221017680917,13.27464605073619,3.4011973816621555,0,Premium Customers
13.821003116211498,13.026969870128367,3.5553480614894135,1,High-Value Customers
12.726082693055975,11.031580161401745,3.4657359027997265,2,Low-Value Customers
14.32912404602279,13.112379120175667,3.332204510175204,0,Premium Customers
13.609667277721634,12.206696800704801,2.302585092994046,1,High-Value Customers
14.089519512933851,13.25529204342566,3.1780538303479458,0,Premium Customers
13.342919825049936,11.945698818826482,3.091042453358316,2,Low-Value Customers
12.952122451060248,12.078517701164944,2.639057329615259,2,Low-Value Customers
14.10692732027193,12.447563726784013,3.5553480614894135,1,High-Value Customers
13.561610216232152,11.994088038461037,3.8066624897703196,1,High-Value Customers
13.91029025163116,12.797064141692307,3.1354942159291497,1,High-Value Customers
14.071857972826395,13.304497616655448,3.5263605246161616,0,Premium Customers
14.690984241139278,13.78236164367566,3.9318256327243257,0,Premium Customers
13.717366375164357,11.96683636049664,2.302585092994046,2,Low-Value Customers
13.75870263328406,12.426982584187856,3.4339872044851463,1,High-Value Customers
13.587061482212812,11.736651726475873,2.833213344056216,2,Low-Value Customers
14.73610227930863,13.670867776147707,3.1780538303479458,0,Premium Customers
13.54965228455052,12.597542813034217,3.332204510175204,1,High-Value Customers
14.471744988773253,13.43765111295287,3.784189633918261,0,Premium Customers
13.39361279023488,11.954219965274802,2.302585092994046,2,Low-Value Customers
13.301153037721763,12.138351625611302,3.7376696182833684,1,High-Value Customers
13.41336856219698,12.099045630922912,3.332204510175204,2,Low-Value Customers
13.683269886286688,12.746495187316148,2.639057329615259,1,High-Value Customers
12.02047280101828,10.422173304400731,3.1780538303479458,2,Low-Value Customers
12.626760727304337,11.56554353145959,3.332204510175204,2,Low-Value Customers
13.171548891983916,12.100889558575389,2.302585092994046,2,Low-Value Customers
13.825699632593107,12.51675044044877,3.295836866004329,1,High-Value Customers
13.645212069546847,12.82858870268672,3.1780538303479458,1,High-Value Customers
13.530781334891788,12.32183951675896,3.1354942159291497,1,High-Value Customers
14.15026314540746,13.074004657149585,3.295836866004329,1,High-Value Customers
14.615204923311644,13.72373567163925,2.833213344056216,0,Premium Customers
14.157750458161395,12.58240752521258,3.091042453358316,1,High-Value Customers
14.141707144750407,12.801599885841714,3.8712010109078907,1,High-Value Customers
14.115623365195686,12.565388504181806,2.5649493574615367,1,High-Value Customers
13.780389459495339,12.467431212145376,3.367295829986474,1,High-Value Customers
14.851384915015663,14.008441139516016,3.367295829986474,0,Premium Customers
13.20076269853454,12.035083592660822,3.6375861597263857,2,Low-Value Customers
12.428248809075686,11.210780236838444,2.70805020110221,2,Low-Value Customers
14.041957710374287,12.748853721548176,3.8066624897703196,1,High-Value Customers
13.697439076961532,12.462291836882258,3.1780538303479458,1,High-Value Customers
13.70307396582381,12.31371007704658,3.332204510175204,1,High-Value Customers
14.394470896305881,13.549926267773987,3.8066624897703196,0,Premium Customers
14.309261652069436,13.680529337704547,3.332204510175204,0,Premium Customers
13.256269039981115,12.430050089059606,3.828641396489095,1,High-Value Customers
13.609596018665115,12.458792202821439,3.367295829986474,1,High-Value Customers
14.66662711071312,13.87675484657111,3.912023005428146,0,Premium Customers
12.637575802187111,11.355174913372766,2.4849066497880004,2,Low-Value Customers
13.543768420378415,12.077600035660067,2.639057329615259,2,Low-Value Customers
13.872974934992712,12.349201218786378,3.2188758248682006,1,High-Value Customers
12.9896023165695,12.056474122232078,3.367295829986474,2,Low-Value Customers
13.575200641608916,12.722490463788635,3.295836866004329,1,High-Value Customers
13.872908237622319,13.065744516802878,2.772588722239781,1,High-Value Customers
13.364966924774318,11.899000868517884,3.1354942159291497,2,Low-Value Customers
14.853211141528151,13.632588300785965,3.58351893845611,0,Premium Customers
13.023422633069108,11.721933174387793,3.5553480614894135,2,Low-Value Customers
14.224843649105063,13.518834762963667,4.02535169073515,0,Premium Customers
13.860943760504435,12.238138302982899,3.091042453358316,1,High-Value Customers
14.599398206718979,13.91912366379042,3.2188758248682006,0,Premium Customers
14.02260091956785,13.133771417560078,3.1780538303479458,1,High-Value Customers
13.918107416236644,12.973629234950089,3.044522437723423,1,High-Value Customers
14.356330362967025,13.62744952987092,3.1780538303479458,0,Premium Customers
14.087572707104723,12.445395444090972,2.639057329615259,1,High-Value Customers
13.168336873724744,12.262636468747258,3.332204510175204,2,Low-Value Customers
12.97300337062289,12.074162965789615,2.8903717578961645,2,Low-Value Customers
13.659638418942672,12.386321973406755,3.044522437723423,1,High-Value Customers
13.881405530580428,12.921035548299374,3.1354942159291497,1,High-Value Customers
13.766312719206848,12.634261991224694,3.1354942159291497,1,High-Value Customers
13.115794006260206,11.737700963933197,3.091042453358316,2,Low-Value Customers
13.936762583046562,12.7389751027417,2.9444389791664403,1,High-Value Customers
13.340695982653605,12.040933698546844,2.9444389791664403,2,Low-Value Customers
14.453278957257252,13.426156256053465,3.6109179126442243,0,Premium Customers
13.145275791747508,12.020093548081803,3.332204510175204,2,Low-Value Customers
13.439173533137968,12.018099488486973,2.5649493574615367,2,Low-Value Customers
12.772125215719921,11.972839805583611,3.044522437723423,2,Low-Value Customers
14.293073723032533,13.679870005482204,3.6635616461296463,0,Premium Customers
13.77792059521447,12.838524284571442,2.8903717578961645,1,High-Value Customers
14.46710665536676,13.500381109041896,3.5553480614894135,0,Premium Customers
13.664321415120696,12.651907293816564,2.772588722239781,1,High-Value Customers
13.64756069584862,12.569558422996254,3.58351893845611,1,High-Value Customers
13.456066254314926,12.39698564826506,2.3978952727983707,1,High-Value Customers
12.74808592869534,11.922142724944115,3.367295829986474,2,Low-Value Customers
12.764277209586005,11.575033033735926,3.4965075614664802,2,Low-Value Customers
14.633013822069847,13.799047624477295,3.4011973816621555,0,Premium Customers
13.173077080861502,11.261611322403567,2.995732273553991,2,Low-Value Customers
13.711513212767269,12.911990507695611,3.1780538303479458,1,High-Value Customers
13.852287084602747,13.184920793698957,3.8501476017100584,0,Premium Customers
13.458035551203476,11.945783082380744,3.4965075614664802,2,Low-Value Customers
14.33234234456891,13.358053648411401,2.995732273553991,0,Premium Customers
12.896837114686527,11.677123868361862,2.70805020110221,2,Low-Value Customers
13.20563627163415,11.773386689035219,2.9444389791664403,2,Low-Value Customers
14.462068593833301,13.621859835841649,3.1780538303479458,0,Premium Customers
14.738714490505055,13.653117902846494,3.8501476017100584,0,Premium Customers
14.098882492602815,12.805537026384194,2.772588722239781,1,High-Value Customers
13.020345003895654,11.319784549427723,2.3978952727983707,2,Low-Value Customers
13.541017658059927,11.918948017677279,3.4011973816621555,2,Low-Value Customers
12.901538386151215,11.343231325700417,3.1354942159291497,2,Low-Value Customers
14.610403262465933,13.44605416390499,3.713572066704308,0,Premium Customers
13.3043421921356,11.695044001156894,3.091042453358316,2,Low-Value Customers
14.87651585552901,14.187407148589886,3.6375861597263857,0,Premium Customers
13.897810608229548,12.630030340199212,2.833213344056216,1,High-Value Customers
14.232609364745178,13.62906473205242,3.784189633918261,0,Premium Customers
14.425834256412106,13.708094419850452,3.1354942159291497,0,Premium Customers
13.788104530140172,13.18279825886826,2.3978952727983707,1,High-Value Customers
13.700439929154253,11.679607611242117,2.302585092994046,2,Low-Value Customers
14.558039342044626,13.567042121717655,3.8066624897703196,0,Premium Customers
13.727866977539795,12.031882161782583,3.1780538303479458,1,High-Value Customers
13.48754311087492,12.455797249598914,3.044522437723423,1,High-Value Customers
13.654055239102703,12.141505963996103,3.1354942159291497,1,High-Value Customers
14.242742043686764,13.261131382509191,3.4965075614664802,0,Premium Customers
13.091139754116952,11.111355361473446,2.833213344056216,2,Low-Value Customers
13.928471523885076,12.496290375483555,3.2188758248682006,1,High-Value Customers
13.520871944794177,12.452317925136933,3.1354942159291497,1,High-Value Customers
14.065512935883424,13.180007486608519,3.6109179126442243,0,Premium Customers
13.140078631573827,11.785828691278713,3.2188758248682006,2,Low-Value Customers
14.066345001070724,12.93739114266552,3.6375861597263857,1,High-Value Customers
14.748962254543793,14.084203591916737,3.912023005428146,0,Premium Customers
14.8388122244054,13.713688773604611,3.6888794541139363,0,Premium Customers
14.630022215379078,13.624134896186742,3.6375861597263857,0,Premium Customers
13.430312807383759,11.418098388452716,3.1780538303479458,2,Low-Value Customers
13.198652266771134,12.380343633280214,3.295836866004329,1,High-Value Customers
13.68696069119659,12.139905545644512,3.258096538021482,1,High-Value Customers
13.299253058235312,11.953997006173044,3.828641396489095,2,Low-Value Customers
13.947320882901094,12.513738321548,3.4011973816621555,1,High-Value Customers
13.319289368386169,12.36884221861422,2.995732273553991,1,High-Value Customers
13.733182111646038,12.860900270772119,3.258096538021482,1,High-Value Customers
13.02329615072982,11.802371081463683,3.6375861597263857,2,Low-Value Customers
14.153972171605028,13.27609638144577,3.9889840465642745,0,Premium Customers
13.314005413271111,12.379471176945282,3.6888794541139363,1,High-Value Customers
14.327514896772664,13.464269026270705,2.833213344056216,0,Premium Customers
13.978572550976361,13.330032519239232,3.258096538021482,0,Premium Customers
12.979135294899903,11.089580205424385,2.995732273553991,2,Low-Value Customers
14.545142925072433,13.791448105281436,3.2188758248682006,0,Premium Customers
13.427841727543017,12.020888615766738,2.8903717578961645,2,Low-Value Customers
14.64054010099558,13.779054798800276,3.4965075614664802,0,Premium Customers
13.682015736099604,12.009598410376501,3.6635616461296463,1,High-Value Customers
14.427647972150114,13.663299053387421,3.332204510175204,0,Premium Customers
13.951508215605527,13.032414271329246,2.8903717578961645,1,High-Value Customers
14.866585182257504,13.875595702524313,3.4011973816621555,0,Premium Customers
14.762833130897233,14.160583063170867,3.7612001156935624,0,Premium Customers
13.209569993666864,11.716664684058244,2.3978952727983707,2,Low-Value Customers
13.93371491818433,13.084154403470274,2.8903717578961645,1,High-Value Customers
13.7798001022422,12.687757810436823,3.4657359027997265,1,High-Value Customers
12.505176515202237,11.090767248995396,3.091042453358316,2,Low-Value Customers
14.153246110551445,12.774452233229193,3.295836866004329,1,High-Value Customers
13.647813551216444,12.340908911437134,3.2188758248682006,1,High-Value Customers
12.156351325469624,10.992451949611706,2.639057329615259,2,Low-Value Customers
14.04445527393728,12.774721257257804,3.8501476017100584,1,High-Value Customers
13.000133391203775,11.378091395659316,2.9444389791664403,2,Low-Value Customers
14.016947921279689,13.280878308588841,3.828641396489095,0,Premium Customers
14.003368386286425,13.245463134217033,3.784189633918261,0,Premium Customers
13.442576214932991,12.002098678045147,3.6109179126442243,2,Low-Value Customers
14.680968104321398,13.8642630642818,3.58351893845611,0,Premium Customers
13.895629108915482,12.676019585669112,2.8903717578961645,1,High-Value Customers
13.626855941615734,12.193213368292058,3.091042453358316,1,High-Value Customers
13.917237361680108,12.856124285479837,3.4657359027997265,1,High-Value Customers
13.801336113491823,12.96361411026354,3.1354942159291497,1,High-Value Customers
13.695814522439878,12.309123290489547,2.772588722239781,1,High-Value Customers
13.987949365871348,12.464870982706424,3.4965075614664802,1,High-Value Customers
13.652832898222462,12.7246230462325,3.295836866004329,1,High-Value Customers
12.938983420702744,11.72655316383186,3.4339872044851463,2,Low-Value Customers
13.881683102732785,12.768820267008355,2.8903717578961645,1,High-Value Customers
13.757072028655438,12.768771817803726,3.1780538303479458,1,High-Value Customers
13.745206069540918,12.149983712532833,2.995732273553991,1,High-Value Customers
14.564834667532137,13.858472858794013,3.6375861597263857,0,Premium Customers
13.807127750204597,12.470144297735159,3.5553480614894135,1,High-Value Customers
14.100907980088866,13.276624359719472,3.2188758248682006,0,Premium Customers
14.167877930624801,13.22734237229236,3.332204510175204,0,Premium Customers
14.573802702300776,13.933158837874844,3.044522437723423,0,Premium Customers
13.980908311668342,12.894230600577663,3.5553480614894135,1,High-Value Customers
12.625964058956185,11.504448335422934,2.8903717578961645,2,Low-Value Customers
14.259048412872103,13.514618239839516,3.4965075614664802,0,Premium Customers
13.522058846442874,11.84881824802636,2.833213344056216,2,Low-Value Customers
13.626981514528728,11.990643573454323,3.1780538303479458,2,Low-Value Customers
14.728397146310906,13.712271933945706,3.6888794541139363,0,Premium Customers
13.116681184278713,11.48111183551541,3.044522437723423,2,Low-Value Customers
14.533956659955159,13.555687280453327,3.2188758248682006,0,Premium Customers
14.83176345780191,13.949176120337633,3.713572066704308,0,Premium Customers
13.919584424243675,12.575383666909364,3.295836866004329,1,High-Value Customers
14.134892018608662,13.070834665834644,2.8903717578961645,1,High-Value Customers
14.216168135058538,13.275461268958727,3.1780538303479458,0,Premium Customers
13.742883583975791,13.102953967588022,3.4657359027997265,1,High-Value Customers
13.664944739835116,12.653291186235434,3.6375861597263857,1,High-Value Customers
12.052530247328797,10.377654067437314,2.639057329615259,2,Low-Value Customers
14.57744614110883,13.954989390702464,3.4011973816621555,0,Premium Customers
13.9081077245104,12.997863421160062,3.2188758248682006,1,High-Value Customers
13.728467896848937,12.214554720805644,2.833213344056216,1,High-Value Customers
13.407607490446658,12.407913660446734,3.258096538021482,1,High-Value Customers
13.47813441694454,12.159087321656191,3.4339872044851463,1,High-Value Customers
15.08308367000568,13.993053306085974,3.4339872044851463,0,Premium Customers
12.697627464357401,11.062794578209605,3.4339872044851463,2,Low-Value Customers
13.817856843282874,12.98168159010151,3.6109179126442243,1,High-Value Customers
12.88920512091497,11.28510976615306,2.833213344056216,2,Low-Value Customers
14.219457994992078,13.23931452936362,3.1780538303479458,0,Premium Customers
14.043670283215432,13.195249646439757,2.70805020110221,1,High-Value Customers
13.732540559953994,12.627560697903935,3.4339872044851463,1,High-Value Customers
13.794475187752674,12.599969734699739,3.5263605246161616,1,High-Value Customers
13.643019019835771,12.277286695040459,2.772588722239781,1,High-Value Customers
14.416511900904192,13.269290751862123,3.295836866004329,0,Premium Customers
13.496782700526554,12.075190141500501,2.833213344056216,2,Low-Value Customers
13.153863304152829,12.227746657947318,3.044522437723423,2,Low-Value Customers
13.455013232309259,12.02255711623465,3.784189633918261,1,High-Value Customers
13.814606939824346,12.676499778835405,3.2188758248682006,1,High-Value Customers
13.19768210772305,12.11277738441311,3.044522437723423,2,Low-Value Customers
13.5588550514856,12.42831242856884,3.1780538303479458,1,High-Value Customers
13.412945754902363,12.589131531929812,3.1780538303479458,1,High-Value Customers
14.9786082663601,14.179860024275374,3.2188758248682006,0,Premium Customers
12.90722886791989,11.94983006526035,3.295836866004329,2,Low-Value Customers
14.492142240394402,13.567236142729106,3.8918202981106265,0,Premium Customers
13.716840731863204,13.093401399027984,3.2188758248682006,1,High-Value Customers
14.626594597904683,13.723453754188284,3.8501476017100584,0,Premium Customers
13.316832189977672,12.156323736912126,3.1354942159291497,2,Low-Value Customers
14.158506710350682,13.241072579591608,3.713572066704308,0,Premium Customers
13.81761579040657,12.706655005742402,3.295836866004329,1,High-Value Customers
13.220949657653753,12.082471385535035,2.639057329615259,2,Low-Value Customers
13.0921358544189,12.001735698685268,2.302585092994046,2,Low-Value Customers
12.347276504365698,11.139790654764811,2.8903717578961645,2,Low-Value Customers
15.036921169130766,14.323995660846922,3.6635616461296463,0,Premium Customers
14.816629180088277,13.925314959916733,3.5263605246161616,0,Premium Customers
14.798507653257024,14.03347100416613,3.1354942159291497,0,Premium Customers
13.412131742034322,11.924334009152073,3.258096538021482,2,Low-Value Customers
13.9116799321917,13.117665981896867,3.258096538021482,1,High-Value Customers
13.283061575375974,12.151523583193134,2.833213344056216,2,Low-Value Customers
13.323459745891226,11.35474511023121,2.833213344056216,2,Low-Value Customers
14.77602987724667,13.943053534513624,3.5263605246161616,0,Premium Customers
14.116077665660166,13.34390612812068,2.9444389791664403,0,Premium Customers
13.504228189793437,11.876671092604743,3.4011973816621555,2,Low-Value Customers
13.069417223059192,11.8247326475499,2.302585092994046,2,Low-Value Customers
13.673124247445536,12.759285061282023,3.7376696182833684,1,High-Value Customers
14.271364310721113,12.926398759854898,3.6109179126442243,1,High-Value Customers
14.590065452614002,13.40302186210895,3.332204510175204,0,Premium Customers
13.274894935732952,12.427757613628877,3.258096538021482,1,High-Value Customers
14.639740525759908,14.011374772600183,3.4965075614664802,0,Premium Customers
13.704586583820394,12.026109625201165,3.1780538303479458,1,High-Value Customers
13.725704760215255,12.117444963022246,3.4965075614664802,1,High-Value Customers
13.128670744080246,12.038785838334674,2.5649493574615367,2,Low-Value Customers
13.44076077239056,11.8525273704932,3.044522437723423,2,Low-Value Customers
13.807873479578335,12.763956620457028,2.70805020110221,1,High-Value Customers
14.05262054694601,13.43217068662899,3.713572066704308,0,Premium Customers
14.73231429822712,13.845630785101637,3.6888794541139363,0,Premium Customers
14.529408563197972,13.672887250285152,3.5553480614894135,0,Premium Customers
13.90089474680103,12.191352940270793,3.713572066704308,1,High-Value Customers
13.451174758750465,12.113035769810965,2.9444389791664403,2,Low-Value Customers
13.877479348921637,12.603300722249083,2.833213344056216,1,High-Value Customers
13.250865926564899,11.838590297127023,2.833213344056216,2,Low-Value Customers
13.731350798518546,12.561351039747146,2.5649493574615367,1,High-Value Customers
13.702732959181194,12.621928218641361,2.5649493574615367,1,High-Value Customers
13.60496716519095,12.56671878880852,3.5553480614894135,1,High-Value Customers
13.292905545471468,12.230740721234152,2.3978952727983707,2,Low-Value Customers
13.977379699395502,12.739439936114028,3.258096538021482,1,High-Value Customers
14.441080530584035,13.339580570496967,3.4011973816621555,0,Premium Customers
14.001061262112115,12.64556519738928,2.995732273553991,1,High-Value Customers
14.79229385587706,13.955263978563993,2.9444389791664403,0,Premium Customers
13.990338213825861,12.974502306453248,3.258096538021482,1,High-Value Customers
14.74210986542518,13.552431559135021,3.4965075614664802,0,Premium Customers
13.928459117461186,12.87536863440587,3.258096538021482,1,High-Value Customers
13.893080728358317,12.993230798653732,3.5263605246161616,1,High-Value Customers
14.38844933654332,13.187467775903102,3.58351893845611,0,Premium Customers
14.955538629625366,13.810330193013991,3.5263605246161616,0,Premium Customers
13.03728696352918,11.750460638303807,3.091042453358316,2,Low-Value Customers
13.936642371311475,13.207409112117682,3.367295829986474,1,High-Value Customers
14.00673600719654,12.749887656075911,3.6109179126442243,1,High-Value Customers
13.489047046530851,12.355598935041872,3.044522437723423,1,High-Value Customers
13.656723737827342,12.569301843343448,2.9444389791664403,1,High-Value Customers
12.101216502655008,10.98178131085296,3.332204510175204,2,Low-Value Customers
13.558771998502356,11.938947686919834,3.258096538021482,2,Low-Value Customers
13.252156807543647,11.57033664686164,3.258096538021482,2,Low-Value Customers
13.801262646827567,12.806747346204228,2.772588722239781,1,High-Value Customers
14.615287154287687,13.427001367351345,3.2188758248682006,0,Premium Customers
12.949648361681538,11.918304169345697,3.6888794541139363,2,Low-Value Customers
12.915670001960125,10.957234091437376,2.302585092994046,2,Low-Value Customers
14.524250674352619,13.895579329913518,3.4011973816621555,0,Premium Customers
13.619963192471767,12.400043584022105,3.1354942159291497,1,High-Value Customers
13.159803891558612,12.052423206727308,2.8903717578961645,2,Low-Value Customers
14.448335744661327,13.599544983226531,3.1780538303479458,0,Premium Customers
12.858587240714153,11.215208410082436,2.9444389791664403,2,Low-Value Customers
13.65844103579159,12.192768385037695,3.044522437723423,1,High-Value Customers
13.683213877055136,12.266000130285379,3.091042453358316,1,High-Value Customers
12.202321167527785,11.304017110749973,2.772588722239781,2,Low-Value Customers
14.649326000502443,13.909600548185434,3.295836866004329,0,Premium Customers
12.6375477420105,11.456797978365666,2.995732273553991,2,Low-Value Customers
13.19674037908065,11.75265628376873,2.8903717578961645,2,Low-Value Customers
13.522691286003255,12.684505616590679,3.4011973816621555,1,High-Value Customers
13.531086093740486,11.91977501429724,3.5263605246161616,2,Low-Value Customers
14.910055877714342,14.226844961344577,4.007333185232471,0,Premium Customers
13.218632497278621,11.606181992017987,2.995732273553991,2,Low-Value Customers
13.887893450165674,12.715860080564694,3.044522437723423,1,High-Value Customers
13.464368436836601,12.134304104004215,2.9444389791664403,2,Low-Value Customers
13.624827456687408,12.73552296781244,3.295836866004329,1,High-Value Customers
13.246256561360486,11.781946676562388,3.4011973816621555,2,Low-Value Customers
12.221228020469216,10.92283979939008,2.772588722239781,2,Low-Value Customers
14.223807565789942,13.251134392389146,3.828641396489095,0,Premium Customers
14.346319081011767,13.207582247145657,3.8066624897703196,0,Premium Customers
14.197900524337191,12.635092092624784,2.995732273553991,1,High-Value Customers
14.797479323984374,13.440352942632725,3.4965075614664802,0,Premium Customers
13.883506093610466,12.472801103804434,3.295836866004329,1,High-Value Customers
14.053907849193774,13.037919356479385,3.4965075614664802,1,High-Value Customers
12.826659832122782,11.454572255292977,2.772588722239781,2,Low-Value Customers
14.231778418989213,13.025027379014471,3.1780538303479458,1,High-Value Customers
13.724883853547071,12.564742433443955,3.258096538021482,1,High-Value Customers
14.213192932348958,13.174897097146154,3.4965075614664802,0,Premium Customers
14.01964407004139,13.222183716586539,3.8501476017100584,0,Premium Customers
13.924627349974514,13.10102721163888,3.6635616461296463,1,High-Value Customers
14.188507238707505,12.990304522920297,3.258096538021482,1,High-Value Customers
14.87931605086412,13.815459786675435,3.7612001156935624,0,Premium Customers
14.956689024779639,13.979591851335748,3.6635616461296463,0,Premium Customers
13.34382671795467,11.340415853216943,3.091042453358316,2,Low-Value Customers
12.641807144775731,11.248414197340042,3.091042453358316,2,Low-Value Customers
12.731072912688909,11.317579092333984,2.995732273553991,2,Low-Value Customers
13.212503341922867,12.098692591977793,3.258096538021482,2,Low-Value Customers
13.996266865394338,12.715607847059408,3.8712010109078907,1,High-Value Customers
13.539544767706463,12.650211490304175,3.58351893845611,1,High-Value Customers
14.541914660304021,13.721244965388692,3.8501476017100584,0,Premium Customers
14.667546687858666,14.031858664454665,3.58351893845611,0,Premium Customers
13.001612276396568,12.05454654348348,3.6109179126442243,2,Low-Value Customers
13.885225427414625,12.730123962960679,2.772588722239781,1,High-Value Customers
13.686630058862146,12.513837453103099,3.2188758248682006,1,High-Value Customers
13.772522730136071,12.761962844928277,3.4965075614664802,1,High-Value Customers
14.682591364781722,13.726036306952386,2.833213344056216,0,Premium Customers
13.073118761987569,11.618377046481434,2.9444389791664403,2,Low-Value Customers
13.202122426389005,12.379888212075377,2.772588722239781,2,Low-Value Customers
14.156148569967783,13.247250929445471,3.258096538021482,0,Premium Customers
14.304114744269953,13.555792865234174,3.828641396489095,0,Premium Customers
13.064178940912525,11.505121392256413,3.1354942159291497,2,Low-Value Customers
14.050289309051426,12.399895475059438,3.091042453358316,1,High-Value Customers
13.524554184167048,12.138471840383401,2.3978952727983707,2,Low-Value Customers
14.853545504323256,13.680023082027022,2.4849066497880004,0,Premium Customers
14.614956103763612,13.80138591317287,3.4657359027997265,0,Premium Customers
14.239965597207464,13.122854676697065,3.7612001156935624,0,Premium Customers
12.521097668979177,10.939472381713442,2.3978952727983707,2,Low-Value Customers
14.041335383448027,12.54679547841098,2.5649493574615367,1,High-Value Customers
14.53257158453997,13.598486618570309,3.6635616461296463,0,Premium Customers
13.523219775035916,11.834434306301526,3.4011973816621555,2,Low-Value Customers
12.922580747495209,11.538083432680743,3.4657359027997265,2,Low-Value Customers
14.116501527836423,12.520122329417221,3.4339872044851463,1,High-Value Customers
13.369050534135846,11.851349509859539,2.639057329615259,2,Low-Value Customers
12.289223655883415,10.940977699812128,2.70805020110221,2,Low-Value Customers
13.876484671642489,12.393355209486451,2.772588722239781,1,High-Value Customers
13.634885461367645,12.217755731721097,3.091042453358316,1,High-Value Customers
13.78293287097222,12.611391276244381,2.70805020110221,1,High-Value Customers
13.565841174426426,12.435885507468246,2.3978952727983707,1,High-Value Customers
14.547445646492386,13.297314875245238,3.4657359027997265,0,Premium Customers
13.333647021223882,12.510680748602988,3.2188758248682006,1,High-Value Customers
13.832984387479343,12.993743150950728,3.4011973816621555,1,High-Value Customers
13.386358618797876,12.108735963757075,2.772588722239781,2,Low-Value Customers
13.307793447759922,11.696830350970018,3.044522437723423,2,Low-Value Customers
13.37027448093989,12.056192973616469,3.4657359027997265,2,Low-Value Customers
14.362628885521751,13.636057379437247,3.6375861597263857,0,Premium Customers
13.62778192926871,12.362314009781477,3.5263605246161616,1,High-Value Customers
13.8318627097991,12.874312831146494,3.295836866004329,1,High-Value Customers
14.538972749913171,13.534601364366589,3.4965075614664802,0,Premium Customers
14.09579669277091,12.62988392866578,3.332204510175204,1,High-Value Customers
13.873807465696258,13.009166593797914,3.58351893845611,1,High-Value Customers
14.281570966674696,13.588130231680784,3.1354942159291497,0,Premium Customers
14.812426303016126,14.00797593349207,3.332204510175204,0,Premium Customers
14.70807787782141,14.020977050639827,4.0943445622221,0,Premium Customers
13.572009223533405,12.066810175897734,2.5649493574615367,2,Low-Value Customers
12.85560429786877,11.546786649164487,3.4011973816621555,2,Low-Value Customers
13.512868717420577,11.927266069077735,3.2188758248682006,2,Low-Value Customers
14.093511991367782,13.419063767311771,3.970291913552122,0,Premium Customers
13.344383337726528,12.404959405270235,3.295836866004329,1,High-Value Customers
14.409338001678606,13.621515566986915,3.6375861597263857,0,Premium Customers
14.175889523537299,13.217814183683924,3.332204510175204,0,Premium Customers
12.891437698734002,11.79296573810824,3.295836866004329,2,Low-Value Customers
13.134583585581204,11.872490219381632,2.639057329615259,2,Low-Value Customers
14.635700327447957,13.429275839926381,3.1780538303479458,0,Premium Customers
13.744771917079737,12.815937858925793,3.4657359027997265,1,High-Value Customers
14.02445418182674,12.864937184567546,2.4849066497880004,1,High-Value Customers
13.415148760785014,12.777158824848518,4.0943445622221,1,High-Value Customers
13.9886665136741,13.00357326481616,3.258096538021482,1,High-Value Customers
14.173271194325642,13.494470206926914,3.4657359027997265,0,Premium Customers
13.525807204098871,12.358365314609719,2.995732273553991,1,High-Value Customers
14.542604182525558,13.251495123261329,2.8903717578961645,0,Premium Customers
13.637735096004379,12.386997060108657,3.4657359027997265,1,High-Value Customers
14.789315290449908,14.09672163863655,3.4011973816621555,0,Premium Customers
14.278961622219594,13.609816548984607,2.833213344056216,0,Premium Customers
14.639379550470705,13.783162134043787,3.2188758248682006,0,Premium Customers
13.529601140098238,11.587223890415142,2.9444389791664403,2,Low-Value Customers
14.587862579901188,13.881400933684546,2.70805020110221,0,Premium Customers
13.929456436696796,12.684324880049736,3.044522437723423,1,High-Value Customers
14.60927702278668,13.326513498094403,3.332204510175204,0,Premium Customers
14.065332869147491,13.035105657347465,3.58351893845611,1,High-Value Customers
13.542990453087972,11.996864296693767,3.4339872044851463,2,Low-Value Customers
12.86806898773133,11.6743438140515,3.091042453358316,2,Low-Value Customers
13.72796273893352,12.604699962470614,3.4339872044851463,1,High-Value Customers
12.960151318464026,11.494123205139623,3.2188758248682006,2,Low-Value Customers
14.413429385372003,13.196452037943011,3.58351893845611,0,Premium Customers
13.583433584694733,12.634136403059536,3.091042453358316,1,High-Value Customers
13.524800693038255,12.677350212971954,2.639057329615259,1,High-Value Customers
14.356559634887105,13.371107273585524,3.828641396489095,0,Premium Customers
12.766793451279895,11.127371654723973,3.332204510175204,2,Low-Value Customers
13.174617307233868,11.718211719605101,2.302585092994046,2,Low-Value Customers
13.618883479386135,11.861741347227293,2.4849066497880004,2,Low-Value Customers
14.015627254542833,13.09125938477076,3.4657359027997265,1,High-Value Customers
14.197740078505396,13.223304925792144,3.6635616461296463,0,Premium Customers
12.249976558058574,11.092817217487323,2.8903717578961645,2,Low-Value Customers
13.907335954777427,12.919498688007803,4.060443010546419,1,High-Value Customers
13.454169918002401,12.589178198185728,3.2188758248682006,1,High-Value Customers
14.800701182602992,14.116270765081971,3.8712010109078907,0,Premium Customers
14.270475686171032,13.435435321743734,3.9512437185814275,0,Premium Customers
14.453815543706169,13.519095059929672,4.007333185232471,0,Premium Customers
13.979469957486772,12.940630087547445,3.7376696182833684,1,High-Value Customers
13.616009812288336,12.29866559154166,3.1354942159291497,1,High-Value Customers
13.720037961971155,12.221164685606993,2.995732273553991,1,High-Value Customers
14.298703160321903,13.48328340222378,3.58351893845611,0,Premium Customers
13.04700236513903,11.596649511270913,2.4849066497880004,2,Low-Value Customers
14.619527702759477,13.834993379225994,3.044522437723423,0,Premium Customers
13.514861996089392,12.010116762296732,2.8903717578961645,2,Low-Value Customers
13.909253018629782,13.024031811807404,3.1354942159291497,1,High-Value Customers
14.2972364064997,13.684153268834514,3.4339872044851463,0,Premium Customers
12.112548085557444,11.24494405383196,3.4965075614664802,2,Low-Value Customers
13.054875273187015,12.424452830004325,3.4339872044851463,1,High-Value Customers
14.47731414008109,13.57019553861477,3.6375861597263857,0,Premium Customers
13.460645774695715,12.366337651850413,3.4011973816621555,1,High-Value Customers
13.691687079259268,12.034887329980988,3.6109179126442243,1,High-Value Customers
12.982583083860789,11.655465197884384,3.091042453358316,2,Low-Value Customers
13.927339154414662,12.685115887833668,3.332204510175204,1,High-Value Customers
13.248612994637229,12.012747814132293,2.995732273553991,2,Low-Value Customers
13.456634164040294,12.846253817706748,3.6635616461296463,1,High-Value Customers
14.2385984682949,13.019183172030539,3.8918202981106265,0,Premium Customers
13.553858077118708,12.089044662249988,3.332204510175204,1,High-Value Customers
13.305939047469387,12.105374411195177,2.302585092994046,2,Low-Value Customers
14.157158946595583,13.213913095527126,3.4965075614664802,0,Premium Customers
13.332575663130887,11.902876245866011,3.4339872044851463,2,Low-Value Customers
14.163072829336155,13.119141974252363,3.4011973816621555,0,Premium Customers
14.49410971229938,13.774048483636639,3.5553480614894135,0,Premium Customers
13.320786062529038,12.466466893866443,3.4011973816621555,1,High-Value Customers
13.093072476873916,11.954795595122135,3.044522437723423,2,Low-Value Customers
13.54967862307131,12.520619043865727,3.1780538303479458,1,High-Value Customers
13.388334575213529,12.064418063241492,3.332204510175204,2,Low-Value Customers
13.300426530051977,11.697330932246986,3.4339872044851463,2,Low-Value Customers
13.253299898760545,11.839955910695622,2.9444389791664403,2,Low-Value Customers
14.520606926765886,13.466292910570889,3.091042453358316,0,Premium Customers
13.056099870667534,11.572703610980025,3.044522437723423,2,Low-Value Customers
13.705330580669195,12.070970763189152,3.1354942159291497,1,High-Value Customers
13.989572203756682,13.140318691624765,3.5553480614894135,1,High-Value Customers
12.952673906796552,11.569134517197904,3.091042453358316,2,Low-Value Customers
14.602639982466417,13.891120742660101,3.7376696182833684,0,Premium Customers
14.842750750605504,14.123666164956571,2.772588722239781,0,Premium Customers
13.928659736089399,12.779047403746576,3.295836866004329,1,High-Value Customers
14.19586232265393,13.446108828099945,3.6375861597263857,0,Premium Customers
13.863763272971871,12.742447529493324,3.784189633918261,1,High-Value Customers
13.57579155217551,12.44132166905774,3.091042453358316,1,High-Value Customers
13.992074756264117,13.071522675318272,3.295836866004329,1,High-Value Customers
13.698493119163812,12.770914127142099,3.4011973816621555,1,High-Value Customers
13.124409303070372,11.423062134114453,2.5649493574615367,2,Low-Value Customers
13.404601292286824,12.48218470527702,3.1354942159291497,1,High-Value Customers
14.524278230911781,13.404266765373984,3.1354942159291497,0,Premium Customers
13.684003161391425,12.284575090685108,3.2188758248682006,1,High-Value Customers
14.37386047645351,13.529186323233468,3.6635616461296463,0,Premium Customers
14.379727930920632,13.078642602142615,2.9444389791664403,0,Premium Customers
13.696280920233468,12.45023118697088,3.044522437723423,1,High-Value Customers
14.551964175459977,13.950249235277273,3.332204510175204,0,Premium Customers
14.893148487927,14.274910131162581,3.091042453358316,0,Premium Customers
14.347699402431557,13.59532682207162,3.8712010109078907,0,Premium Customers
13.72381294497563,12.358681408643177,2.833213344056216,1,High-Value Customers
14.297905700555026,13.057631237523859,3.1780538303479458,0,Premium Customers
14.230985321898519,13.337785386190394,3.9889840465642745,0,Premium Customers
13.802315373162134,12.222380250777338,3.258096538021482,1,High-Value Customers
13.946881410802682,12.335011270022893,3.091042453358316,1,High-Value Customers
13.736489936948836,12.499418001277332,3.5263605246161616,1,High-Value Customers
13.833490328788203,12.759789411253632,3.2188758248682006,1,High-Value Customers
13.835277057156862,12.815917181424613,3.4011973816621555,1,High-Value Customers
14.11454129996948,13.283081637669909,3.7612001156935624,0,Premium Customers
14.165637803434782,12.831934629624422,3.1780538303479458,1,High-Value Customers
14.687077535008328,13.694568082780965,3.6635616461296463,0,Premium Customers
14.414098737014822,13.375052915343982,3.332204510175204,0,Premium Customers
13.837630468871927,12.670037547055939,3.295836866004329,1,High-Value Customers
14.999377863513093,13.730153292178098,3.4339872044851463,0,Premium Customers
13.308148927639445,12.013842924594023,2.833213344056216,2,Low-Value Customers
14.064447134729065,13.16492145765528,3.4657359027997265,0,Premium Customers
13.847149874046837,12.736352571228226,3.1780538303479458,1,High-Value Customers
13.981727800264832,12.435924009084673,3.6635616461296463,1,High-Value Customers
13.966831678361345,12.908463843206022,3.044522437723423,1,High-Value Customers
14.425626981073064,13.412545347506503,3.8712010109078907,0,Premium Customers
13.075095129532547,11.920581438046792,3.091042453358316,2,Low-Value Customers
14.492030798889939,13.831220350438812,3.2188758248682006,0,Premium Customers
14.9026160837003,14.192122638779818,3.5263605246161616,0,Premium Customers
13.816129256530838,12.614307281619421,3.295836866004329,1,High-Value Customers
13.44714677927841,12.340443210950692,3.091042453358316,1,High-Value Customers
12.566841702140485,11.702772385055761,3.5553480614894135,2,Low-Value Customers
12.730590087099028,11.443916700499841,3.044522437723423,2,Low-Value Customers
14.23261034658885,13.556300820739786,3.9318256327243257,0,Premium Customers
14.203061304479927,12.92310049939088,3.332204510175204,1,High-Value Customers
13.40856456388555,12.559375836493212,2.995732273553991,1,High-Value Customers
13.656785938605884,12.528997457363186,2.9444389791664403,1,High-Value Customers
14.207614353295806,13.214918930341701,3.6375861597263857,0,Premium Customers
12.980411281392682,11.6092631167444,3.58351893845611,2,Low-Value Customers
13.951437233357213,12.287784973995493,3.295836866004329,1,High-Value Customers
14.663180039291861,14.04548577621018,3.8066624897703196,0,Premium Customers
13.579985711270512,12.697060740190924,3.58351893845611,1,High-Value Customers
14.53608772304232,13.816419654610668,3.6375861597263857,0,Premium Customers
13.85960107703366,12.54910978593737,2.70805020110221,1,High-Value Customers
13.985519803373979,13.365588434771482,3.258096538021482,0,Premium Customers
13.427054900451935,11.85568070781892,3.1354942159291497,2,Low-Value Customers
13.771949837388497,12.307151879566721,2.995732273553991,1,High-Value Customers
14.02225399151597,12.800021728117342,3.1354942159291497,1,High-Value Customers
14.401638592543746,13.406443535744879,3.784189633918261,0,Premium Customers
14.332577355026956,13.048276051191324,3.6109179126442243,0,Premium Customers
13.634828089131416,12.701932356614831,3.7612001156935624,1,High-Value Customers
14.322470577901706,13.47599352866284,3.7612001156935624,0,Premium Customers
14.54354446775309,13.849047504846371,3.58351893845611,0,Premium Customers
13.624995449516527,12.6797466245438,3.332204510175204,1,High-Value Customers
14.00800943304912,13.379301206907291,3.367295829986474,0,Premium Customers
14.516677434623663,13.416395048420776,3.4657359027997265,0,Premium Customers
13.095157819510076,12.010715148884168,3.044522437723423,2,Low-Value Customers
14.814646069270301,13.446955466559265,3.1354942159291497,0,Premium Customers
13.565492115245462,12.439349679241115,2.833213344056216,1,High-Value Customers
14.562844315829174,13.829936541294167,2.995732273553991,0,Premium Customers
14.086851061341925,13.188382345888737,2.9444389791664403,1,High-Value Customers
13.84703961215885,12.236990039031635,2.833213344056216,1,High-Value Customers
13.468046760858414,11.863725988236835,2.833213344056216,2,Low-Value Customers
13.62957997245377,12.264655608107471,2.4849066497880004,1,High-Value Customers
13.900755544137136,12.738642715922625,3.091042453358316,1,High-Value Customers
14.255710222481099,13.649485335658849,3.8712010109078907,0,Premium Customers
13.511754549199944,11.730635963948187,2.70805020110221,2,Low-Value Customers
13.000233211654733,11.704871969653052,3.295836866004329,2,Low-Value Customers
14.791777351267388,13.540789013845028,3.970291913552122,0,Premium Customers
14.637484351006938,13.453816941529938,2.833213344056216,0,Premium Customers
12.99813590590656,11.504865571114514,2.70805020110221,2,Low-Value Customers
14.001051036798746,12.63833488188865,3.8066624897703196,1,High-Value Customers
14.608799726320713,13.607450279999117,3.58351893845611,0,Premium Customers
13.868268146250044,12.867357676178859,3.2188758248682006,1,High-Value Customers
13.883761292802602,13.069903065474524,3.6635616461296463,1,High-Value Customers
13.937784277611197,12.940372565908117,3.332204510175204,1,High-Value Customers
13.276549125188128,11.936911267939076,3.5263605246161616,2,Low-Value Customers
12.95696048150565,11.568419110518763,3.1780538303479458,2,Low-Value Customers
13.43029672649412,11.50214395278154,2.70805020110221,2,Low-Value Customers
14.53519312046441,13.351262127743944,3.8501476017100584,0,Premium Customers
12.542171633931506,11.222933125906462,3.332204510175204,2,Low-Value Customers
13.475440711699031,12.668476091411474,3.1780538303479458,1,High-Value Customers
13.733160525462896,12.4610239634144,3.1780538303479458,1,High-Value Customers
13.678893311844725,12.885098538377395,3.8918202981106265,1,High-Value Customers
13.4807377584814,11.558043179658762,3.2188758248682006,2,Low-Value Customers
13.716619304763766,12.364305894604783,3.8066624897703196,1,High-Value Customers
13.506172845648468,12.564956707569698,2.772588722239781,1,High-Value Customers
13.19284364883001,11.865297765801454,3.5263605246161616,2,Low-Value Customers
13.773388593849567,12.67471750832073,3.091042453358316,1,High-Value Customers
14.818897558557987,13.93024033271547,3.258096538021482,0,Premium Customers
13.028777951356748,11.50552887753681,3.4965075614664802,2,Low-Value Customers
13.85867041595085,12.98082207089935,2.833213344056216,1,High-Value Customers
13.09183361072935,12.1354600344015,3.1354942159291497,2,Low-Value Customers
14.738154421889213,13.370190175411391,3.6635616461296463,0,Premium Customers
13.091681340971382,11.639953720461175,2.995732273553991,2,Low-Value Customers
12.209575054927505,11.070754877853648,2.833213344056216,2,Low-Value Customers
13.51010082159009,12.565994632115547,2.833213344056216,1,High-Value Customers
13.08943853479991,11.72241842952048,3.1354942159291497,2,Low-Value Customers
13.645722306143107,12.063125809260526,3.1354942159291497,1,High-Value Customers
13.968533496415917,12.672941146643561,3.1354942159291497,1,High-Value Customers
12.234114569738376,10.744921324142672,3.367295829986474,2,Low-Value Customers
13.79934212039368,12.483858802023269,3.9889840465642745,1,High-Value Customers
14.829252180322117,13.554950444038015,3.5553480614894135,0,Premium Customers
14.6690598857183,13.80038142764843,3.8066624897703196,0,Premium Customers
14.730548377271177,13.996599113257536,3.5553480614894135,0,Premium Customers
13.886930907407784,12.847155945403511,3.367295829986474,1,High-Value Customers
14.06748892134704,13.223571041900184,3.1780538303479458,0,Premium Customers
14.28574484185718,13.033038489948309,3.8066624897703196,0,Premium Customers
13.696798505905756,12.557085122922198,3.332204510175204,1,High-Value Customers
13.853449729139466,12.422497194820357,3.332204510175204,1,High-Value Customers
13.252336961025522,12.388576602354897,3.4339872044851463,1,High-Value Customers
14.365947260988476,13.456963262268463,3.6109179126442243,0,Premium Customers
13.358791812576943,12.232830003115561,2.772588722239781,2,Low-Value Customers
14.315630764691262,13.57665424269928,3.8501476017100584,0,Premium Customers
14.210033767912186,13.609766700192395,3.9318256327243257,0,Premium Customers
14.811761263012638,14.10884324309159,3.5553480614894135,0,Premium Customers
13.610433348062159,12.781343901744714,3.4011973816621555,1,High-Value Customers
14.796149740413735,13.859724074765534,3.4965075614664802,0,Premium Customers
13.899487881030426,12.457876848296417,3.4657359027997265,1,High-Value Customers
13.584041520771047,12.428988530930466,3.4011973816621555,1,High-Value Customers
13.758941317586373,12.73016680169566,3.4965075614664802,1,High-Value Customers
13.467889715945624,12.000413227056285,3.044522437723423,2,Low-Value Customers
14.847277631565225,13.981421468683799,3.5553480614894135,0,Premium Customers
13.813835125210334,12.809047741139727,3.4657359027997265,1,High-Value Customers
13.448742636570259,12.443955044429348,3.713572066704308,1,High-Value Customers
14.07561242668186,13.342497332423514,3.7612001156935624,0,Premium Customers
13.954679576768902,12.246585120154087,3.4011973816621555,1,High-Value Customers
14.954144111053843,13.738842590277926,3.58351893845611,0,Premium Customers
14.106441601787997,12.917023299546493,3.6375861597263857,1,High-Value Customers
14.314686622345667,12.797760136751311,3.1354942159291497,1,High-Value Customers
13.029422616309137,11.285898884446631,2.70805020110221,2,Low-Value Customers
14.175565383662143,13.368436817892734,3.091042453358316,0,Premium Customers
14.163005492256259,13.180048473633866,3.1354942159291497,0,Premium Customers
14.087081601976282,13.280686016779105,3.6888794541139363,0,Premium Customers
14.315729673059513,13.298170427469014,3.8066624897703196,0,Premium Customers
14.028518468776543,12.79554816129828,3.4339872044851463,1,High-Value Customers
12.919322089863355,11.843932365240338,2.4849066497880004,2,Low-Value Customers
13.791995349961006,12.521051947805098,3.258096538021482,1,High-Value Customers
12.189666345180623,10.36992953413831,2.772588722239781,2,Low-Value Customers
13.609129723980736,12.140804951944311,2.772588722239781,1,High-Value Customers
12.863589746888355,11.37193362658294,2.772588722239781,2,Low-Value Customers
13.30948069944415,11.727004699205118,2.70805020110221,2,Low-Value Customers
13.820775125776601,12.506934062627586,3.2188758248682006,1,High-Value Customers
14.01220786176881,12.404891290641732,3.367295829986474,1,High-Value Customers
13.811318684325583,12.864034208975855,3.2188758248682006,1,High-Value Customers
13.84815499279959,12.89451575427275,3.4339872044851463,1,High-Value Customers
13.982752757240469,13.073340850240708,3.258096538021482,1,High-Value Customers
13.87460371121055,12.53609818247954,3.4965075614664802,1,High-Value Customers
12.66270385493719,11.14979789037272,3.4339872044851463,2,Low-Value Customers
14.530690959528817,13.826184785157094,3.6635616461296463,0,Premium Customers
13.692824224517,12.617601730510271,3.912023005428146,1,High-Value Customers
13.795666378204803,12.6439726747815,2.995732273553991,1,High-Value Customers
14.67113397311058,13.322076896737714,3.58351893845611,0,Premium Customers
14.372362192000962,13.059031892838265,3.4011973816621555,0,Premium Customers
13.265546469662493,11.199458877352704,3.295836866004329,2,Low-Value Customers
13.752778063644696,12.830597109301749,3.091042453358316,1,High-Value Customers
13.665988205884783,12.831084497522399,3.713572066704308,1,High-Value Customers
14.142153285718763,13.085555399263642,3.4657359027997265,0,Premium Customers
14.423845753824468,13.628858831503056,3.7376696182833684,0,Premium Customers
13.135191661982883,11.921029089131435,2.639057329615259,2,Low-Value Customers
13.995321131543529,13.395222135380397,3.58351893845611,0,Premium Customers
14.820193274017878,13.85950998868326,3.295836866004329,0,Premium Customers
13.013918933546728,11.693759165454729,3.58351893845611,2,Low-Value Customers
13.838442030413441,13.14397834181718,3.4965075614664802,1,High-Value Customers
13.838518278750579,13.181156789461498,2.9444389791664403,1,High-Value Customers
14.501726543191282,13.676771687072968,3.1780538303479458,0,Premium Customers
14.574068207529734,13.557156231936485,3.5553480614894135,0,Premium Customers
12.72736700041016,10.805249450188567,2.772588722239781,2,Low-Value Customers
13.996034616893125,13.178760742831496,3.4657359027997265,1,High-Value Customers
14.067116839207516,12.727841740485534,3.7612001156935624,1,High-Value Customers
14.614635413200235,13.760216122307705,3.4965075614664802,0,Premium Customers
13.822421015655548,13.019923104794302,3.1780538303479458,1,High-Value Customers
13.122422635648524,11.58408685019745,2.9444389791664403,2,Low-Value Customers
13.646261597231046,11.989641142934197,2.995732273553991,2,Low-Value Customers
13.056945173459267,11.42481530271893,3.091042453358316,2,Low-Value Customers
13.33491202441253,11.565188923596228,3.091042453358316,2,Low-Value Customers
13.276384203086616,11.71508355371435,2.772588722239781,2,Low-Value Customers
13.579649594581364,12.282909141873885,3.6375861597263857,1,High-Value Customers
13.642714445732485,12.526482244509733,2.833213344056216,1,High-Value Customers
13.72343784490449,12.056722740188674,2.995732273553991,1,High-Value Customers
14.734894564726922,13.709004720008526,3.5553480614894135,0,Premium Customers
14.472487957740057,13.838075327814334,3.7376696182833684,0,Premium Customers
13.541999441537653,12.124882383834981,3.332204510175204,1,High-Value Customers
13.114899814179912,11.955350591760837,3.1354942159291497,2,Low-Value Customers
13.396258322704584,11.8810327104079,2.8903717578961645,2,Low-Value Customers
13.599794032883741,12.441205358759358,3.332204510175204,1,High-Value Customers
13.14913838615568,11.866912981007314,2.4849066497880004,2,Low-Value Customers
14.327726287085955,13.429051127319175,3.8712010109078907,0,Premium Customers
14.874568478889266,13.654970340112998,3.5553480614894135,0,Premium Customers
13.629480501176827,12.95657081305334,3.713572066704308,1,High-Value Customers
13.08594214364941,12.011574676200736,2.772588722239781,2,Low-Value Customers
13.006540454471248,11.473262694123841,2.5649493574615367,2,Low-Value Customers
14.960402745259676,13.888408234434133,3.784189633918261,0,Premium Customers
13.837453344465505,12.945150787584865,3.044522437723423,1,High-Value Customers
13.455875938503718,12.299469268378914,2.5649493574615367,1,High-Value Customers
14.994507366650655,13.656931539168086,3.6888794541139363,0,Premium Customers
14.30414639331084,13.36378565036206,3.6109179126442243,0,Premium Customers
13.153839001562556,11.284932423865403,3.258096538021482,2,Low-Value Customers
13.052817524479892,11.234424450659532,3.295836866004329,2,Low-Value Customers
14.42295662095151,13.741158612974678,3.7376696182833684,0,Premium Customers
13.71556413738558,13.109809769564135,3.1354942159291497,1,High-Value Customers
13.12131759076005,11.691337472760381,3.258096538021482,2,Low-Value Customers
13.448094231373386,12.260274189357718,3.2188758248682006,1,High-Value Customers
13.597951944311351,11.99666889436808,2.772588722239781,2,Low-Value Customers
13.329647802949095,12.357168378039782,3.295836866004329,1,High-Value Customers
12.924573756546984,11.760009345980977,3.58351893845611,2,Low-Value Customers
13.048531136464032,11.085809356376163,2.70805020110221,2,Low-Value Customers
14.703976308700016,14.02251559722562,3.332204510175204,0,Premium Customers
13.394716372596996,11.960128244238804,3.258096538021482,2,Low-Value Customers
13.335063513599302,12.436500243645991,3.6375861597263857,1,High-Value Customers
14.782306511978604,13.89261151523761,3.828641396489095,0,Premium Customers
13.577220030720856,12.31459632311226,3.367295829986474,1,High-Value Customers
13.204485705782334,12.079079034958715,3.332204510175204,2,Low-Value Customers
13.055778454480865,12.188182415436216,2.639057329615259,2,Low-Value Customers
14.701203924356737,13.449274336052914,3.1354942159291497,0,Premium Customers
14.510170323989827,13.329994852151447,3.6635616461296463,0,Premium Customers
13.995320028777368,12.524883367465359,3.6375861597263857,1,High-Value Customers
14.122140885487264,13.34511896547053,2.995732273553991,0,Premium Customers
14.583348083208993,13.850468737878339,4.04305126783455,0,Premium Customers
14.621161740123073,13.89981517999565,3.8918202981106265,0,Premium Customers
13.447129752701514,12.105542500381484,2.772588722239781,2,Low-Value Customers
13.780021774889232,12.348642641629553,3.58351893845611,1,High-Value Customers
12.546989774678265,11.768832774251615,3.7612001156935624,2,Low-Value Customers
14.800260272165255,14.00932815632544,3.5553480614894135,0,Premium Customers
13.185850458472471,12.377850015590123,3.4339872044851463,1,High-Value Customers
13.864825384474347,12.552371655159435,3.4011973816621555,1,High-Value Customers
13.832519521908456,12.944678661827282,3.6109179126442243,1,High-Value Customers
13.774601580494446,12.739402244664007,2.772588722239781,1,High-Value Customers
14.39052773330586,13.722456100105164,2.3978952727983707,0,Premium Customers
14.472688046271086,13.272795993792176,3.4965075614664802,0,Premium Customers
13.488672893438789,12.610596010337286,3.6109179126442243,1,High-Value Customers
14.22503946431442,13.459352637488731,3.58351893845611,0,Premium Customers
13.786819168411546,12.29688942694191,3.1354942159291497,1,High-Value Customers
14.097378226986402,13.27102621510535,2.995732273553991,0,Premium Customers
14.065347147000724,12.602234411442863,3.091042453358316,1,High-Value Customers
13.905708236632249,12.444868970494582,3.5263605246161616,1,High-Value Customers
13.367119117769827,12.10623098405371,3.091042453358316,2,Low-Value Customers
13.387202545999278,12.333765835215045,2.4849066497880004,1,High-Value Customers
14.412629111698628,13.550116792188252,3.4965075614664802,0,Premium Customers
14.408176433468391,13.524136866531004,3.784189633918261,0,Premium Customers
13.279640131679653,11.958421598865339,3.4965075614664802,2,Low-Value Customers
13.449399649292008,12.336588847031205,3.2188758248682006,1,High-Value Customers
13.831864037902323,12.300594560189692,2.302585092994046,1,High-Value Customers
13.021507367875097,11.678674621662038,2.4849066497880004,2,Low-Value Customers
13.602016004978434,12.206887713272197,2.995732273553991,1,High-Value Customers
13.414122442615069,12.317711511038429,3.5263605246161616,1,High-Value Customers
13.874560971953729,12.187088888867903,3.713572066704308,1,High-Value Customers
14.257245574753071,13.598143229607427,3.8066624897703196,0,Premium Customers
14.113578648521964,12.894177133058262,3.367295829986474,1,High-Value Customers
13.643215824147395,12.450749130218785,2.8903717578961645,1,High-Value Customers
12.84574982228332,11.790266401714572,2.9444389791664403,2,Low-Value Customers
14.064621140671642,13.168234351548264,3.367295829986474,0,Premium Customers
15.067795011989853,14.30663462840594,3.6635616461296463,0,Premium Customers
13.23684646755815,12.107875798307592,2.772588722239781,2,Low-Value Customers
13.690726736392149,12.846947473634225,3.1354942159291497,1,High-Value Customers
14.142846557410977,13.534890795258999,2.70805020110221,0,Premium Customers
13.286100610468841,11.596334009546512,3.4965075614664802,2,Low-Value Customers
14.078980364940534,13.215936066827892,3.2188758248682006,0,Premium Customers
12.875005972626305,11.931372344074362,3.7376696182833684,2,Low-Value Customers
14.502078165528307,13.215442980411805,3.9512437185814275,0,Premium Customers
14.371092672997028,13.346661174320712,3.7612001156935624,0,Premium Customers
14.161256510447735,12.721081427676326,3.5263605246161616,1,High-Value Customers
14.183191033261993,12.999039346246997,3.784189633918261,0,Premium Customers
13.627544074509004,12.554763783537483,2.70805020110221,1,High-Value Customers
12.557534404402274,11.650146268341306,3.367295829986474,2,Low-Value Customers
13.671459039498533,12.51734160973219,2.4849066497880004,1,High-Value Customers
13.888949607867957,12.683935807571936,2.639057329615259,1,High-Value Customers
12.785308467061748,11.419133881514565,3.295836866004329,2,Low-Value Customers
12.054872998785068,10.342078878493036,3.332204510175204,2,Low-Value Customers
12.76926722195587,11.210975420720743,2.5649493574615367,2,Low-Value Customers
13.719087638294512,12.716584109953285,2.833213344056216,1,High-Value Customers
13.544912505710231,12.048637770298868,3.091042453358316,2,Low-Value Customers
13.589371700195246,12.067817599715884,2.9444389791664403,2,Low-Value Customers
13.010511952410807,11.478410414797995,3.367295829986474,2,Low-Value Customers
12.97111658388174,11.351005062201942,3.091042453358316,2,Low-Value Customers
13.42932296871875,12.011341061909622,2.772588722239781,2,Low-Value Customers
14.130284289820251,13.19477499298705,3.332204510175204,0,Premium Customers
13.364772815917089,12.672949892732605,3.9318256327243257,1,High-Value Customers
13.47993191397022,11.678808056010313,3.1780538303479458,2,Low-Value Customers
14.073433211527338,12.921707424055734,3.2188758248682006,1,High-Value Customers
13.986872122868858,13.089002748369131,3.6635616461296463,1,High-Value Customers
13.91529574632884,12.370118548610167,2.4849066497880004,1,High-Value Customers
14.067743162370219,12.41522396048548,3.4965075614664802,1,High-Value Customers
14.004081041151608,12.756607843706538,3.970291913552122,1,High-Value Customers
13.690920002384159,12.709206543672817,3.4657359027997265,1,High-Value Customers
14.846457711170862,14.117195878183695,3.367295829986474,0,Premium Customers
13.590996392787872,12.750222884576045,3.258096538021482,1,High-Value Customers
13.493854600186314,12.404372409827735,3.4011973816621555,1,High-Value Customers
14.045842125480734,13.418467683069489,3.5263605246161616,0,Premium Customers
13.797373969853755,12.614287170525404,3.4011973816621555,1,High-Value Customers
13.75589503496133,12.37883738944927,3.6109179126442243,1,High-Value Customers
13.172400440063111,11.673343293700903,3.1780538303479458,2,Low-Value Customers
14.0024664595743,12.805749480252834,3.4011973816621555,1,High-Value Customers
13.484547275153785,11.868671197325565,3.258096538021482,2,Low-Value Customers
13.820427659183508,12.851999672558737,2.4849066497880004,1,High-Value Customers
12.76693699654336,11.215530912043302,3.6375861597263857,2,Low-Value Customers
13.444775083577197,12.473857843994695,3.5553480614894135,1,High-Value Customers
14.221306298074321,13.365566213271505,3.258096538021482,0,Premium Customers
13.239752059758112,11.802788532322618,3.1354942159291497,2,Low-Value Customers
13.274942789150474,11.78472126618223,2.8903717578961645,2,Low-Value Customers
14.32750143056407,13.083110713340623,3.2188758248682006,0,Premium Customers
15.157403581037448,14.111365421985882,3.6109179126442243,0,Premium Customers
13.391217429875892,11.803447775125514,3.044522437723423,2,Low-Value Customers
13.187702646607578,11.393444613840488,3.332204510175204,2,Low-Value Customers
13.564964848429103,12.037752213933537,2.9444389791664403,2,Low-Value Customers
13.126892485492613,12.189525086745642,3.295836866004329,2,Low-Value Customers
14.021578051750348,13.035999150967601,2.4849066497880004,1,High-Value Customers
12.78588829277906,11.633454770617194,3.6375861597263857,2,Low-Value Customers
13.871123896011355,12.3010118474398,3.332204510175204,1,High-Value Customers
13.57741542423625,12.06001368096076,2.70805020110221,2,Low-Value Customers
13.267386671951517,12.196688804691235,2.4849066497880004,2,Low-Value Customers
13.709964969626,12.267288010470583,3.258096538021482,1,High-Value Customers
14.210789758739978,12.764378776238836,3.7612001156935624,1,High-Value Customers
14.75213617154053,13.636570154623199,3.784189633918261,0,Premium Customers
14.127451051197829,12.9309051763045,2.995732273553991,1,High-Value Customers
13.934146856155289,12.913313861907671,3.4339872044851463,1,High-Value Customers
12.851557431998883,11.605482950494698,3.367295829986474,2,Low-Value Customers
13.95792110273683,12.479538748213354,3.5553480614894135,1,High-Value Customers
14.453890680758834,13.330957209034132,3.4657359027997265,0,Premium Customers
14.906271102205528,14.035909851244522,3.5553480614894135,0,Premium Customers
13.384519112438761,12.28388462081542,2.9444389791664403,1,High-Value Customers
12.885693455822963,11.267425869163066,3.258096538021482,2,Low-Value Customers
14.759385051709005,14.075447201219335,3.5553480614894135,0,Premium Customers
14.257840972817322,12.797010700692791,3.258096538021482,1,High-Value Customers
13.83313678921604,13.139227554426164,3.8066624897703196,1,High-Value Customers
14.430693807862465,13.157661928155578,3.5263605246161616,0,Premium Customers
14.252983079667334,13.446260318250218,3.7376696182833684,0,Premium Customers
14.47511145132085,13.766230246692375,3.7612001156935624,0,Premium Customers
13.861895059417535,12.877283627348234,2.833213344056216,1,High-Value Customers
13.85340983109245,12.895312828705949,3.6375861597263857,1,High-Value Customers
14.376416324947417,13.71688385256383,3.58351893845611,0,Premium Customers
14.905064076254368,13.67410372099145,3.5263605246161616,0,Premium Customers
13.121132259890057,11.911692054680842,3.4339872044851463,2,Low-Value Customers
13.631376916335856,12.056368606392947,3.1354942159291497,1,High-Value Customers
13.907809517683564,13.27960489281707,3.6635616461296463,0,Premium Customers
13.57213395448439,12.731839983828253,3.258096538021482,1,High-Value Customers
13.446272788291738,12.146068256329718,3.258096538021482,1,High-Value Customers
13.1566791192914,11.862360181605453,2.639057329615259,2,Low-Value Customers
13.082068410647208,11.897002878226102,2.833213344056216,2,Low-Value Customers
13.809577914585129,12.509610375052606,2.833213344056216,1,High-Value Customers
14.623239638229917,13.67416991810174,3.1354942159291497,0,Premium Customers
13.90181754859874,12.882289615452427,2.3978952727983707,1,High-Value Customers
13.206854459450415,11.191466936466258,2.772588722239781,2,Low-Value Customers
13.804237495086687,12.92203800009078,2.70805020110221,1,High-Value Customers
13.973247379890513,13.114995722769912,3.4657359027997265,1,High-Value Customers
14.584121061417886,13.926953153221154,3.8066624897703196,0,Premium Customers
13.260577235158078,11.877804731227457,2.70805020110221,2,Low-Value Customers
13.71627459334073,12.650820067458362,3.044522437723423,1,High-Value Customers
12.99450061909902,11.675047970902563,2.639057329615259,2,Low-Value Customers
13.535850489691402,11.920137246755392,2.8903717578961645,2,Low-Value Customers
14.24524622538321,12.89140373487643,3.6375861597263857,1,High-Value Customers
12.84849821036844,11.672286944966546,2.5649493574615367,2,Low-Value Customers
14.116520547826056,13.339293038429133,3.9512437185814275,0,Premium Customers
13.83534817484439,12.943062461876547,2.995732273553991,1,High-Value Customers
14.289395725533902,12.890286618541623,3.258096538021482,1,High-Value Customers
12.849997858707097,11.54079526884119,3.4011973816621555,2,Low-Value Customers
14.805737579541276,13.850731976898492,2.302585092994046,0,Premium Customers
12.359245304393665,10.858320498204154,3.2188758248682006,2,Low-Value Customers
14.140998314040953,12.652438241077943,3.367295829986474,1,High-Value Customers
13.818168682020227,12.480258641771838,3.091042453358316,1,High-Value Customers
14.410208606359586,13.354733893054727,3.58351893845611,0,Premium Customers
14.433137005046852,13.059445047048547,3.9318256327243257,0,Premium Customers
14.034596086630904,13.126412867142044,3.9889840465642745,0,Premium Customers
13.300135534689018,12.23652260397211,2.302585092994046,2,Low-Value Customers
14.32612271694828,13.195709132001182,3.4657359027997265,0,Premium Customers
13.411792807337449,12.497725959653128,2.639057329615259,1,High-Value Customers
14.31402023890216,13.17737528915611,3.4339872044851463,0,Premium Customers
12.982469685350562,11.817143068862013,3.1354942159291497,2,Low-Value Customers
14.813558087005463,14.077673532943626,3.4339872044851463,0,Premium Customers
14.432939953624675,13.754367141597216,3.784189633918261,0,Premium Customers
13.72628338609515,12.604338702541645,2.995732273553991,1,High-Value Customers
13.482996614952194,12.600570971039746,2.639057329615259,1,High-Value Customers
14.739999325923435,14.081827416016289,3.4339872044851463,0,Premium Customers
13.871865030952582,13.022504367341108,2.772588722239781,1,High-Value Customers
12.844935484028607,11.354609455523075,2.8903717578961645,2,Low-Value Customers
14.086442568099068,12.877250763767332,2.302585092994046,1,High-Value Customers
13.464220475315305,12.841319013210775,4.110873864173311,1,High-Value Customers
14.248824398563581,13.540370162197618,3.4339872044851463,0,Premium Customers
14.67605729312116,13.571810142238569,3.367295829986474,0,Premium Customers
14.410659146175158,13.236265576792116,3.4011973816621555,0,Premium Customers
14.644085034662348,14.003684008976975,3.8712010109078907,0,Premium Customers
14.13945733464594,13.426205067088903,3.713572066704308,0,Premium Customers
14.834500200165229,14.14071090485795,3.8501476017100584,0,Premium Customers
13.132995000877441,12.088570720358536,3.8066624897703196,2,Low-Value Customers
13.972707980325698,13.140245475389639,3.4011973816621555,1,High-Value Customers
13.660604541275273,11.946642372696688,3.2188758248682006,2,Low-Value Customers
12.469276634253621,11.24181085767586,3.258096538021482,2,Low-Value Customers
13.011314156144032,12.190830116165236,3.58351893845611,2,Low-Value Customers
13.185076790294627,11.771947226416298,3.1354942159291497,2,Low-Value Customers
13.467166643003377,12.342796542933934,3.2188758248682006,1,High-Value Customers
14.736698479009112,13.95862646082489,3.4339872044851463,0,Premium Customers
13.85017675156013,13.12797357079859,3.8712010109078907,1,High-Value Customers
13.642445423998259,12.589432284836846,3.295836866004329,1,High-Value Customers
13.476663561832439,12.467594439834699,3.5263605246161616,1,High-Value Customers
14.13554854621178,13.294089247647918,3.6375861597263857,0,Premium Customers
14.001422411921146,12.62991989539829,3.713572066704308,1,High-Value Customers
13.836640157384558,12.15378933492246,3.1354942159291497,1,High-Value Customers
14.66204978065866,13.808342710212074,3.332204510175204,0,Premium Customers
14.645525762772097,13.318182102892477,3.784189633918261,0,Premium Customers
14.30459745043373,13.427570912851161,3.6635616461296463,0,Premium Customers
12.799291805452038,11.733732208073647,3.044522437723423,2,Low-Value Customers
13.393088088050352,12.55621283439002,3.2188758248682006,1,High-Value Customers
14.212102549482266,13.07827104114121,3.4339872044851463,0,Premium Customers
13.334790302255872,11.962878288626099,3.6375861597263857,2,Low-Value Customers
13.09291637911249,11.705708360644367,3.2188758248682006,2,Low-Value Customers
13.916124176913778,12.21937221290898,2.70805020110221,1,High-Value Customers
15.025764824533603,14.382279188929374,3.5263605246161616,0,Premium Customers
14.130899240252443,13.056128399430571,3.044522437723423,1,High-Value Customers
14.336102263927524,13.274002196577936,3.7612001156935624,0,Premium Customers
13.650097668530423,11.941324371568959,3.5263605246161616,1,High-Value Customers
13.053669161315414,11.999808949470284,3.091042453358316,2,Low-Value Customers
13.170665956056594,11.125209553783012,3.4339872044851463,2,Low-Value Customers
14.723758601956838,13.960398159069367,3.6888794541139363,0,Premium Customers
13.055990000614887,11.930352806091188,3.091042453358316,2,Low-Value Customers
13.778249932982465,12.655930963770373,3.7376696182833684,1,High-Value Customers
14.716423296277295,13.495235098505836,3.5553480614894135,0,Premium Customers
13.471639507500102,12.551137714934562,3.4657359027997265,1,High-Value Customers
14.349122664662875,13.326124880486583,3.7612001156935624,0,Premium Customers
13.76210734452533,12.753706565294332,3.6109179126442243,1,High-Value Customers
12.800155862145537,11.642760208398588,3.044522437723423,2,Low-Value Customers
13.993789236662172,12.634555729033885,2.8903717578961645,1,High-Value Customers
13.113032822850146,12.150520558503294,2.833213344056216,2,Low-Value Customers
14.038823846872244,12.70318921819626,3.295836866004329,1,High-Value Customers
14.752128924392217,13.53285603949002,3.784189633918261,0,Premium Customers
14.219861091831941,13.18901954225089,2.3978952727983707,1,High-Value Customers
14.0873159452142,12.653026022148774,2.833213344056216,1,High-Value Customers
13.322311601037457,11.936003877450561,2.9444389791664403,2,Low-Value Customers
13.413804774731231,12.530488458970497,3.295836866004329,1,High-Value Customers
13.450700427229778,12.387059687254874,2.302585092994046,1,High-Value Customers
14.183912909255625,12.98072907325335,3.4339872044851463,1,High-Value Customers
13.234294121761327,11.87696026857513,2.3978952727983707,2,Low-Value Customers
12.120179951672084,10.640021036962967,2.70805020110221,2,Low-Value Customers
14.137927233508032,13.109794924258047,2.833213344056216,1,High-Value Customers
12.815154450827452,12.009820811392613,3.367295829986474,2,Low-Value Customers
12.922030718134838,11.747000726813143,3.258096538021482,2,Low-Value Customers
14.585371508350576,13.384286929387722,4.007333185232471,0,Premium Customers
14.202501246717437,13.118209100332031,3.8501476017100584,0,Premium Customers
13.872424661963004,13.010931020928716,3.5263605246161616,1,High-Value Customers
14.13642258136845,13.234628318564658,3.4339872044851463,0,Premium Customers
13.414339079023867,12.266485244871433,3.295836866004329,1,High-Value Customers
14.478502000451927,13.596493891833024,3.4657359027997265,0,Premium Customers
12.998148021158567,11.93625053029867,3.367295829986474,2,Low-Value Customers
14.027890031903405,13.111775442524909,3.4965075614664802,1,High-Value Customers
14.118882451413185,12.962488924664191,2.833213344056216,1,High-Value Customers
14.488722464830895,13.500481858472762,3.091042453358316,0,Premium Customers
14.098620684983,12.860925909328353,3.091042453358316,1,High-Value Customers
12.809770716607188,11.718769030766257,3.295836866004329,2,Low-Value Customers
13.486695039718548,12.26979575618596,3.044522437723423,1,High-Value Customers
14.22897370300045,13.044280855643823,2.4849066497880004,1,High-Value Customers
14.722495396011109,14.06508924961443,3.332204510175204,0,Premium Customers
13.59818521052826,12.005400338955614,3.6888794541139363,1,High-Value Customers
14.34050432982575,13.396705892257074,3.4011973816621555,0,Premium Customers
14.44870637095877,13.207835154818534,3.8501476017100584,0,Premium Customers
14.628379502520609,13.732457634132789,3.8066624897703196,0,Premium Customers
13.987286184737751,13.181541588967729,3.58351893845611,0,Premium Customers
13.87236999211425,12.512809308215218,3.1354942159291497,1,High-Value Customers
13.361821172792363,12.003750809908261,3.4339872044851463,2,Low-Value Customers
12.646259869670097,11.001747112336057,2.995732273553991,2,Low-Value Customers
14.691443433422751,13.895638634301495,3.784189633918261,0,Premium Customers
12.679190888078258,10.600885187104451,3.1354942159291497,2,Low-Value Customers
13.204554090308108,11.546840783217817,3.295836866004329,2,Low-Value Customers
14.069545917817862,13.221044324330084,3.044522437723423,1,High-Value Customers
13.73316179589,12.302886512412032,3.4965075614664802,1,High-Value Customers
14.135198283761738,13.02702848129456,3.7376696182833684,0,Premium Customers
13.744098483993886,12.423195589304338,2.5649493574615367,1,High-Value Customers
13.645533615912118,12.76835698400102,2.772588722239781,1,High-Value Customers
14.040294075797977,12.583088312161866,3.295836866004329,1,High-Value Customers
13.811161052564898,12.624043726944695,2.772588722239781,1,High-Value Customers
13.52768615538404,12.299426185089116,3.091042453358316,1,High-Value Customers
14.347481677562993,13.182461686624938,3.7376696182833684,0,Premium Customers
13.926396467479556,12.837702629484799,3.6109179126442243,1,High-Value Customers
13.053842301747077,11.12682406431761,2.3978952727983707,2,Low-Value Customers
13.737548735413442,12.672664994218836,3.1780538303479458,1,High-Value Customers
14.03247670031585,12.475916788901646,3.58351893845611,1,High-Value Customers
13.392038712284188,12.494578191334687,3.091042453358316,1,High-Value Customers
12.923559522754454,11.306608917191355,3.091042453358316,2,Low-Value Customers
13.245974074761545,12.056124431294956,3.044522437723423,2,Low-Value Customers
13.315411910578941,12.37804710526966,2.995732273553991,1,High-Value Customers
14.767598661577743,13.890025155291916,3.8501476017100584,0,Premium Customers
14.895451625854399,13.789817653999256,3.6888794541139363,0,Premium Customers
14.697516841418869,13.62649977409332,3.4657359027997265,0,Premium Customers
14.940003033452049,14.342125295055352,3.6888794541139363,0,Premium Customers
13.052436562785374,12.364829173563766,2.8903717578961645,2,Low-Value Customers
13.927025268656546,12.739819851122329,3.4657359027997265,1,High-Value Customers
13.289501192408165,11.61305238924923,3.6635616461296463,2,Low-Value Customers
13.28894160578893,12.385820016950072,3.295836866004329,1,High-Value Customers
13.131195875794731,11.611233057133306,3.332204510175204,2,Low-Value Customers
14.277208004941002,13.152374155159453,3.713572066704308,0,Premium Customers
13.502512168125383,11.98241658790704,3.4011973816621555,2,Low-Value Customers
14.070284945897647,13.312559564419875,3.7612001156935624,0,Premium Customers
13.438458285048554,12.629798408391949,2.639057329615259,1,High-Value Customers
12.975701886792692,11.311025658905463,2.302585092994046,2,Low-Value Customers
13.700093971307432,12.435122281539567,2.8903717578961645,1,High-Value Customers
14.0172474775347,12.899293248394635,3.4011973816621555,1,High-Value Customers
13.745496175627009,12.110516630510848,3.1354942159291497,1,High-Value Customers
14.179485906980373,12.724474874198632,3.4965075614664802,1,High-Value Customers
13.452978465801877,12.369435746115252,3.4965075614664802,1,High-Value Customers
14.30000466627197,13.598842768569764,3.713572066704308,0,Premium Customers
13.446012085776779,12.246913247877302,3.1354942159291497,1,High-Value Customers
14.511843897325198,13.31838630689792,3.5263605246161616,0,Premium Customers
13.830557768718094,12.233360035114579,3.713572066704308,1,High-Value Customers
14.468481030553477,13.786679827913837,2.833213344056216,0,Premium Customers
14.693565843150697,13.774295965554218,3.912023005428146,0,Premium Customers
13.40146934497175,12.165151010629314,3.1354942159291497,2,Low-Value Customers
13.555630366630817,11.574875889874157,3.4657359027997265,2,Low-Value Customers
12.960819337253355,11.72222588068921,3.258096538021482,2,Low-Value Customers
13.394628679811712,12.445886393787461,3.1780538303479458,1,High-Value Customers
13.69840971581098,12.718166964162378,2.995732273553991,1,High-Value Customers
12.647707824721508,11.425547948232348,2.70805020110221,2,Low-Value Customers
14.448565106426157,13.423961934814553,2.4849066497880004,0,Premium Customers
14.692012423956948,13.647592325487459,3.295836866004329,0,Premium Customers
13.03913464808294,12.270831767333629,3.044522437723423,2,Low-Value Customers
13.79975321047953,12.619913512169552,3.4011973816621555,1,High-Value Customers
14.61849191442499,13.302407843594194,3.8712010109078907,0,Premium Customers
14.808338978410543,13.741007870997832,3.5263605246161616,0,Premium Customers
14.666056640020008,13.975049662690752,3.4965075614664802,0,Premium Customers
12.707355289564262,10.789502771392918,3.1780538303479458,2,Low-Value Customers
13.870306631451967,12.247179367511718,2.3978952727983707,1,High-Value Customers
14.305551119162553,13.483649626912104,3.4965075614664802,0,Premium Customers
14.022182953503417,12.626387580486668,3.7612001156935624,1,High-Value Customers
14.043599882753071,12.897703276710212,3.4965075614664802,1,High-Value Customers
13.938837610453001,12.899081466518876,3.295836866004329,1,High-Value Customers
13.309713635724592,11.584604990833709,2.70805020110221,2,Low-Value Customers
13.64262515233101,12.130282258910585,2.3978952727983707,2,Low-Value Customers
14.03512669526228,12.992322616857429,3.1780538303479458,1,High-Value Customers
13.615336244839579,12.908709531069496,3.5263605246161616,1,High-Value Customers
14.222885747371805,13.200691132309714,3.4011973816621555,0,Premium Customers
13.21213471885234,11.517007721212293,2.4849066497880004,2,Low-Value Customers
12.518458257341898,11.004528057366368,3.4657359027997265,2,Low-Value Customers
14.225749194634588,12.90158604937441,3.4965075614664802,1,High-Value Customers
14.176101437608787,12.905487269570111,3.4657359027997265,1,High-Value Customers
14.084858762464593,13.24678488070574,3.4965075614664802,0,Premium Customers
13.83813562001016,12.241564057707611,3.6109179126442243,1,High-Value Customers
13.255227620033775,12.150803986155422,2.833213344056216,2,Low-Value Customers
13.613520167643355,12.638822970004925,3.1780538303479458,1,High-Value Customers
13.525383752920863,11.985803209985432,2.3978952727983707,2,Low-Value Customers
14.51125988001556,13.858248242777597,3.8918202981106265,0,Premium Customers
14.645829250368573,13.987200726287963,3.5553480614894135,0,Premium Customers
14.644244795572098,13.585603636538368,3.6109179126442243,0,Premium Customers
14.2139738169052,13.362441871665004,3.5263605246161616,0,Premium Customers
13.480692153009244,11.612865094136641,3.1354942159291497,2,Low-Value Customers
13.021454162214688,11.99639656189364,3.1780538303479458,2,Low-Value Customers
13.360653446868023,12.468434756149192,2.8903717578961645,1,High-Value Customers
13.529735319681455,12.369904440343012,3.2188758248682006,1,High-Value Customers
12.810486339848456,11.708485093883347,3.4011973816621555,2,Low-Value Customers
13.017466043350229,11.353970295376937,2.772588722239781,2,Low-Value Customers
13.883180888612843,12.692532807686074,3.7376696182833684,1,High-Value Customers
12.225197739430863,10.75000303551736,3.258096538021482,2,Low-Value Customers
12.926383018429824,11.64679162655337,3.091042453358316,2,Low-Value Customers
14.403421676232863,13.72284941835269,3.4011973816621555,0,Premium Customers
12.479729713284119,10.926055919385593,3.091042453358316,2,Low-Value Customers
14.64504607494558,13.30685682393733,3.6635616461296463,0,Premium Customers
13.146397919855499,11.395056150591943,2.70805020110221,2,Low-Value Customers
12.887557661635507,11.086001554865376,2.639057329615259,2,Low-Value Customers
13.560926402804993,12.160503568086396,3.091042453358316,1,High-Value Customers
13.139849244651861,11.976226746076595,2.995732273553991,2,Low-Value Customers
12.520777138850333,11.144137019353288,2.70805020110221,2,Low-Value Customers
14.588674495091798,13.92896105728022,3.7376696182833684,0,Premium Customers
13.602836534380373,12.729168333229442,3.2188758248682006,1,High-Value Customers
13.713283317358268,12.399999186585305,3.2188758248682006,1,High-Value Customers
13.54347688811036,12.227671697504574,3.2188758248682006,1,High-Value Customers
13.533092101680904,12.260663003624726,3.2188758248682006,1,High-Value Customers
13.476466627370993,12.601683358183223,2.995732273553991,1,High-Value Customers
12.659726562426687,11.578335512468348,3.091042453358316,2,Low-Value Customers
13.52756002281294,12.411255708567765,2.995732273553991,1,High-Value Customers
13.968794182007283,12.806293545039875,2.833213344056216,1,High-Value Customers
13.101910312219282,11.459421834852618,2.639057329615259,2,Low-Value Customers
14.530256643703728,13.792036505627694,3.4657359027997265,0,Premium Customers
15.163144945087293,13.84586693526214,3.1354942159291497,0,Premium Customers
14.842946213902131,13.980548035256316,3.6375861597263857,0,Premium Customers
13.999281047880798,12.7177159349165,2.772588722239781,1,High-Value Customers
14.017629578642385,13.007997524024422,4.174387269895637,0,Premium Customers
14.616380184626946,13.236322703101587,3.6635616461296463,0,Premium Customers
13.717904156860518,12.721482774375051,3.4657359027997265,1,High-Value Customers
13.66770688487439,12.764933605797715,3.5553480614894135,1,High-Value Customers
14.24943265118037,13.444776691743657,3.4657359027997265,0,Premium Customers
14.54365210535984,13.49216643334068,4.04305126783455,0,Premium Customers
14.484876810473175,13.64682868826852,3.9512437185814275,0,Premium Customers
13.862860008613731,12.76730763613484,3.2188758248682006,1,High-Value Customers
14.211983746329915,13.247479354540163,3.4011973816621555,0,Premium Customers
13.650297449482258,12.023245841120136,2.5649493574615367,2,Low-Value Customers
12.012788276096309,10.678716207226024,3.6888794541139363,2,Low-Value Customers
13.17853650601016,12.37396569354976,2.5649493574615367,2,Low-Value Customers
14.485302956389477,13.880523541526745,3.044522437723423,0,Premium Customers
13.705704419597552,12.70609237535325,3.4011973816621555,1,High-Value Customers
13.65176199041847,12.731552874116689,2.8903717578961645,1,High-Value Customers
14.263259196828091,13.29923003324183,3.258096538021482,0,Premium Customers
13.902825799615695,12.712600386615794,3.1354942159291497,1,High-Value Customers
13.85921370996134,12.63098835819747,3.1354942159291497,1,High-Value Customers
13.823764053967507,12.561830464037918,3.6375861597263857,1,High-Value Customers
14.530885559913342,13.528952347076768,3.8712010109078907,0,Premium Customers
14.13453563855888,13.288224077960168,2.70805020110221,1,High-Value Customers
14.48583542445966,13.750469702678028,3.1780538303479458,0,Premium Customers
14.463911831560802,13.637055257559675,3.9512437185814275,0,Premium Customers
13.930054165668379,12.977333050430403,3.367295829986474,1,High-Value Customers
13.541048580367763,12.260581711278062,3.2188758248682006,1,High-Value Customers
13.656299410541935,12.650901565526866,3.2188758248682006,1,High-Value Customers
13.888559465936021,13.068636577073159,2.5649493574615367,1,High-Value Customers
13.467446179335253,11.861139990285134,2.9444389791664403,2,Low-Value Customers
13.444923270326294,12.314927633401727,3.6635616461296463,1,High-Value Customers
14.497844642145887,13.827054726893348,3.8501476017100584,0,Premium Customers
14.574013658312971,13.47860191012954,3.6109179126442243,0,Premium Customers
14.206572084065714,12.955135684944928,3.4657359027997265,1,High-Value Customers
13.85354252637888,12.203747694925847,3.4965075614664802,1,High-Value Customers
14.255581175023156,13.529003248541452,3.58351893845611,0,Premium Customers
14.2656390410344,13.551480166277361,2.70805020110221,0,Premium Customers
12.612979713514317,10.992076272669257,2.70805020110221,2,Low-Value Customers
13.020682527908027,11.60680544070193,2.833213344056216,2,Low-Value Customers
13.89130207287855,12.47976021259279,3.4965075614664802,1,High-Value Customers
14.452236307163604,13.556831754833418,2.4849066497880004,0,Premium Customers
13.600520774154258,12.745565460578533,3.4657359027997265,1,High-Value Customers
14.888218350340845,14.251596021172173,3.4657359027997265,0,Premium Customers
14.35812183667444,13.389133261324467,3.044522437723423,0,Premium Customers
13.888528371825604,12.329545949745892,3.295836866004329,1,High-Value Customers
13.650617636305103,12.99328700641785,3.4965075614664802,1,High-Value Customers
13.700519180750863,12.130704171585451,3.4011973816621555,1,High-Value Customers
14.640315491356436,13.608618200260604,3.8066624897703196,0,Premium Customers
14.281482000108836,12.935673372821263,3.6635616461296463,0,Premium Customers
12.873764188094889,11.532800540622354,3.7376696182833684,2,Low-Value Customers
13.688628960646328,12.233720059124932,3.2188758248682006,1,High-Value Customers
14.343744032071026,13.277544971371238,3.4965075614664802,0,Premium Customers
13.690007741327694,12.997404597566758,2.833213344056216,1,High-Value Customers
13.822828645323995,12.614504216001539,3.2188758248682006,1,High-Value Customers
13.522617532046862,12.490923376013516,3.295836866004329,1,High-Value Customers
13.588450246148364,12.71891420592976,4.04305126783455,1,High-Value Customers
13.769203453947808,12.914911022830893,3.1780538303479458,1,High-Value Customers
12.580238984198107,11.057105884800785,3.091042453358316,2,Low-Value Customers
13.812884472819087,13.164446854320985,3.8501476017100584,1,High-Value Customers
13.539514405069436,12.147859622844578,3.295836866004329,1,High-Value Customers
14.244647946919258,12.610800048267297,3.332204510175204,1,High-Value Customers
14.811927368805714,14.085336071799272,3.7376696182833684,0,Premium Customers
14.069708545899177,13.45836234490852,3.7612001156935624,0,Premium Customers
13.648473117708043,12.643644698191737,3.332204510175204,1,High-Value Customers
14.47455312140456,13.203198755447067,3.5553480614894135,0,Premium Customers
13.975228721977505,13.209509082038263,3.6635616461296463,0,Premium Customers
13.555339704211768,12.237527319373795,3.4965075614664802,1,High-Value Customers
14.129101663842135,13.501007462796766,3.58351893845611,0,Premium Customers
13.925712144705377,13.158593990043954,3.8066624897703196,0,Premium Customers
13.242022571973392,12.401942878094626,3.295836866004329,1,High-Value Customers
14.906713572292123,13.99118847792804,3.4657359027997265,0,Premium Customers
12.749108398322717,11.297099325973646,3.4657359027997265,2,Low-Value Customers
12.302715709377042,11.300422600218244,3.9512437185814275,2,Low-Value Customers
14.0955497730471,12.447365968731253,3.5263605246161616,1,High-Value Customers
13.242592184167162,11.663500560006241,2.3978952727983707,2,Low-Value Customers
13.506324809853547,12.570942851386237,3.6635616461296463,1,High-Value Customers
13.271956383942534,11.458174409938934,3.1354942159291497,2,Low-Value Customers
14.230910135413675,12.925711404935788,3.4657359027997265,1,High-Value Customers
14.152737595365979,13.309926390402264,2.995732273553991,0,Premium Customers
14.794846460232625,13.595830576560788,3.713572066704308,0,Premium Customers
14.464852099443366,13.270719466686925,3.044522437723423,0,Premium Customers
12.92011036629635,11.987983113616801,3.4965075614664802,2,Low-Value Customers
14.338522347873525,13.14859577951987,3.8918202981106265,0,Premium Customers
13.545987972743447,11.85680555272689,3.258096538021482,2,Low-Value Customers
13.20813768954466,12.290658570988878,3.044522437723423,2,Low-Value Customers
13.505455765555759,12.188407888360267,3.4339872044851463,1,High-Value Customers
13.305827631071459,11.860252856348449,2.833213344056216,2,Low-Value Customers
13.237351114295288,12.18859983111103,3.6888794541139363,1,High-Value Customers
13.457051079833995,12.636853911621266,3.1780538303479458,1,High-Value Customers
13.396137166532656,12.174698070771035,3.7612001156935624,1,High-Value Customers
13.103909507326064,12.053361695461131,2.3978952727983707,2,Low-Value Customers
13.377892783505816,12.22467818405239,3.044522437723423,1,High-Value Customers
14.89662758651599,13.765672887852007,3.4011973816621555,0,Premium Customers
14.715218516524317,14.067433757572974,3.6375861597263857,0,Premium Customers
14.326316203530702,13.152790792583668,3.6375861597263857,0,Premium Customers
14.818441213181028,14.18032078953164,3.7612001156935624,0,Premium Customers
13.79641584883489,12.498361254083829,3.258096538021482,1,High-Value Customers
14.611287807904025,13.603569189747752,2.70805020110221,0,Premium Customers
13.989195871197364,12.691484364387021,3.4657359027997265,1,High-Value Customers
12.420702659309171,11.053480931737594,3.6635616461296463,2,Low-Value Customers
13.200531707991697,11.599124628870758,3.295836866004329,2,Low-Value Customers
14.410801291230525,13.803657810864307,3.713572066704308,0,Premium Customers
14.449194492362427,13.412989098069428,3.367295829986474,0,Premium Customers
13.536332582955284,12.151367907200186,3.5263605246161616,1,High-Value Customers
13.096588213566742,11.008093509898702,3.1780538303479458,2,Low-Value Customers
14.195447326526224,12.803849271963301,2.772588722239781,1,High-Value Customers
14.110888806233024,13.258577677811015,3.5263605246161616,0,Premium Customers
13.492879447483451,12.266878427406722,3.6109179126442243,1,High-Value Customers
14.377970115693566,13.483384606546947,3.1354942159291497,0,Premium Customers
13.933671291172844,12.792308719999173,3.8066624897703196,1,High-Value Customers
13.122074835780198,11.0770701676141,3.044522437723423,2,Low-Value Customers
13.794351454670378,12.428948280958128,3.8918202981106265,1,High-Value Customers
13.319206221436701,12.259470653453455,2.833213344056216,2,Low-Value Customers
14.270276265027233,13.340755948664631,3.1354942159291497,0,Premium Customers
13.869715919166474,12.220949238247254,3.2188758248682006,1,High-Value Customers
14.443483527378563,13.727515082362954,3.713572066704308,0,Premium Customers
13.606750639446279,12.153445356504136,3.367295829986474,1,High-Value Customers
13.486686523141318,11.847525163772012,2.8903717578961645,2,Low-Value Customers
14.816259780652,14.089767971569058,3.8066624897703196,0,Premium Customers
12.173647899391913,11.355157935554402,3.58351893845611,2,Low-Value Customers
14.857587450441335,13.81770174555835,3.7612001156935624,0,Premium Customers
12.726494814802399,10.99135043951232,3.1354942159291497,2,Low-Value Customers
13.778455231468175,12.769186308760737,3.6888794541139363,1,High-Value Customers
14.629868594707498,13.6706191237111,2.995732273553991,0,Premium Customers
13.433290439536107,12.66678963082136,3.7612001156935624,1,High-Value Customers
14.127916101066898,13.04965525577175,3.7612001156935624,0,Premium Customers
14.112158234010186,13.118196146546488,3.5263605246161616,0,Premium Customers
12.850999148482428,11.29424108177157,3.332204510175204,2,Low-Value Customers
13.407598964650173,12.405196950492071,3.091042453358316,1,High-Value Customers
13.807818731568783,12.951684658958396,3.295836866004329,1,High-Value Customers
13.528822777706806,11.673197968140727,2.833213344056216,2,Low-Value Customers
14.771995110138565,13.64418492777194,3.7612001156935624,0,Premium Customers
14.287154004474466,13.596699246433142,3.6109179126442243,0,Premium Customers
13.895871737997028,12.471295627660151,2.8903717578961645,1,High-Value Customers
14.390469357601543,13.18911398756789,3.332204510175204,0,Premium Customers
13.969942086921153,12.927924622996194,3.7612001156935624,1,High-Value Customers
12.62395118717586,11.358312728411198,3.4011973816621555,2,Low-Value Customers
14.204955024842537,12.912737227968181,3.6888794541139363,1,High-Value Customers
13.338338287297468,12.219071443892897,2.3978952727983707,2,Low-Value Customers
14.796019008274316,13.45582977243522,3.4011973816621555,0,Premium Customers
12.250559611829175,11.214497461259192,2.772588722239781,2,Low-Value Customers
14.407851536219306,13.802831173228794,3.713572066704308,0,Premium Customers
14.253863677623146,13.189364650976097,3.1780538303479458,0,Premium Customers
13.650799238700113,12.346240114364015,2.8903717578961645,1,High-Value Customers
14.246934494559179,13.585152507120199,3.367295829986474,0,Premium Customers
14.060376594428407,12.996899446551511,2.8903717578961645,1,High-Value Customers
12.82728111093467,11.553014262767446,3.091042453358316,2,Low-Value Customers
12.373412916161305,10.598095665414581,3.2188758248682006,2,Low-Value Customers
14.988310805587076,14.064802325378496,3.258096538021482,0,Premium Customers
13.760861322912387,12.589070784132591,3.5263605246161616,1,High-Value Customers
14.476266046436669,13.215600628357265,3.6635616461296463,0,Premium Customers
13.891114715987774,12.988925123299422,3.044522437723423,1,High-Value Customers
14.318239493838972,13.270193777705355,3.6888794541139363,0,Premium Customers
14.255033645734846,12.691001370594282,2.995732273553991,1,High-Value Customers
12.573239446937393,10.721874343714589,3.2188758248682006,2,Low-Value Customers
14.919619157537461,14.098895636547102,3.258096538021482,0,Premium Customers
14.162312805826181,13.245302979534431,2.5649493574615367,1,High-Value Customers
14.385361484847483,13.646310382093867,3.4339872044851463,0,Premium Customers
14.296718193517265,13.155729717880044,3.4011973816621555,0,Premium Customers
12.86971748025488,11.016632561147503,2.8903717578961645,2,Low-Value Customers
12.787588327746201,11.713619541977211,2.772588722239781,2,Low-Value Customers
13.166276774212752,11.846307001723991,3.044522437723423,2,Low-Value Customers
14.12976214880891,13.078255155816533,3.295836866004329,1,High-Value Customers
13.239075546554457,12.123335068288615,3.367295829986474,2,Low-Value Customers
13.730302379688757,12.663646595376724,3.4965075614664802,1,High-Value Customers
13.222336016487727,12.35931376897927,3.044522437723423,1,High-Value Customers
13.510832305257233,12.701326445316589,3.332204510175204,1,High-Value Customers
14.643581294764124,13.313461424555008,3.6888794541139363,0,Premium Customers
14.26805382591587,13.149022503918582,3.258096538021482,0,Premium Customers
14.737366185046753,13.722087297806825,3.713572066704308,0,Premium Customers
14.304088744560415,13.199255823595285,3.6375861597263857,0,Premium Customers
13.660201667670146,12.396395398875,3.091042453358316,1,High-Value Customers
14.598297265982236,13.63338611374236,3.8501476017100584,0,Premium Customers
13.05783223757285,11.23436063717773,2.9444389791664403,2,Low-Value Customers
14.160738239286331,13.216605459722839,3.58351893845611,0,Premium Customers
13.629795393391708,12.347199004491625,2.639057329615259,1,High-Value Customers
14.321470642166686,13.522152085192696,3.5263605246161616,0,Premium Customers
13.253306636198028,11.641987057907281,2.302585092994046,2,Low-Value Customers
13.463453435457241,12.132725307098186,3.6109179126442243,1,High-Value Customers
12.436968509864862,10.963490674351727,3.4657359027997265,2,Low-Value Customers
13.56960338267678,12.740911636617543,3.1780538303479458,1,High-Value Customers
13.565449471065675,12.039056796499652,2.995732273553991,2,Low-Value Customers
14.388315578600878,13.526001350651086,3.8066624897703196,0,Premium Customers
14.921147409849347,14.053639733815183,3.5553480614894135,0,Premium Customers
13.39562390751811,12.327505678501122,3.091042453358316,1,High-Value Customers
12.858401815936926,11.302476618831053,2.8903717578961645,2,Low-Value Customers
14.812693674587985,13.513789424114663,3.58351893845611,0,Premium Customers
14.05341937229308,13.017993038026793,3.091042453358316,1,High-Value Customers
14.670632364165524,13.749299770034341,3.4339872044851463,0,Premium Customers
14.560570441538632,13.933464103527461,3.5553480614894135,0,Premium Customers
13.251788513384701,11.934763862860338,3.1354942159291497,2,Low-Value Customers
13.922991095786198,13.044157525012052,3.1780538303479458,1,High-Value Customers
14.446946113946789,12.741010947903668,3.367295829986474,1,High-Value Customers
13.444626092397385,12.564290089204274,3.367295829986474,1,High-Value Customers
13.746858082107584,12.533901204397976,3.7376696182833684,1,High-Value Customers
14.67183775095851,13.907212380926815,3.6375861597263857,0,Premium Customers
12.68312273381804,11.34438846314689,3.4011973816621555,2,Low-Value Customers
14.3448641204855,13.346622626096687,3.5553480614894135,0,Premium Customers
14.472915870366538,13.18261177787015,3.7376696182833684,0,Premium Customers
13.569450518316758,12.166289642321464,3.4011973816621555,1,High-Value Customers
13.935391569108015,12.817799444860018,2.4849066497880004,1,High-Value Customers
14.939007590357882,13.87468522557557,3.5553480614894135,0,Premium Customers
14.144695923999388,13.420649458104759,3.713572066704308,0,Premium Customers
14.108014068580458,12.936895379752933,3.5263605246161616,1,High-Value Customers
14.142989187354859,13.460714077179809,3.6375861597263857,0,Premium Customers
14.188908844043596,12.582408966593672,3.4011973816621555,1,High-Value Customers
14.219318473687345,13.469429175019831,4.0943445622221,0,Premium Customers
13.299970220716293,11.9543211360289,2.9444389791664403,2,Low-Value Customers
13.130597384731411,12.11521840327397,3.4011973816621555,2,Low-Value Customers
14.13109271551361,13.159820748321565,3.4011973816621555,0,Premium Customers
14.379973192367952,12.741100849645225,3.5263605246161616,1,High-Value Customers
13.965198371143133,13.078416965304251,2.70805020110221,1,High-Value Customers
13.217955917341278,11.813336454920503,3.1780538303479458,2,Low-Value Customers
13.76389859175362,12.623064959382427,3.58351893845611,1,High-Value Customers
14.430481163125558,13.781775692395692,3.58351893845611,0,Premium Customers
14.474286590398485,13.286490158615493,3.4965075614664802,0,Premium Customers
13.353319070322957,11.548143659491183,3.258096538021482,2,Low-Value Customers
14.280994965894946,13.234426655278089,3.1354942159291497,0,Premium Customers
14.702896420136387,13.800950482646275,3.5263605246161616,0,Premium Customers
13.37679310808772,12.530432718005326,3.258096538021482,1,High-Value Customers
14.447105484715236,13.735938011414339,3.091042453358316,0,Premium Customers
13.263476389282605,11.52255623982032,2.302585092994046,2,Low-Value Customers
14.54123947195618,13.861586823793147,3.9318256327243257,0,Premium Customers
14.51058307886641,13.750478752515333,3.7612001156935624,0,Premium Customers
13.160184727289998,11.511568544770274,3.1780538303479458,2,Low-Value Customers
14.117697868938784,13.243313747313152,2.5649493574615367,1,High-Value Customers
14.441453967428002,13.105007043890108,3.713572066704308,0,Premium Customers
13.967624799944522,12.740131505319267,3.4339872044851463,1,High-Value Customers
14.438833753901264,13.662279118839125,3.8066624897703196,0,Premium Customers
13.88113882885883,13.009592136696211,3.4011973816621555,1,High-Value Customers
13.685355265608612,12.856597305344936,3.367295829986474,1,High-Value Customers
13.576923073181659,12.566547605254778,3.295836866004329,1,High-Value Customers
13.399615723861451,11.81864669896135,2.995732273553991,2,Low-Value Customers
13.151875110576977,11.524165656664428,2.9444389791664403,2,Low-Value Customers
13.72413863304386,12.809625124279309,2.995732273553991,1,High-Value Customers
13.76142376539137,12.313607705152569,2.639057329615259,1,High-Value Customers
13.227588099842674,11.24857625179486,2.4849066497880004,2,Low-Value Customers
13.066318157851292,11.132162432822291,2.9444389791664403,2,Low-Value Customers
13.759520006613258,11.693333525530742,3.258096538021482,2,Low-Value Customers
14.088971335466416,13.108211003320555,3.332204510175204,1,High-Value Customers
14.497684658891774,13.702894551441405,3.2188758248682006,0,Premium Customers
13.903187395985588,12.856295962732036,3.4339872044851463,1,High-Value Customers
14.73531335132418,13.934023469418724,3.713572066704308,0,Premium Customers
13.857463333710388,13.20183869952974,2.995732273553991,1,High-Value Customers
14.414796584374956,13.813633777913843,3.58351893845611,0,Premium Customers
13.472502481196054,12.269983391533163,3.4657359027997265,1,High-Value Customers
13.833764093880855,12.864658712123456,3.258096538021482,1,High-Value Customers
14.861534928616276,14.156204911748606,3.091042453358316,0,Premium Customers
13.929117409936486,13.130763199909751,3.367295829986474,1,High-Value Customers
13.41927630412628,11.329128099706477,2.995732273553991,2,Low-Value Customers
13.240290118290176,11.904311594409373,3.258096538021482,2,Low-Value Customers
14.346804311060245,13.201701258284269,3.295836866004329,0,Premium Customers
13.72101061882631,12.803128028402107,2.4849066497880004,1,High-Value Customers
13.38740939659717,11.977098315718026,3.332204510175204,2,Low-Value Customers
13.860341485164852,12.755467520294049,3.2188758248682006,1,High-Value Customers
13.321312378874323,12.25729394732632,2.9444389791664403,2,Low-Value Customers
13.612133407799888,12.706085976560567,3.258096538021482,1,High-Value Customers
13.501617834618125,11.505198488631606,3.258096538021482,2,Low-Value Customers
14.60470212146272,13.92895663816594,3.5263605246161616,0,Premium Customers
14.04140035888069,13.086178759446097,3.4339872044851463,1,High-Value Customers
14.138003987593168,13.319152538540308,2.833213344056216,0,Premium Customers
13.46435947224743,12.602454189367794,3.1780538303479458,1,High-Value Customers
13.873141422959375,12.420317601523454,3.295836866004329,1,High-Value Customers
14.397476560072842,13.443451163624491,3.4011973816621555,0,Premium Customers
14.512353022544522,13.812735691581107,3.5263605246161616,0,Premium Customers
13.928201137939652,13.1738113208331,3.6888794541139363,1,High-Value Customers
14.168312409153192,13.528584866051265,3.9512437185814275,0,Premium Customers
13.483272514481843,11.859084843640915,2.995732273553991,2,Low-Value Customers
13.371998788034766,11.724015058358535,3.258096538021482,2,Low-Value Customers
13.158797538648608,11.42635715344896,2.3978952727983707,2,Low-Value Customers
13.909600611899492,12.767311601130206,3.1354942159291497,1,High-Value Customers
13.840628748276282,12.243388372271559,3.2188758248682006,1,High-Value Customers
14.484471782061952,13.87468610213936,3.58351893845611,0,Premium Customers
13.048389593170082,11.598364539873836,3.2188758248682006,2,Low-Value Customers
14.13979753349238,13.17163936639891,3.4011973816621555,0,Premium Customers
14.040145085221239,13.03245234593162,3.367295829986474,1,High-Value Customers
12.757743210753137,11.79239770377444,3.295836866004329,2,Low-Value Customers
13.114065444589254,12.401908554040986,3.4965075614664802,1,High-Value Customers
14.538680952327494,13.333483512267565,3.6109179126442243,0,Premium Customers
13.73719122276429,13.08533071512088,3.7612001156935624,1,High-Value Customers
14.507515000848157,13.788692969460968,3.332204510175204,0,Premium Customers
14.553157215608872,13.870394810636633,3.5263605246161616,0,Premium Customers
13.877468605667254,13.217736537043564,3.258096538021482,1,High-Value Customers
14.397579921311921,12.813256926528608,2.5649493574615367,1,High-Value Customers
12.829944637969863,11.70520502585524,2.833213344056216,2,Low-Value Customers
14.804489284873092,13.570149260300264,3.828641396489095,0,Premium Customers
14.602663581687594,13.942414661037958,3.8066624897703196,0,Premium Customers
14.71827525609248,14.04440592780965,3.5263605246161616,0,Premium Customers
12.136426274844842,11.296777760554187,2.833213344056216,2,Low-Value Customers
13.843849558297444,12.915445204812164,3.295836866004329,1,High-Value Customers
13.272294653769821,11.920212578883936,3.332204510175204,2,Low-Value Customers
14.504476685089228,13.749882825184347,3.4011973816621555,0,Premium Customers
13.912690597581516,12.972794561455515,3.2188758248682006,1,High-Value Customers
13.462451682448119,12.273715499486732,2.772588722239781,1,High-Value Customers
13.724955257781438,12.820829273689457,3.8501476017100584,1,High-Value Customers
12.960860190688676,12.276557902855195,3.367295829986474,2,Low-Value Customers
14.805437606494468,13.538048522565932,3.5553480614894135,0,Premium Customers
14.510623080972914,13.611551035791107,4.127134385045092,0,Premium Customers
13.951261789921341,12.35617769567956,2.8903717578961645,1,High-Value Customers
14.922809382533353,14.277035525982177,3.9889840465642745,0,Premium Customers
12.758770560062166,11.37939384377425,2.9444389791664403,2,Low-Value Customers
13.715704741913676,12.120291475162345,3.044522437723423,1,High-Value Customers
13.966225728897395,12.983624552465985,3.2188758248682006,1,High-Value Customers
14.645362041515613,13.297810962496131,3.6635616461296463,0,Premium Customers
14.499849212114189,13.617543624042431,3.8918202981106265,0,Premium Customers
13.538985863169033,12.429350587813513,3.4965075614664802,1,High-Value Customers
12.783504074004814,11.686796583842355,3.5263605246161616,2,Low-Value Customers
13.015996422122676,11.436189766442547,2.772588722239781,2,Low-Value Customers
13.326019002618743,11.835587782099148,2.995732273553991,2,Low-Value Customers
13.351101219453366,12.493565450071914,3.332204510175204,1,High-Value Customers
14.154864025564503,13.224726752119025,3.332204510175204,0,Premium Customers
13.785335650268737,12.962831464679747,2.4849066497880004,1,High-Value Customers
14.50183841469889,13.883203832006842,3.4011973816621555,0,Premium Customers
14.664199876966626,14.029505483933557,3.4339872044851463,0,Premium Customers
13.322812155517374,12.014150409347852,3.4657359027997265,2,Low-Value Customers
14.541985918020151,13.508483233604242,3.828641396489095,0,Premium Customers
14.449347398598348,13.689970962827703,3.4965075614664802,0,Premium Customers
14.489474322776992,13.793540739204204,3.6888794541139363,0,Premium Customers
14.649503163285509,13.676880647099594,3.8918202981106265,0,Premium Customers
14.504551183155902,13.508965356749325,3.7612001156935624,0,Premium Customers
13.136681955538178,11.73042423443828,2.772588722239781,2,Low-Value Customers
13.278686518584783,12.146716194245458,2.995732273553991,2,Low-Value Customers
13.872502150668128,12.703832300078552,3.091042453358316,1,High-Value Customers
13.83091933071772,12.773564733815553,3.6375861597263857,1,High-Value Customers
13.567073262478802,12.353513291922864,2.772588722239781,1,High-Value Customers
13.904658645561055,12.501152635782734,2.70805020110221,1,High-Value Customers
14.929661756668045,14.21718757363467,3.713572066704308,0,Premium Customers
14.028844504043002,13.205155827223225,3.5263605246161616,0,Premium Customers
14.913054482801597,14.229423462745675,3.8712010109078907,0,Premium Customers
14.786024000493288,13.647373357852379,3.784189633918261,0,Premium Customers
13.214133498588609,12.063884462211417,3.1354942159291497,2,Low-Value Customers
13.244516671775724,11.899668605658935,2.8903717578961645,2,Low-Value Customers
12.981039507855758,11.813903231648526,3.2188758248682006,2,Low-Value Customers
14.176943594207017,12.827932798252034,3.4965075614664802,1,High-Value Customers
15.001553714512294,14.149946594364724,3.7612001156935624,0,Premium Customers
14.407677260923819,13.794402604300195,3.58351893845611,0,Premium Customers
13.481947786740857,12.262552028881093,3.4657359027997265,1,High-Value Customers
13.46349356320283,12.133187118193922,3.6635616461296463,1,High-Value Customers
13.933041810814917,13.119604033915266,3.4011973816621555,1,High-Value Customers
13.455351709414296,12.117551930062078,3.7612001156935624,1,High-Value Customers
12.96537666984946,11.424136436166167,2.70805020110221,2,Low-Value Customers
14.168800446060681,13.403375485014301,3.4011973816621555,0,Premium Customers
13.986181332206208,13.094372173438328,3.4965075614664802,1,High-Value Customers
14.443148383613341,13.575602158626722,3.5263605246161616,0,Premium Customers
14.143363260044252,13.133991428809852,3.9512437185814275,0,Premium Customers
13.731393678780295,12.588567171668457,2.8903717578961645,1,High-Value Customers
14.90748640408091,14.213842075745035,3.4965075614664802,0,Premium Customers
14.133873281305362,13.305177279643038,3.6888794541139363,0,Premium Customers
13.797453363713196,12.535488688525632,3.044522437723423,1,High-Value Customers
12.766882491722779,11.097156504027364,3.5553480614894135,2,Low-Value Customers
13.45124728102929,12.093223269336203,2.9444389791664403,2,Low-Value Customers
14.829553474610945,13.932237658539607,3.6635616461296463,0,Premium Customers
13.773800669382723,12.710082212669827,2.9444389791664403,1,High-Value Customers
14.705923501504662,13.97451774299914,3.7612001156935624,0,Premium Customers
13.826986180414098,12.836164098404106,3.7376696182833684,1,High-Value Customers
14.42977872224913,13.36195856732616,3.295836866004329,0,Premium Customers
14.415952555268213,13.576222583956662,2.995732273553991,0,Premium Customers
14.534976584178073,13.562083531146268,3.1354942159291497,0,Premium Customers
14.659568531295218,13.93537465337957,2.833213344056216,0,Premium Customers
13.919428385447793,12.965708725253334,3.4339872044851463,1,High-Value Customers
14.841733732293255,13.836697275984424,3.367295829986474,0,Premium Customers
14.56201484403776,13.500014929841795,2.8903717578961645,0,Premium Customers
12.389066018271917,11.2630527255278,3.6635616461296463,2,Low-Value Customers
14.282132864476155,13.271247361074801,3.4657359027997265,0,Premium Customers
13.737482992693417,13.020159784529012,2.9444389791664403,1,High-Value Customers
14.66471018028393,13.783143645368812,3.258096538021482,0,Premium Customers
14.823494182413462,13.69354237302534,3.4965075614664802,0,Premium Customers
14.463097363715315,13.625508654672085,3.8066624897703196,0,Premium Customers
14.46720041722664,13.624320257870398,3.6375861597263857,0,Premium Customers
13.536601212371082,12.421227895152558,3.6375861597263857,1,High-Value Customers
13.87512845202386,12.162051737855311,3.044522437723423,1,High-Value Customers
13.929030251813698,12.852488819150507,2.4849066497880004,1,High-Value Customers
13.722839774885866,12.575685956642342,3.6375861597263857,1,High-Value Customers
13.70590281336309,12.639641517241872,3.6888794541139363,1,High-Value Customers
14.316186647017325,13.309801356292752,3.784189633918261,0,Premium Customers
14.404995879332258,13.694235327939074,3.4339872044851463,0,Premium Customers
12.633771312713058,11.697959921854064,3.332204510175204,2,Low-Value Customers
14.017419244980372,12.952542417560847,2.8903717578961645,1,High-Value Customers
14.705569673689377,13.987526131751665,3.828641396489095,0,Premium Customers
14.247122193573832,13.443567141894253,2.9444389791664403,0,Premium Customers
14.93386592967218,14.113322116012133,3.4011973816621555,0,Premium Customers
13.298139308253855,12.045525007055003,2.772588722239781,2,Low-Value Customers
13.934863303203915,12.827410644307397,3.6888794541139363,1,High-Value Customers
12.528787322276399,10.770845780110974,2.639057329615259,2,Low-Value Customers
13.375280278816831,11.989224921339092,3.2188758248682006,2,Low-Value Customers
13.225765636929578,11.417715810113101,2.8903717578961645,2,Low-Value Customers
13.098391596452396,11.650361487097532,3.4339872044851463,2,Low-Value Customers
13.120459285771878,12.204420231045027,3.4965075614664802,2,Low-Value Customers
13.983877618758454,13.02645839473985,2.8903717578961645,1,High-Value Customers
14.405418022380442,13.369952174130807,2.995732273553991,0,Premium Customers
14.610018946601963,13.675551995260605,3.8918202981106265,0,Premium Customers
13.390447008912478,12.431976184571788,3.4339872044851463,1,High-Value Customers
13.520845158746322,12.711363933070139,3.58351893845611,1,High-Value Customers
14.172450529780017,12.674064471205504,2.70805020110221,1,High-Value Customers
14.660450927366334,13.86534200837839,3.7612001156935624,0,Premium Customers
13.673475926486576,12.111962055929729,2.3978952727983707,2,Low-Value Customers
13.411021343516952,12.3746231907068,3.5263605246161616,1,High-Value Customers
14.197952386037507,12.899562992201894,3.4011973816621555,1,High-Value Customers
13.733182361382854,12.485331164261188,3.4657359027997265,1,High-Value Customers
14.332584808336147,13.486071081410854,3.4011973816621555,0,Premium Customers
13.01514451386498,11.949288866150914,2.5649493574615367,2,Low-Value Customers
13.148956017944178,11.277891249072292,2.8903717578961645,2,Low-Value Customers
14.540407633713084,13.940324657656827,3.5263605246161616,0,Premium Customers
13.531363496658319,11.932028354347752,3.258096538021482,2,Low-Value Customers
13.956503950489012,12.830665304942189,3.2188758248682006,1,High-Value Customers
13.930886681552595,12.415194551426048,3.332204510175204,1,High-Value Customers
13.559371156771624,12.034749365351875,3.1780538303479458,2,Low-Value Customers
12.169373753910326,10.946083304586043,3.295836866004329,2,Low-Value Customers
12.858046624070395,11.214308355668093,2.9444389791664403,2,Low-Value Customers
14.633308311901587,13.631919131226667,3.58351893845611,0,Premium Customers
13.644700564151274,12.127618658504726,2.995732273553991,1,High-Value Customers
14.607544184042101,13.299053071657024,3.091042453358316,0,Premium Customers
14.350653238930489,13.126144958206131,2.995732273553991,0,Premium Customers
14.800447416949831,13.744015469255565,3.4011973816621555,0,Premium Customers
13.697004303348093,12.829891639462758,3.2188758248682006,1,High-Value Customers
13.32564271104571,12.245693951512356,3.367295829986474,1,High-Value Customers
14.521977337508558,13.299859795249235,3.7376696182833684,0,Premium Customers
13.540130820511346,12.34479221874035,3.4339872044851463,1,High-Value Customers
14.088909994943636,13.248502073763099,3.258096538021482,0,Premium Customers
14.44558386693032,13.514123736309312,2.8903717578961645,0,Premium Customers
14.19727517516655,13.562987345111866,4.0943445622221,0,Premium Customers
14.028879929229852,13.38684737825776,3.258096538021482,0,Premium Customers
13.779115365265794,12.768704509104715,2.995732273553991,1,High-Value Customers
14.966243920649156,13.768341368804695,3.58351893845611,0,Premium Customers
13.381777756774314,12.264618637904272,3.1780538303479458,1,High-Value Customers
14.561884356586594,13.810686591324137,3.6109179126442243,0,Premium Customers
13.964780830812813,12.790944455255444,3.258096538021482,1,High-Value Customers
14.989866362935247,14.003673719314271,3.8918202981106265,0,Premium Customers
14.242667044502396,13.366685471753472,3.6888794541139363,0,Premium Customers
13.887478636463557,13.016778925563555,3.332204510175204,1,High-Value Customers
15.02791981216004,14.028984993680599,3.6109179126442243,0,Premium Customers
14.010763673898655,13.169790384325516,3.2188758248682006,1,High-Value Customers
13.764650664381866,12.5707712089696,3.258096538021482,1,High-Value Customers
14.01475776438283,12.854507304524613,3.4339872044851463,1,High-Value Customers
14.45889410518739,13.474044963255105,3.8501476017100584,0,Premium Customers
14.305831191995324,13.55119419539248,3.295836866004329,0,Premium Customers
14.342657267251841,13.311435464677535,3.6375861597263857,0,Premium Customers
13.360302153600571,12.28397287512035,2.5649493574615367,2,Low-Value Customers
13.56764435485852,12.170505984190589,3.332204510175204,1,High-Value Customers
14.491535709611751,13.648995206340219,3.4339872044851463,0,Premium Customers
13.428861193283735,12.22592786948234,2.995732273553991,1,High-Value Customers
13.720562422613947,12.157048196418168,3.295836866004329,1,High-Value Customers
14.159601803228364,12.485552899839094,3.1780538303479458,1,High-Value Customers
13.713595998174748,12.439212308827797,3.6888794541139363,1,High-Value Customers
14.514269637322482,13.453837903391369,3.4011973816621555,0,Premium Customers
14.68294455725337,13.809961158490607,3.1354942159291497,0,Premium Customers
14.833528776430905,13.72899911053449,3.091042453358316,0,Premium Customers
13.42494702778305,11.923858132032606,3.4339872044851463,2,Low-Value Customers
13.95276887322678,12.480102334354822,3.4965075614664802,1,High-Value Customers
14.089492460194945,13.285323522552162,3.8501476017100584,0,Premium Customers
13.224208376870038,11.139227883124397,2.4849066497880004,2,Low-Value Customers
13.39211039905281,12.215398573563677,3.1780538303479458,1,High-Value Customers
14.810699431361344,13.790920177648006,3.367295829986474,0,Premium Customers
12.887405637582933,11.361145722248963,3.295836866004329,2,Low-Value Customers
13.922008493514774,12.3584662540399,3.258096538021482,1,High-Value Customers
14.438593589853287,13.812599093762614,3.4657359027997265,0,Premium Customers
13.70656806802282,12.523648136563304,3.332204510175204,1,High-Value Customers
14.666710624830815,13.846245066850074,4.02535169073515,0,Premium Customers
13.842950875081542,12.685090245350885,3.4011973816621555,1,High-Value Customers
14.317427448545853,13.123540664130276,3.044522437723423,0,Premium Customers
14.260851254491687,13.064250164359246,3.5553480614894135,0,Premium Customers
13.577176690773424,11.884945262136664,2.8903717578961645,2,Low-Value Customers
13.787876664795968,12.4926921286338,3.091042453358316,1,High-Value Customers
14.546168451999526,13.85409686800337,2.995732273553991,0,Premium Customers
13.923697367887092,12.29701411458093,2.8903717578961645,1,High-Value Customers
13.702642072349146,12.501948494620438,3.4657359027997265,1,High-Value Customers
13.299171948915841,12.149267610421077,3.332204510175204,2,Low-Value Customers
14.854786206885823,13.989302070487067,4.174387269895637,0,Premium Customers
13.429172584352507,12.33245539739996,3.332204510175204,1,High-Value Customers
14.244924320693881,12.650660192732113,3.4339872044851463,1,High-Value Customers
12.898613617382745,11.749421000493573,3.4657359027997265,2,Low-Value Customers
13.96334213136987,12.412665913339728,3.4965075614664802,1,High-Value Customers
13.86059066743167,12.356991379671536,3.258096538021482,1,High-Value Customers
13.872046985077244,12.927823414979063,3.4657359027997265,1,High-Value Customers
13.921516785105563,13.271057896564312,3.2188758248682006,1,High-Value Customers
13.016164732836796,11.66190720883547,2.833213344056216,2,Low-Value Customers
13.299796923983841,11.98154582544069,2.833213344056216,2,Low-Value Customers
14.51275683573423,13.252687830791752,3.6635616461296463,0,Premium Customers
14.12319216479535,12.894526027432423,3.044522437723423,1,High-Value Customers
13.930560377341344,12.806060900677874,3.367295829986474,1,High-Value Customers
13.950125459630812,12.908462431317052,3.091042453358316,1,High-Value Customers
13.813061732036061,12.975260258410776,3.332204510175204,1,High-Value Customers
13.587024799940258,12.119123048450309,3.4011973816621555,1,High-Value Customers
14.580429919483288,13.944138063666115,3.7376696182833684,0,Premium Customers
13.141455222743087,11.733038910146165,2.833213344056216,2,Low-Value Customers
13.072640028953856,11.716928764768978,3.4965075614664802,2,Low-Value Customers
13.676550387584031,12.648449874554844,2.70805020110221,1,High-Value Customers
14.248482104756308,13.050564601618618,2.995732273553991,1,High-Value Customers
13.742560674966365,12.7571108653709,3.2188758248682006,1,High-Value Customers
13.533006867850405,11.884984140190483,3.4965075614664802,2,Low-Value Customers
13.107391191518419,11.869066916627256,2.5649493574615367,2,Low-Value Customers
14.618968629330782,13.637254398233843,2.8903717578961645,0,Premium Customers
14.260135505578084,13.499697205476114,3.332204510175204,0,Premium Customers
13.957712234808954,12.750391602662088,3.6375861597263857,1,High-Value Customers
14.071061162080182,12.77774218000821,3.4011973816621555,1,High-Value Customers
13.09601492566867,11.764485651938884,3.332204510175204,2,Low-Value Customers
13.55471182840726,12.292144464606803,2.772588722239781,1,High-Value Customers
14.168764167808561,12.983067033621321,3.784189633918261,0,Premium Customers
14.810861378284395,13.514024162764095,3.332204510175204,0,Premium Customers
12.435407630302038,10.746708327178771,3.6888794541139363,2,Low-Value Customers
